-- --------------------------------------------------------
-- Host:                         silpodb.mysql.database.azure.com
-- Server version:               8.0.15 - Source distribution
-- Server OS:                    Win64
-- HeidiSQL Version:             10.2.0.5599
-- --------------------------------------------------------

/*!40101 SET @OLD_CHARACTER_SET_CLIENT=@@CHARACTER_SET_CLIENT */;
/*!40101 SET NAMES utf8 */;
/*!50503 SET NAMES utf8mb4 */;
/*!40014 SET @OLD_FOREIGN_KEY_CHECKS=@@FOREIGN_KEY_CHECKS, FOREIGN_KEY_CHECKS=0 */;
/*!40101 SET @OLD_SQL_MODE=@@SQL_MODE, SQL_MODE='NO_AUTO_VALUE_ON_ZERO' */;


-- Dumping database structure for smlpob
DROP DATABASE IF EXISTS `smlpob`;
CREATE DATABASE IF NOT EXISTS `smlpob` /*!40100 DEFAULT CHARACTER SET latin1 */;
USE `smlpob`;

-- Dumping structure for table smlpob.accounttbl
DROP TABLE IF EXISTS `accounttbl`;
CREATE TABLE IF NOT EXISTS `accounttbl` (
  `accountNo` int(11) NOT NULL AUTO_INCREMENT,
  `username` varchar(255) DEFAULT NULL,
  `password` varchar(255) DEFAULT NULL,
  `roleName` varchar(255) DEFAULT NULL,
  `isEmailVerified` char(1) DEFAULT NULL,
  `creaBy` varchar(255) DEFAULT NULL,
  `creaDate` datetime DEFAULT NULL,
  `modBy` varchar(255) DEFAULT NULL,
  `modDate` datetime DEFAULT NULL,
  PRIMARY KEY (`accountNo`),
  KEY `AccountTbltoRoleTbl` (`roleName`),
  CONSTRAINT `AccountTbltoRoleTbl` FOREIGN KEY (`roleName`) REFERENCES `roletbl` (`roleName`)
) ENGINE=InnoDB AUTO_INCREMENT=1382 DEFAULT CHARSET=latin1;

-- Dumping data for table smlpob.accounttbl: ~106 rows (approximately)
DELETE FROM `accounttbl`;
/*!40000 ALTER TABLE `accounttbl` DISABLE KEYS */;
INSERT INTO `accounttbl` (`accountNo`, `username`, `password`, `roleName`, `isEmailVerified`, `creaBy`, `creaDate`, `modBy`, `modDate`) VALUES
	(1161, 'manager1@gmail.com', 'zpzUuvOKbDu1sxHlYL9fSA==', 'manajer teknis', '1', '', '2019-09-02 09:58:05', NULL, NULL),
	(1162, 'analis1@gmail.com', 'zpzUuvOKbDu1sxHlYL9fSA==', 'analis', '1', '', '2019-09-02 09:59:35', NULL, NULL),
	(1163, 'evaluator1@gmail.com', 'zpzUuvOKbDu1sxHlYL9fSA==', 'evaluator', '1', '', '2019-09-02 10:04:32', NULL, NULL),
	(1164, 'kasir1@gmail.com', 'zpzUuvOKbDu1sxHlYL9fSA==', 'kasir', '1', '', '2019-09-02 10:06:52', NULL, NULL),
	(1165, 'cs1@gmail.com', 'zpzUuvOKbDu1sxHlYL9fSA==', 'cs', '1', '', '2019-09-02 10:07:53', NULL, NULL),
	(1166, 'penyelia1@gmail.com', 'zpzUuvOKbDu1sxHlYL9fSA==', 'penyelia', '1', '', '2019-09-02 10:44:53', NULL, NULL),
	(1187, 'administrator@pertanian.go.id', 'zpzUuvOKbDu1sxHlYL9fSA==', 'admin', '1', '', '2019-12-10 05:44:55', NULL, NULL),
	(1202, 'erny_yuniarti@yahoo.com', 'zpzUuvOKbDu1sxHlYL9fSA==', 'manajer teknis', '1', '', '2019-12-10 11:36:08', NULL, NULL),
	(1203, 'elsantianti21@gmail.com', 'zpzUuvOKbDu1sxHlYL9fSA==', 'penyelia', '1', '', '2019-12-10 11:43:21', NULL, NULL),
	(1204, 'eepsyaiful64@gmail.com', 'zpzUuvOKbDu1sxHlYL9fSA==', 'analis', '1', '', '2019-12-10 11:57:59', NULL, NULL),
	(1205, 'Jjumena17@gmail.com', 'zpzUuvOKbDu1sxHlYL9fSA==', 'analis', '1', '', '2019-12-10 12:00:36', NULL, NULL),
	(1206, 'aramadh3@gmail.com', 'zpzUuvOKbDu1sxHlYL9fSA==', 'analis', '1', '', '2019-12-10 12:01:41', NULL, NULL),
	(1207, 'ratri.ariani@gmail.com', 'zpzUuvOKbDu1sxHlYL9fSA==', 'manajer teknis', '1', '', '2019-12-10 12:03:50', NULL, NULL),
	(1208, 'arifbudiyantobudiyanto@yahoo.co.id', 'zpzUuvOKbDu1sxHlYL9fSA==', 'penyelia', '1', '', '2019-12-10 12:31:48', NULL, NULL),
	(1209, 'atinkurdiana@gmail.com', 'zpzUuvOKbDu1sxHlYL9fSA==', 'analis', '1', '', '2019-12-10 12:33:36', NULL, NULL),
	(1210, 'gatiyogasuripto@gmail.com', 'zpzUuvOKbDu1sxHlYL9fSA==', 'analis', '1', '', '2019-12-10 12:34:24', NULL, NULL),
	(1211, 'musrahman36153@gmail.com', 'zpzUuvOKbDu1sxHlYL9fSA==', 'analis', '1', '', '2019-12-10 12:35:40', NULL, NULL),
	(1212, 'jamaldul4634@gmail.com', 'zpzUuvOKbDu1sxHlYL9fSA==', 'analis', '1', '', '2019-12-10 12:36:24', NULL, NULL),
	(1213, 'leanfa.la3ll@gmail.com', 'zpzUuvOKbDu1sxHlYL9fSA==', 'analis', '1', '', '2019-12-10 12:37:55', '', '2020-03-17 10:18:23'),
	(1214, 'firman_geo11@yahoo.co.id', 'zpzUuvOKbDu1sxHlYL9fSA==', 'analis', '1', '', '2019-12-10 12:38:42', NULL, NULL),
	(1217, 'land_nn@yahoo.com', 'zpzUuvOKbDu1sxHlYL9fSA==', 'manajer teknis', '1', '', '2019-12-12 13:59:02', NULL, NULL),
	(1219, 'hestiekatantika@gmail.com', 'zpzUuvOKbDu1sxHlYL9fSA==', 'penyelia', '1', '', '2019-12-12 14:02:16', NULL, NULL),
	(1220, 'pujiningrum@gmail.com', 'zpzUuvOKbDu1sxHlYL9fSA==', 'penyelia', '1', '', '2019-12-12 14:03:41', NULL, NULL),
	(1221, 'iindwisurhati85@gmail.com', 'zpzUuvOKbDu1sxHlYL9fSA==', 'penyelia', '1', '', '2019-12-12 14:04:53', NULL, NULL),
	(1222, 'usman_randika@yahoo.com', 'zpzUuvOKbDu1sxHlYL9fSA==', 'penyelia', '1', '', '2019-12-12 14:07:22', NULL, NULL),
	(1223, 'margi.hastuti@gmail.com', 'zpzUuvOKbDu1sxHlYL9fSA==', 'analis', '1', '', '2019-12-12 14:10:14', NULL, NULL),
	(1224, 'ekaindrasetiaman2425@gmail.com', 'zpzUuvOKbDu1sxHlYL9fSA==', 'analis', '1', '', '2019-12-12 14:23:42', NULL, NULL),
	(1225, 'fajarachmad.2009@gmail.com', 'zpzUuvOKbDu1sxHlYL9fSA==', 'analis', '1', '', '2019-12-12 14:27:17', NULL, NULL),
	(1226, 'analis_iindwisurhati85@gmail.com', 'zpzUuvOKbDu1sxHlYL9fSA==', 'analis', '1', '', '2019-12-12 14:32:16', NULL, NULL),
	(1227, 'awp1146@gmail.com', 'zpzUuvOKbDu1sxHlYL9fSA==', 'analis', '1', '', '2019-12-12 14:45:42', NULL, NULL),
	(1228, 'yadialamtirta@gmail.com', 'zpzUuvOKbDu1sxHlYL9fSA==', 'analis', '1', '', '2019-12-12 14:52:36', NULL, NULL),
	(1229, 'lintang.candra27@gmail.com', 'zpzUuvOKbDu1sxHlYL9fSA==', 'analis', '1', '', '2019-12-12 15:00:17', NULL, NULL),
	(1230, 'audilanandisya@gmail.com', 'zpzUuvOKbDu1sxHlYL9fSA==', 'analis', '1', '', '2019-12-12 15:07:22', NULL, NULL),
	(1231, 'analis_pujiningrum@gmail.com', 'zpzUuvOKbDu1sxHlYL9fSA==', 'analis', '1', '', '2019-12-12 15:34:34', NULL, NULL),
	(1232, 'zulfikarp24@gmail.com', 'zpzUuvOKbDu1sxHlYL9fSA==', 'analis', '1', '', '2019-12-12 15:35:38', NULL, NULL),
	(1234, 'firnas.muldiansyah@gmail.com', 'zpzUuvOKbDu1sxHlYL9fSA==', 'analis', '1', '', '2019-12-12 15:36:45', NULL, NULL),
	(1235, 'marisyakurniasari@gmail.com', 'zpzUuvOKbDu1sxHlYL9fSA==', 'analis', '1', '', '2019-12-12 15:37:39', NULL, NULL),
	(1236, 'debbynuksm@gmail.com', 'zpzUuvOKbDu1sxHlYL9fSA==', 'analis', '1', '', '2019-12-12 15:38:21', NULL, NULL),
	(1237, 'sunarya.sr@gmail.com', 'zpzUuvOKbDu1sxHlYL9fSA==', 'analis', '1', '', '2019-12-12 15:39:23', NULL, NULL),
	(1238, 'ramafadli20@gmail.com', 'zpzUuvOKbDu1sxHlYL9fSA==', 'analis', '1', '', '2019-12-12 15:42:31', NULL, NULL),
	(1239, 'rini.prihatini.rp@gmail.com', 'zpzUuvOKbDu1sxHlYL9fSA==', 'analis', '1', '', '2019-12-12 15:43:52', NULL, NULL),
	(1241, 'anggrainirenyta@gmail.com', 'zpzUuvOKbDu1sxHlYL9fSA==', 'analis', '1', '', '2019-12-12 15:44:35', NULL, NULL),
	(1243, 'novie.ekaps@gmail.com', 'zpzUuvOKbDu1sxHlYL9fSA==', 'analis', '1', '', '2019-12-12 16:08:25', NULL, NULL),
	(1244, 'marig.hastuti@gmail.com', 'zpzUuvOKbDu1sxHlYL9fSA==', 'analis', '1', '', '2019-12-12 16:09:28', NULL, NULL),
	(1245, 'ikhwan.labkim@gmail.com', 'zpzUuvOKbDu1sxHlYL9fSA==', 'analis', '1', '', '2019-12-12 16:12:54', NULL, NULL),
	(1246, 'roni.labkim@gmail.com', 'zpzUuvOKbDu1sxHlYL9fSA==', 'analis', '1', '', '2019-12-12 16:13:46', NULL, NULL),
	(1247, 'prayudi.labkim@gmail.com', 'zpzUuvOKbDu1sxHlYL9fSA==', 'analis', '1', '', '2019-12-12 16:15:23', NULL, NULL),
	(1251, 'midahpratama@gmail.com', 'zpzUuvOKbDu1sxHlYL9fSA==', 'cs', '1', '', '2019-12-12 16:30:34', NULL, NULL),
	(1252, 'didik.suristyo@gmail.com', 'zpzUuvOKbDu1sxHlYL9fSA==', 'cs', '1', '', '2019-12-12 16:36:34', NULL, NULL),
	(1253, 'ikamurdikas@gmail.com', 'zpzUuvOKbDu1sxHlYL9fSA==', 'cs', '1', '', '2019-12-12 16:38:27', NULL, NULL),
	(1256, 'auliarisma102@gmail.com', 'zpzUuvOKbDu1sxHlYL9fSA==', 'kasir', '1', '', '2019-12-12 16:42:00', NULL, NULL),
	(1257, 'idede1465@gmail.com', 'zpzUuvOKbDu1sxHlYL9fSA==', 'analis', '1', '', '2019-12-12 16:45:54', NULL, NULL),
	(1259, 'dedisu931@gmail.com', 'zpzUuvOKbDu1sxHlYL9fSA==', 'analis', '1', '', '2019-12-12 16:47:38', NULL, NULL),
	(1260, 'supriadiadi320@gmail.com', 'zpzUuvOKbDu1sxHlYL9fSA==', 'analis', '1', '', '2019-12-12 16:49:30', NULL, NULL),
	(1261, 'andiandi666666666@gmail.com', 'zpzUuvOKbDu1sxHlYL9fSA==', 'analis', '1', '', '2019-12-12 16:51:32', NULL, NULL),
	(1267, 'kustomer1@outlook.co.id', 'zpzUuvOKbDu1sxHlYL9fSA==', 'pelanggan', '1', 'anonymous', '2019-12-13 10:04:14', NULL, NULL),
	(1268, 'markusandas@yahoo.com', 'zpzUuvOKbDu1sxHlYL9fSA==', 'manajer teknis', '1', '', '2019-12-13 11:27:31', NULL, NULL),
	(1269, 'tentremtiti42@gmail.com', 'zpzUuvOKbDu1sxHlYL9fSA==', 'penyelia', '1', '', '2019-12-13 11:32:34', NULL, NULL),
	(1270, 'yacehidayat@pertanian.go.id', 'zpzUuvOKbDu1sxHlYL9fSA==', 'analis', '1', '', '2019-12-13 11:34:13', NULL, NULL),
	(1271, 'antoniusfrasisco@pertanian.go.id', 'zpzUuvOKbDu1sxHlYL9fSA==', 'analis', '1', '', '2019-12-13 11:36:15', NULL, NULL),
	(1272, 'a.abubakar@pertanian.go.id', 'zpzUuvOKbDu1sxHlYL9fSA==', 'analis', '1', '', '2019-12-13 11:37:02', NULL, NULL),
	(1273, 'sukristyohastono@yahoo.co.uk', 'UM0Swg00mdmMtfFg0EmGDg==', 'pelanggan', '0', 'anonymous', '2019-12-16 13:58:42', NULL, NULL),
	(1276, 'husnainuut@yahoo.com', 'zpzUuvOKbDu1sxHlYL9fSA==', 'pimpinan', '1', '', '2019-12-19 09:36:13', NULL, NULL),
	(1284, 'silpo.board.kimia@outlook.com', 'zpzUuvOKbDu1sxHlYL9fSA==', 'BoardTugas', '1', 'registration system', '2019-12-30 14:35:18', NULL, NULL),
	(1285, 'silpo.board.fisika@outlook.com', 'zpzUuvOKbDu1sxHlYL9fSA==', 'BoardTugas', '1', 'registration system', '2019-12-30 14:35:18', NULL, NULL),
	(1286, 'silpo.board.mineral@outlook.com', 'zpzUuvOKbDu1sxHlYL9fSA==', 'BoardTugas', '1', 'registration system', '2019-12-30 14:35:18', NULL, NULL),
	(1287, 'silpo.board.biologi@outlook.com', 'zpzUuvOKbDu1sxHlYL9fSA==', 'BoardTugas', '1', 'registration system', '2019-12-30 14:35:18', NULL, NULL),
	(1289, 'midahpratama15@gmail.com', 'FLbSrEpZm2juhaOlCB2Pgw==', 'pelanggan', '0', 'registration system', '2020-01-06 14:59:57', NULL, NULL),
	(1291, 'ayu.greenlife@gmail.com', 'sZbtUAVO9auMtfFg0EmGDg==', 'pelanggan', '1', 'registration system', '2020-01-08 08:08:14', NULL, NULL),
	(1292, 'adisty0213@gmail.com', 'JtLW1AbivFgXNb0ZXKaKeQ==', 'pelanggan', '0', 'registration system', '2020-01-08 10:05:22', NULL, NULL),
	(1310, 'silpo.pertanian@outlook.co.id', 'zpzUuvOKbDu1sxHlYL9fSA==', 'pelanggan', '0', 'registration system', '2020-01-09 07:07:18', NULL, NULL),
	(1317, 'mochiskandar201166@gmail.com', 'vrBM9lSa2m4=', 'pelanggan', '0', 'registration system', '2020-01-09 07:58:37', NULL, NULL),
	(1326, 'didik.sukristyo@gmail.com', 'b9PJ18T3re4=', 'pelanggan', '0', 'registration system', '2020-01-09 10:59:28', NULL, NULL),
	(1327, 'Wanfokal81@gmail.com', 'HT6xlFlbyuWMtfFg0EmGDg==', 'pelanggan', '0', 'registration system', '2020-01-09 11:10:06', NULL, NULL),
	(1328, 'geanina.adelia@gmail.com', 'WjVAudUc/HEQ3LJzSf/rfw==', 'pelanggan', '1', 'registration system', '2020-01-09 13:44:01', NULL, NULL),
	(1329, 'gintravers10@gmail.com', 'YvMbN7v6BmQQ3LJzSf/rfw==', 'pelanggan', '1', 'registration system', '2020-01-09 14:16:10', NULL, NULL),
	(1331, 'silpo.board.test@outlook.com', 'zpzUuvOKbDu1sxHlYL9fSA==', 'BoardTugas', '1', '', '2020-01-13 10:56:24', NULL, NULL),
	(1339, 'galihyprtm@gmail.com', 'zpzUuvOKbDu1sxHlYL9fSA==', 'pelanggan', '1', 'registration system', '2020-01-23 13:02:12', NULL, NULL),
	(1340, 'mifmasterz@yahoo.com', 'zpzUuvOKbDu1sxHlYL9fSA==', 'pelanggan', '1', 'registration system', '2020-01-28 10:55:08', NULL, NULL),
	(1341, 'purnomo0204@gmail.com', '/70YGljXgXCMtfFg0EmGDg==', 'pelanggan', '0', 'registration system', '2020-01-29 11:14:07', NULL, NULL),
	(1342, 'nay2706@gmail.com', '4E56OGVXelQ=', 'pelanggan', '0', 'registration system', '2020-01-30 07:44:30', NULL, NULL),
	(1343, 'ijangisyapudin@gmail.com', 'xQqiUTbVVcQ=', 'pelanggan', '0', 'registration system', '2020-01-31 08:13:10', NULL, NULL),
	(1344, 'pt.inovasi.natural.bio.organik@gmail.com', 'cnMa28nOOandZxav0GIvLQ==', 'pelanggan', '1', 'registration system', '2020-01-31 09:58:17', NULL, NULL),
	(1345, 'budhiallen@gmail.com', 'EHH0MbrZdXs/cQ1tlJzs8w==', 'pelanggan', '1', 'registration system', '2020-01-31 14:27:37', NULL, NULL),
	(1346, 'Zuhriansyahsiregar@gmail.com', 'RQbCDPGWaO+TiWSgvnhdsA==', 'pelanggan', '1', 'registration system', '2020-02-06 14:43:35', NULL, NULL),
	(1347, 'pipihnur@gmail.com', 'aDuMrf2xidw=', 'pelanggan', '1', 'registration system', '2020-02-07 08:49:55', NULL, NULL),
	(1348, 'distyismi0213@gmail.com', '8k/Awlg92xc=', 'pelanggan', '1', 'registration system', '2020-02-07 09:12:50', NULL, NULL),
	(1349, 'asmarhansyah@gmail.com', 'ZdK6vhWKXtM=', 'pelanggan', '1', 'registration system', '2020-02-07 11:29:28', NULL, NULL),
	(1350, 'llaborattoriiummiikrobiollogii@gmail.com', 'b9Slf/fm3o+MtfFg0EmGDg==', 'pelanggan', '1', 'registration system', '2020-02-10 08:42:25', NULL, NULL),
	(1351, 'andysaryoko@pertanian.go.id', '7TKwZ+0cw0Au3uNVx1+49w==', 'pelanggan', '0', 'registration system', '2020-02-10 13:35:40', NULL, NULL),
	(1352, 'andysaryoko@yahoo.com', '7TKwZ+0cw0Au3uNVx1+49w==', 'pelanggan', '1', 'registration system', '2020-02-10 13:41:43', NULL, NULL),
	(1353, 'biotakemi.id@gmail.com', 'qfKcRRswai/xnCA3L+TjkA==', 'pelanggan', '1', 'registration system', '2020-02-10 14:57:24', NULL, NULL),
	(1354, 'rofiqsugrawidjaya@gmail.com', 'R1v0n+V1MwPIR6JJ/vtJFg==', 'pelanggan', '1', 'registration system', '2020-02-11 12:13:12', NULL, NULL),
	(1355, 'prasetyadhanny94@gmail.com', 'UMGDxQFV73TxnCA3L+TjkA==', 'pelanggan', '1', 'registration system', '2020-02-12 15:30:59', NULL, NULL),
	(1356, 'pambudisidiq@gmail.com', 'P9KIfD3skkROKL8+P0AM3A==', 'pelanggan', '1', 'registration system', '2020-02-14 10:14:36', NULL, NULL),
	(1357, 'ginanjar.rendy@gmail.com', 'bYsS5ueSZzr1TmAFZYCrpA==', 'pelanggan', '1', 'registration system', '2020-02-18 09:47:52', NULL, NULL),
	(1358, 'mochammadzamroni.kkp@gmail.com', '8YywaXO+zw+MtfFg0EmGDg==', 'pelanggan', '1', 'registration system', '2020-02-18 09:50:48', NULL, NULL),
	(1359, 'yaminpaada@gmail.com', 'imioy0wda1E=', 'pelanggan', '0', 'registration system', '2020-02-18 10:30:45', NULL, NULL),
	(1360, 'diahs62@gmail.com', 'sxNAS01ABoM=', 'pelanggan', '0', 'registration system', '2020-02-20 11:46:37', NULL, NULL),
	(1361, 'harumorganikc@gmail.com', 'cnMa28nOOandZxav0GIvLQ==', 'pelanggan', '1', 'registration system', '2020-02-20 16:13:37', NULL, NULL),
	(1362, 'dammayatri@gmail.com', 'n3urRhkY6duMtfFg0EmGDg==', 'pelanggan', '1', 'registration system', '2020-02-21 14:18:25', NULL, NULL),
	(1363, 'laili.purnamasari@gmail.com', 'zpzUuvOKbDu1sxHlYL9fSA==', 'penyelia', '0', '', '2020-03-17 09:53:33', NULL, NULL),
	(1365, 'okydpurwanto', 'uzWRUPM2CM2RobNAYSxK+Q==', 'pelanggan', '0', 'registration system', '2020-03-19 11:00:02', NULL, NULL),
	(1366, 'okydpurwanto@gmail.com', 'uzWRUPM2CM2RobNAYSxK+Q==', 'pelanggan', '1', 'registration system', '2020-03-19 11:03:10', NULL, NULL),
	(1367, 'masherizal@gmail.com', 'mvhzIYMktOop0TeLVVXp0Q==', 'pelanggan', '0', 'registration system', '2020-06-24 14:33:25', NULL, NULL),
	(1368, 'mochiskandar123@yahoo.com', 'rn+d16Ke/hzTDjRQyyNLkQ==', 'pelanggan', '0', 'registration system', '2020-06-24 15:26:41', NULL, NULL),
	(1375, 'akbar.prawira14@gmail.com', '/Sfgq7pS6sCDJCrBcngBqA==', 'pelanggan', '1', 'registration system', '2020-07-02 14:06:18', NULL, NULL),
	(1377, 'godrealm971@gmail.com', 'zpzUuvOKbDu1sxHlYL9fSA==', 'pelanggan', '1', 'registration system', '2020-07-02 15:00:21', NULL, NULL),
	(1378, 'labuji.dagh@gmail.com', 'Oxy24oOnGC+MtfFg0EmGDg==', 'pelanggan', '0', 'registration system', '2020-07-08 09:32:56', NULL, NULL),
	(1379, 'muhammad.nuur@yahoo.com', 'aCebehf/v00Q3LJzSf/rfw==', 'pelanggan', '1', 'registration system', '2020-07-08 09:38:05', NULL, NULL),
	(1380, 'swisci.margaret@gmail.com', 'bp2+OsqJoFJQHFBj6vlV4Q==', 'pelanggan', '1', 'registration system', '2020-07-08 12:15:25', NULL, NULL),
	(1381, 'balittanah.isri@gmail.com', 'mvhzIYMktOop0TeLVVXp0Q==', 'pelanggan', '1', 'registration system', '2020-07-10 01:01:48', NULL, NULL);
/*!40000 ALTER TABLE `accounttbl` ENABLE KEYS */;

-- Dumping structure for table smlpob.analysistypetbl
DROP TABLE IF EXISTS `analysistypetbl`;
CREATE TABLE IF NOT EXISTS `analysistypetbl` (
  `analysisTypeName` varchar(255) NOT NULL,
  `description` text,
  `creaBy` varchar(255) DEFAULT NULL,
  `creaDate` datetime DEFAULT NULL,
  `modBy` varchar(255) DEFAULT NULL,
  `modDate` datetime DEFAULT NULL,
  PRIMARY KEY (`analysisTypeName`)
) ENGINE=InnoDB DEFAULT CHARSET=latin1;

-- Dumping data for table smlpob.analysistypetbl: ~4 rows (approximately)
DELETE FROM `analysistypetbl`;
/*!40000 ALTER TABLE `analysistypetbl` DISABLE KEYS */;
INSERT INTO `analysistypetbl` (`analysisTypeName`, `description`, `creaBy`, `creaDate`, `modBy`, `modDate`) VALUES
	('Biologi', 'analisis di lab biologi', 'admin', '2019-12-10 10:34:47', '', '2019-12-20 13:04:06'),
	('Fisika', 'analisis di lab fisika\r\n', 'admin', '2019-12-10 10:34:47', NULL, NULL),
	('Kimia', 'analisis dilakukan di lab kimia', 'admin', '2019-12-10 10:34:47', NULL, NULL),
	('Mineralogi', 'analisis di lab mineralogi', 'admin', '2019-12-10 10:34:47', NULL, NULL);
/*!40000 ALTER TABLE `analysistypetbl` ENABLE KEYS */;

-- Dumping structure for table smlpob.autonumbertbl
DROP TABLE IF EXISTS `autonumbertbl`;
CREATE TABLE IF NOT EXISTS `autonumbertbl` (
  `Id` int(11) NOT NULL AUTO_INCREMENT,
  `NameSet` varchar(10) NOT NULL DEFAULT 'General',
  `LastCounter` bigint(20) NOT NULL DEFAULT '0',
  PRIMARY KEY (`Id`)
) ENGINE=InnoDB AUTO_INCREMENT=4 DEFAULT CHARSET=latin1;

-- Dumping data for table smlpob.autonumbertbl: ~3 rows (approximately)
DELETE FROM `autonumbertbl`;
/*!40000 ALTER TABLE `autonumbertbl` DISABLE KEYS */;
INSERT INTO `autonumbertbl` (`Id`, `NameSet`, `LastCounter`) VALUES
	(1, 'BALITTANAH', 30),
	(2, 'SAMPEL', 226),
	(3, 'BATCHNO', 17);
/*!40000 ALTER TABLE `autonumbertbl` ENABLE KEYS */;

-- Dumping structure for table smlpob.batchtbl
DROP TABLE IF EXISTS `batchtbl`;
CREATE TABLE IF NOT EXISTS `batchtbl` (
  `batchId` varchar(15) NOT NULL,
  `filename` varchar(255) DEFAULT NULL,
  `status` varchar(255) DEFAULT 'Menunggu',
  `fileurl` text,
  `pic_analis` int(11) DEFAULT NULL,
  `pic_penyelia` int(11) DEFAULT NULL,
  `creaBy` varchar(255) DEFAULT NULL,
  `creaDate` datetime DEFAULT NULL,
  `modBy` varchar(255) DEFAULT NULL,
  `modDate` datetime DEFAULT NULL,
  PRIMARY KEY (`batchId`),
  KEY `BatchTblToEmployeeTbl` (`pic_analis`),
  KEY `FK_batchtbl_employeetbl` (`pic_penyelia`),
  CONSTRAINT `BatchTblToEmployeeTbl` FOREIGN KEY (`pic_analis`) REFERENCES `employeetbl` (`employeeNo`),
  CONSTRAINT `FK_batchtbl_employeetbl` FOREIGN KEY (`pic_penyelia`) REFERENCES `employeetbl` (`employeeNo`)
) ENGINE=InnoDB DEFAULT CHARSET=latin1;

-- Dumping data for table smlpob.batchtbl: ~9 rows (approximately)
DELETE FROM `batchtbl`;
/*!40000 ALTER TABLE `batchtbl` DISABLE KEYS */;
INSERT INTO `batchtbl` (`batchId`, `filename`, `status`, `fileurl`, `pic_analis`, `pic_penyelia`, `creaBy`, `creaDate`, `modBy`, `modDate`) VALUES
	('B-00003/03/2020', 'batch_analis1@gmail.com_16Mar2020_KsGANov.xlsx', 'Selesai', 'https://balittanahstorage.blob.core.windows.net/balittanahpelayanan/batch_analis1@gmail.com_16Mar2020_KsGANov.xlsx', 10, 14, 'penyelia1@gmail.com', '2020-03-16 15:53:37', 'penyelia1@gmail.com', '2020-03-16 15:53:37'),
	('B-00004/03/2020', 'batch_analis1@gmail.com_17Mar2020_8NncRYlJMjR52.xlsx', 'Selesai', 'https://balittanahstorage.blob.core.windows.net/balittanahpelayanan/batch_analis1@gmail.com_17Mar2020_8NncRYlJMjR52.xlsx', 10, 14, 'penyelia1@gmail.com', '2020-03-17 03:28:19', 'penyelia1@gmail.com', '2020-03-17 03:28:19'),
	('B-00007/03/2020', 'batch_zulfikarp24@gmail.com_17Mar2020_sszov6w.xlsx', 'Selesai', 'https://balittanahstorage.blob.core.windows.net/balittanahpelayanan/batch_zulfikarp24@gmail.com_17Mar2020_sszov6w.xlsx', 71, 14, 'penyelia1@gmail.com', '2020-03-17 03:37:22', 'penyelia1@gmail.com', '2020-03-17 03:37:22'),
	('B-00008/03/2020', 'batch_analis1@gmail.com_17Mar2020_3alh36UGm.xlsx', 'Selesai', 'https://balittanahstorage.blob.core.windows.net/balittanahpelayanan/batch_analis1@gmail.com_17Mar2020_3alh36UGm.xlsx', 10, 14, 'penyelia1@gmail.com', '2020-03-17 04:23:32', 'penyelia1@gmail.com', '2020-03-17 04:23:32'),
	('B-00011/03/2020', NULL, 'Proses', NULL, 65, 60, 'iindwisurhati85@gmail.com', '2020-03-17 04:58:12', 'iindwisurhati85@gmail.com', '2020-03-17 04:58:12'),
	('B-00012/03/2020', NULL, 'Proses', NULL, 70, 59, 'pujiningrum@gmail.com', '2020-03-17 04:58:19', 'pujiningrum@gmail.com', '2020-03-17 04:58:19'),
	('B-00013/03/2020', 'batch_margi.hastuti@gmail.com_17Mar2020_feGdnzmfK3jJ.xlsx', 'Selesai', 'https://balittanahstorage.blob.core.windows.net/balittanahpelayanan/batch_margi.hastuti@gmail.com_17Mar2020_feGdnzmfK3jJ.xlsx', 62, 61, 'usman_randika@yahoo.com', '2020-03-17 04:59:09', 'usman_randika@yahoo.com', '2020-03-17 04:59:09'),
	('B-00015/03/2020', NULL, 'Proses', NULL, 65, 60, 'iindwisurhati85@gmail.com', '2020-03-17 06:31:12', 'iindwisurhati85@gmail.com', '2020-03-17 06:31:12'),
	('B-00016/03/2020', NULL, 'Proses', NULL, 62, 61, 'usman_randika@yahoo.com', '2020-03-17 06:41:40', 'usman_randika@yahoo.com', '2020-03-17 06:41:40'),
	('B-00017/03/2020', NULL, 'Proses', NULL, 71, 58, 'hestiekatantika@gmail.com', '2020-03-17 06:42:31', 'hestiekatantika@gmail.com', '2020-03-17 06:42:31');
/*!40000 ALTER TABLE `batchtbl` ENABLE KEYS */;

-- Dumping structure for table smlpob.comoditytbl
DROP TABLE IF EXISTS `comoditytbl`;
CREATE TABLE IF NOT EXISTS `comoditytbl` (
  `comodityNo` int(11) NOT NULL AUTO_INCREMENT,
  `comodityName` varchar(255) DEFAULT NULL,
  `derivativeTo` int(11) DEFAULT NULL,
  `description` text,
  `code` varchar(10) DEFAULT NULL,
  `notes` text,
  `isPackage` varchar(1) DEFAULT '0',
  `creaBy` varchar(255) DEFAULT NULL,
  `creaDate` datetime DEFAULT NULL,
  `modBy` varchar(255) DEFAULT NULL,
  `modDate` datetime DEFAULT NULL,
  `isGenusAvailable` char(1) DEFAULT NULL,
  `priceGenusPerSample` decimal(12,2) DEFAULT NULL,
  `isHeavyMetalAvailable` char(1) DEFAULT NULL,
  `limitDoseForFreeOfHeavyMetal` decimal(5,0) DEFAULT NULL,
  `priceHeavyMetalPerSample` decimal(12,2) DEFAULT NULL,
  PRIMARY KEY (`comodityNo`),
  UNIQUE KEY `comodityName` (`comodityName`)
) ENGINE=InnoDB AUTO_INCREMENT=32 DEFAULT CHARSET=latin1;

-- Dumping data for table smlpob.comoditytbl: ~29 rows (approximately)
DELETE FROM `comoditytbl`;
/*!40000 ALTER TABLE `comoditytbl` DISABLE KEYS */;
INSERT INTO `comoditytbl` (`comodityNo`, `comodityName`, `derivativeTo`, `description`, `code`, `notes`, `isPackage`, `creaBy`, `creaDate`, `modBy`, `modDate`, `isGenusAvailable`, `priceGenusPerSample`, `isHeavyMetalAvailable`, `limitDoseForFreeOfHeavyMetal`, `priceHeavyMetalPerSample`) VALUES
	(1, 'ASAM HUMAT PADAT ', -1, '', 'K.P.', '', '1', NULL, NULL, NULL, NULL, '0', 0.00, '0', NULL, NULL),
	(2, 'ASAM HUMAT CAIR', -1, '', 'K.P.', '', '1', NULL, NULL, NULL, NULL, '0', 0.00, '0', NULL, NULL),
	(3, 'PUPUK MAKRO TUNGGAL PADAT', -1, '', 'K.P.', '', '0', NULL, NULL, NULL, NULL, '0', 0.00, '0', NULL, NULL),
	(4, 'PUPUK MAKRO TUNGGAL CAIR', -1, '', 'K.P.', '', '0', NULL, NULL, NULL, NULL, '0', 0.00, '0', NULL, NULL),
	(5, 'PUPUK MAKRO MAJEMUK PADAT', -1, '', 'K.P.', '', '0', NULL, NULL, NULL, NULL, '0', 0.00, '0', NULL, NULL),
	(6, 'PUPUK MAKRO MAJEMUK CAIR', -1, '', 'K.P.', '', '0', NULL, NULL, NULL, NULL, '0', 0.00, '0', NULL, NULL),
	(7, 'PUPUK MIKRO TUNGGAL PADAT', -1, '', 'K.P.', '', '0', NULL, NULL, NULL, NULL, '0', 0.00, '0', NULL, NULL),
	(8, 'PUPUK MIKRO TUNGGAL CAIR', -1, '', 'K.P.', '', '0', NULL, NULL, NULL, NULL, '0', 0.00, '0', NULL, NULL),
	(9, 'PUPUK MIKRO MAJEMUK PADAT', -1, '', 'K.P.', '', '0', NULL, NULL, NULL, NULL, '0', 0.00, '0', NULL, NULL),
	(10, 'PUPUK MIKRO MAJEMUK CAIR', -1, '', 'K.P.', '', '0', NULL, NULL, NULL, NULL, '0', 0.00, '0', NULL, NULL),
	(11, 'PUPUK CAMPURAN MAKRO-MIKRO PADAT', -1, '', 'K.P.', '', '0', NULL, NULL, NULL, NULL, '0', 0.00, '0', NULL, NULL),
	(12, 'PUPUK CAMPURAN MAKRO-MIKRO CAIR', -1, '', 'K.P.', '', '0', NULL, NULL, NULL, NULL, '0', 0.00, '0', NULL, NULL),
	(13, 'PUPUK ORGANIK PADAT (SNI 7763:2018)  (TANPA DIPERKAYA MIKROBA)', -1, '', 'K.P.', '', '1', NULL, NULL, NULL, NULL, '0', 0.00, '0', NULL, NULL),
	(14, 'PUPUK ORGANIK PADAT (Kepmentan 261/KPTS/SR.310/M/4/2019) (DIPERKAYA MIKROBA)', -1, '', 'K.P.', '', '1', NULL, NULL, NULL, NULL, '1', 125000.00, '0', NULL, NULL),
	(15, 'PUPUK ORGANIK CAIR (Kepmentan 261/KPTS/SR.310/M/4/2019)', -1, '', 'K.P.', '', '1', NULL, NULL, NULL, NULL, '0', 0.00, '0', NULL, NULL),
	(16, 'PUPUK HAYATI TUNGGAL PADAT DAN CAIR', -1, 'Uji Logam berat pilihan tergantung dosis pupuk hayati tunggal, bila dosis lebih besar sama dengan 50 kg/ha atau lebih besar sama dengan 50 L/ha maka uji logam berat (As, Hg, Pb, Cd, Hg, As, Cr, Ni) wajib dilakukan sehingga biaya per sampel akan ditambahkan sebesar Rp.382.000,- (termasuk persiapan, uji kadar air, dan ekstrak total) sehingga menjadi a + Rp.382.000,- dan Total Biaya=(a+Rp. 382.000,-) x b', 'K.P.', '', '0', NULL, NULL, NULL, NULL, '0', 0.00, '1', 50, 382000.00),
	(17, 'Pupuk Hayati Tunggal Endomikoriza Arbuskular (Kepmentan 261/KPTS/SR.310/M/4/2019)', -1, 'Uji Logam berat pilihan tergantung dosis pupuk hayati tunggal, bila dosis lebih besar sama dengan 50 kg/ha atau lebih besar sama dengan 50 L/ha maka uji logam berat (As, Hg, Pb, Cd, Hg, As, Cr, Ni) wajib dilakukan sehingga biaya per sampel akan ditambahkan sebesar Rp.382.000,- (termasuk persiapan, uji kadar air, dan ekstrak total) sehingga menjadi a + Rp.382.000,- dan Total Biaya=(a+Rp. 382.000,-) x b', 'K.P.', '', '1', NULL, NULL, NULL, NULL, '0', 0.00, '1', 50, 382000.00),
	(18, 'Pupuk Hayati Tunggal Ektomikoriza (Kepmentan 261/KPTS/SR.310/M/4/2019)', -1, 'Uji Logam berat pilihan tergantung dosis pupuk hayati tunggal, bila dosis lebih besar sama dengan 50 kg/ha atau lebih besar sama dengan 50 L/ha maka uji logam berat (As, Hg, Pb, Cd, Hg, As, Cr, Ni) wajib dilakukan sehingga biaya per sampel akan ditambahkan sebesar Rp.382.000,- (termasuk persiapan, uji kadar air, dan ekstrak total) sehingga menjadi a + Rp.382.000,- dan Total Biaya=(a+Rp. 382.000,-) x b', 'K.P.', '', '1', NULL, NULL, NULL, NULL, '0', 0.00, '1', 50, 382000.00),
	(19, 'PUPUK HAYATI MAJEMUK PADAT DAN CAIR UNTUK 2 GENUS (Kepmentan 261/KPTS/SR.310/M/4/2019)', -1, '', 'K.P.', '', '0', NULL, NULL, NULL, NULL, '0', 0.00, '0', NULL, NULL),
	(20, 'PUPUK HAYATI MAJEMUK PADAT DAN CAIR UNTUK >2 GENUS (Kepmentan 261/KPTS/SR.310/M/4/2019)', -1, '', 'K.P.', '', '0', NULL, NULL, NULL, NULL, '0', 0.00, '0', NULL, NULL),
	(21, 'Tanah Rutin', -1, '', 'K.Th.', '', '0', NULL, NULL, NULL, NULL, '0', 0.00, '0', NULL, NULL),
	(22, 'Tanah Khusus', -1, '', 'K.Th.', '', '0', NULL, NULL, NULL, NULL, '0', 0.00, '0', NULL, NULL),
	(23, 'CONTOH TANAH', -1, NULL, 'B.Th.', ' ', '0', 'admin', '2019-12-10 00:00:00', NULL, NULL, '0', 0.00, '0', NULL, NULL),
	(24, 'CONTOH PUPUK HAYATI', -1, NULL, 'B.P.', NULL, '0', 'admin', '2019-12-10 00:00:00', NULL, NULL, '0', 0.00, '0', NULL, NULL),
	(25, 'PEMBENAH TANAH', -1, NULL, 'B.Th.', NULL, '0', 'admin', '2019-12-10 00:00:00', NULL, NULL, '0', 0.00, '0', NULL, NULL),
	(26, 'MINERAL TANAH', -1, NULL, 'M.Th.', NULL, '0', 'admin', '2019-12-10 00:00:00', NULL, NULL, '0', 0.00, '0', NULL, NULL),
	(27, 'FISIKA TANAH', -1, NULL, 'F.Th.', NULL, '0', 'admin', '2019-12-10 00:00:00', NULL, NULL, '0', 0.00, '0', NULL, NULL),
	(28, 'TANAMAN', -1, NULL, 'K.T.', NULL, '0', 'admin', '2019-12-10 00:00:00', NULL, NULL, '0', 0.00, '0', NULL, NULL),
	(29, 'AIR', -1, NULL, 'K.A', NULL, '0', 'admin', '2019-12-10 00:00:00', NULL, NULL, '0', 0.00, '0', NULL, NULL),
	(30, 'PUPUK ANORGANIK', -1, NULL, 'K.P.A', NULL, '0', NULL, NULL, NULL, NULL, NULL, NULL, NULL, NULL, NULL),
	(31, 'PUPUK ORGANIK', -1, NULL, 'K.P.O', NULL, '0', NULL, NULL, NULL, NULL, NULL, NULL, NULL, NULL, NULL);
/*!40000 ALTER TABLE `comoditytbl` ENABLE KEYS */;

-- Dumping structure for table smlpob.customertbl
DROP TABLE IF EXISTS `customertbl`;
CREATE TABLE IF NOT EXISTS `customertbl` (
  `customerNo` int(11) NOT NULL AUTO_INCREMENT,
  `customerName` varchar(255) DEFAULT NULL,
  `customerEmail` varchar(255) DEFAULT NULL,
  `companyName` varchar(255) DEFAULT NULL,
  `companyAddress` text,
  `companyPhone` varchar(25) DEFAULT NULL,
  `companyEmail` varchar(255) DEFAULT NULL,
  `accountNo` int(11) DEFAULT NULL,
  `creaBy` varchar(255) DEFAULT NULL,
  `creaDate` datetime DEFAULT NULL,
  `modBy` varchar(255) DEFAULT NULL,
  `modDate` datetime DEFAULT NULL,
  PRIMARY KEY (`customerNo`),
  KEY `CustomerTblAccountTbl` (`accountNo`),
  CONSTRAINT `CustomerTblAccountTbl` FOREIGN KEY (`accountNo`) REFERENCES `accounttbl` (`accountNo`)
) ENGINE=InnoDB AUTO_INCREMENT=1285 DEFAULT CHARSET=latin1;

-- Dumping data for table smlpob.customertbl: ~41 rows (approximately)
DELETE FROM `customertbl`;
/*!40000 ALTER TABLE `customertbl` DISABLE KEYS */;
INSERT INTO `customertbl` (`customerNo`, `customerName`, `customerEmail`, `companyName`, `companyAddress`, `companyPhone`, `companyEmail`, `accountNo`, `creaBy`, `creaDate`, `modBy`, `modDate`) VALUES
	(1183, 'Asep Surmadi', 'kustomer1@outlook.co.id', 'PT Pupuk Asin', 'Jl Asem Garem Bumi Ayu Kertanegara', '08174810345', 'kustomer1@outlook.co.id', 1267, 'anonymous', '2019-12-13 10:04:14', NULL, NULL),
	(1184, 'didik', 'sukristyohastono@yahoo.co.uk', 'PT.Maju Mundur Jaya', 'tentara Pelajar', '081575927021', 'sukristyohastono@yahoo.co.uk', 1273, 'anonymous', '2019-12-16 13:58:42', NULL, NULL),
	(1193, 'Endang', 'midahpratama15@gmail.com', 'PT Makmur Sejahtera', 'Jl. Maju mundur Bogor', '081294201868', 'midahpratama15@gmail.com', 1289, 'registration system', '2020-01-06 14:59:57', NULL, NULL),
	(1195, 'Restuti Ayuningtyas', 'ayu.greenlife@gmail.com', 'PT. Greenlife Bioscience', 'Jl. Veteran II RT 04 RW 03, Desa Teluk Pinang, Kecamatan Ciawi, Kabupaten Bogor', '085714967017', 'glb.indonesia@gmail.com', 1291, 'registration system', '2020-01-08 08:08:14', NULL, NULL),
	(1196, 'adisty ismi maharani', 'adisty0213@gmail.com', 'SMKN 3 Bogor', 'Jl. padjajaran no 56', '087855087759', 'smkn3bgr@gmail.com', 1292, 'registration system', '2020-01-08 10:05:22', NULL, NULL),
	(1214, 'silpo', 'silpo.pertanian@outlook.co.id', 'Silpo', 'Jl Silpo', '08174810343', 'silpo.pertanian@outlook.co.id', 1310, 'registration system', '2020-01-09 07:07:18', NULL, NULL),
	(1221, 'Moch. Iskandar', 'mochiskandar201166@gmail.com', 'Balittanah', 'Tentara Pelajar 12', '081324376168', 'balittanah.isri@gmail.com', 1317, 'registration system', '2020-01-09 07:58:37', NULL, NULL),
	(1230, 'didik sukristyo', 'didik.sukristyo@gmail.com', 'Balai Penelitian Tanah', 'jl. Tentara Pelajar 12, Bogor', '081575927021', 'isriservice@yahoo.com', 1326, 'registration system', '2020-01-09 10:59:28', NULL, NULL),
	(1231, 'Suwandi', 'Wanfokal81@gmail.com', 'Balai Penelitian Tanah', 'Jln Tentara Pelajar No.12, Bogor', '081317178352', 'Balitanah@litbang.pertanian.go.id', 1327, 'registration system', '2020-01-09 11:10:06', NULL, NULL),
	(1232, 'geanina adelia', 'geanina.adelia@gmail.com', 'universitas al azhar indonesia', 'jl sisingamangaraja kebayoran baru jakarta selatan', '085819575519', 'geanina.adelia@gmail.com', 1328, 'registration system', '2020-01-09 13:44:01', NULL, NULL),
	(1233, 'geanina adelia', 'gintravers10@gmail.com', 'universitas al azhar indonesia', 'jalan sisingamangaraja', '085819575519', 'info@uai.ac.id', 1329, 'registration system', '2020-01-09 14:16:10', NULL, NULL),
	(1244, 'galih', 'galihyprtm@gmail.com', 'gravicode', 'cimanggu', '089634530093', 'galih.yp@gravicode.com', 1339, 'registration system', '2020-01-23 13:02:12', NULL, NULL),
	(1245, 'mifmasterz', 'mifmasterz@yahoo.com', 'MifSoft', 'Jl Melati 22A', '08174810345', 'mifmasterz@yahoo.com', 1340, 'registration system', '2020-01-28 10:55:09', NULL, NULL),
	(1246, 'JOKO PURNOMO', 'purnomo0204@gmail.com', 'Balai Penelitian Tanah', 'BOGOR', '08128071362', 'purnomo0204@gmail.com', 1341, 'registration system', '2020-01-29 11:14:07', NULL, NULL),
	(1247, 'eka', 'nay2706@gmail.com', 'balittanah', 'cimanggu bogor', '08569964717', '', 1342, 'registration system', '2020-01-30 07:44:30', NULL, NULL),
	(1248, 'ijang', 'ijangisyapudin@gmail.com', 'Balai Penelitian Tanah', 'Bogor', '087770000710', 'ijangisyapudin@gmail.com', 1343, 'registration system', '2020-01-31 08:13:10', NULL, NULL),
	(1249, 'Agus Dermawan', 'pt.inovasi.natural.bio.organik@gmail.com', 'PT Inovasi Natural Bio Organik', 'Jl. Kompas Raya No. 170', '081372425666', 'pt.inovasi.natural.bio.organik@gmail.com', 1344, 'registration system', '2020-01-31 09:58:17', NULL, NULL),
	(1250, 'budhi prayitno', 'budhiallen@gmail.com', 'pt ats inti sampoerna', 'green sedayu bizpark GS 6 No. 96-98', '08112633531', 'ptatsinti@gmail.com', 1345, 'registration system', '2020-01-31 14:27:38', NULL, NULL),
	(1251, 'Zuhriansyah', 'Zuhriansyahsiregar@gmail.com', 'Mahasiswa', 'Jakarta', '082311552548', 'Zuhriansyahsiregar@gmail.com', 1346, 'registration system', '2020-02-06 14:43:35', NULL, NULL),
	(1252, 'Pipih Nurhayati', 'pipihnur@gmail.com', 'balittanah', 'Bogor', '081218221387', 'pipihnur@gmail.com', 1347, 'registration system', '2020-02-07 08:49:55', NULL, NULL),
	(1253, 'adisty ismi maharani', 'distyismi0213@gmail.com', 'smkn 3 bogor', 'bogor ', '081999104694', 'distyismi0213@gmail.com', 1348, 'registration system', '2020-02-07 09:12:50', NULL, NULL),
	(1254, 'asmarhansyah', 'asmarhansyah@gmail.com', 'balittanah', 'Bogor', '082184097802', 'asmarhansyah@gmail.com', 1349, 'registration system', '2020-02-07 11:29:28', NULL, NULL),
	(1255, 'muhamad septian', 'llaborattoriiummiikrobiollogii@gmail.com', 'pt.mitra sukses agrindo', 'jln.sholeh iskandar no.59 kota bogor', '081211885819', 'llaborattoriiummiikrobiollogii@gmail.com', 1350, 'registration system', '2020-02-10 08:42:25', NULL, NULL),
	(1256, 'Andy Saryoko', 'andysaryoko@pertanian.go.id', 'BPTP Banten', 'Jl. Ciptayasa km.01 Ciruas Serang Banten', '08151869710', 'bptpbanten@yahoo.com', 1351, 'registration system', '2020-02-10 13:35:41', NULL, NULL),
	(1257, 'Andy Saryoko', 'andysaryoko@yahoo.com', 'BPTP Banten', 'Jl. Ciptaasa Km 01 Ciruas Serang', '08151618212', 'andysaryoko@yahoo.com', 1352, 'registration system', '2020-02-10 13:41:43', NULL, NULL),
	(1258, 'Mochamad Markam', 'biotakemi.id@gmail.com', 'PT. Bio Takemi Global', 'Jalan Madiun No.3 Jakarta Pusat', '081323414648', 'biotakemi.id@gmail.com', 1353, 'registration system', '2020-02-10 14:57:24', NULL, NULL),
	(1259, 'Ropik', 'rofiqsugrawidjaya@gmail.com', 'BBSSLP', 'Bogor', '081310025625', 'rofiqsugrawidjaya@gmail.com', 1354, 'registration system', '2020-02-11 12:13:12', NULL, NULL),
	(1260, 'Dhany Prasetya', 'prasetyadhanny94@gmail.com', 'PT. SANTANI SEJAHTERA', 'Jln. Dr. F.L. Tobing No. 32-C, Medan', '082299215101', 'santani_agro@yahoo.com', 1355, 'registration system', '2020-02-12 15:30:59', NULL, NULL),
	(1261, 'Sidiq Pambudi', 'pambudisidiq@gmail.com', 'World Agroforestry (ICRAF)', 'Jl. CIFOR, Situ Gede, Sindang Barang, Bogor', '085659398301', 's.pambudi@cgiar.org', 1356, 'registration system', '2020-02-14 10:14:36', NULL, NULL),
	(1262, 'Rendy Ginanjar', 'ginanjar.rendy@gmail.com', 'Balai Riset Budidaya Ikan Hias', 'Jl. perikanan no 13 Pancoran Mas, Depok', '081291019594', 'ginanjar.rendy@gmail.com', 1357, 'registration system', '2020-02-18 09:47:52', NULL, NULL),
	(1263, 'mochammad zamroni', 'mochammadzamroni.kkp@gmail.com', 'Balai Riset Budidaya Ikan Hias', 'Jln. Perikanan No 13, Pancoran Mas, kota Depok', '081295156307', 'mochammadzamroni.kkp@gmail.com', 1358, 'registration system', '2020-02-18 09:50:48', NULL, NULL),
	(1264, 'muhamad yamin', 'yaminpaada@gmail.com', 'balai riset budidaya ikan hias', 'jl. perikanan no. 13 pancoran mas depok', '081387548736', 'yaminpaada@gmail.com', 1359, 'registration system', '2020-02-18 10:30:45', NULL, NULL),
	(1265, 'diah setyorini', 'diahs62@gmail.com', 'Balai Penelitian Tanah', 'bogor', '085216183530', 'diahs62@gmail.com', 1360, 'registration system', '2020-02-20 11:46:37', NULL, NULL),
	(1266, 'Agus Dermawan', 'harumorganikc@gmail.com', 'PT Harum Organik Citarum', 'Jl. Menjangan Raya No. 170, Kel. Cempaka Putih, Kec. Ciputat Timur, Tangerang Selatan', '087791406999', 'harumorganikc@gmail.com', 1361, 'registration system', '2020-02-20 16:13:37', NULL, NULL),
	(1267, 'Retno Dammayatri', 'dammayatri@gmail.com', 'Bandung Institute of Technology', 'Jalan Ganesha 10', '081554467205', 'dammayatri@gmail.com', 1362, 'registration system', '2020-02-21 14:18:25', NULL, NULL),
	(1268, 'Oky Dwi Purwanto', 'okydpurwanto', 'Puslitbangtan', 'Jl. Merdeka 147, Bogor 16111', '085286983476', '', 1365, 'registration system', '2020-03-19 11:00:02', NULL, NULL),
	(1269, 'Oky Dwi Purwanto', 'okydpurwanto@gmail.com', 'Puslitbangtan', 'Jl. Merdeka 147, Bogor 16111', '085286983476', '', 1366, 'registration system', '2020-03-19 11:03:10', NULL, NULL),
	(1270, 'heri wibowo', 'masherizal@gmail.com', 'Balai Penelitian Tanah', 'jkl. tentara prlajar no. 12, bogor', '085711628739', 'masherizal@gmail.com', 1367, 'registration system', '2020-06-24 14:33:25', NULL, NULL),
	(1271, 'Septy', 'mochiskandar123@yahoo.com', 'BB Padi', 'Sukamandi', '087873330612', '', 1368, 'registration system', '2020-06-24 15:26:41', NULL, NULL),
	(1278, 'mochamad akbar', 'akbar.prawira14@gmail.com', 'solusi lingkungan industri nusantara', 'Jln Alternatif bukit sentul', '082195077217', 'akbar.prawira14@gmail.com', 1375, 'registration system', '2020-07-02 14:06:18', NULL, NULL),
	(1280, 'Galih Test Email', 'godrealm971@gmail.com', 'Gravicode', 'jl melati 22a', '089634530093', 'galih.yp@gravicode.com', 1377, 'registration system', '2020-07-02 15:00:21', NULL, NULL),
	(1281, 'Wiwit Prihadini', 'labuji.dagh@gmail.com', 'laborato rium P engujian Dept. AGH IPB', 'Departemen AGH IPB', '085777948817', 'labuji.dagh@gmail.com', 1378, 'registration system', '2020-07-08 09:32:56', NULL, NULL),
	(1282, 'Muhammad Nuur', 'muhammad.nuur@yahoo.com', 'Universitas Muhammadiyah Jakarta', 'Jakarta', '089604147747', 'muhammad.nuur@yahoo.com', 1379, 'registration system', '2020-07-08 09:38:05', NULL, NULL),
	(1283, 'swisci margaret', 'swisci.margaret@gmail.com', 'BB Padi', 'Sukamandi Subang', '081224319613', 'swisci.margaret@gmail.com', 1380, 'registration system', '2020-07-08 12:15:25', NULL, NULL),
	(1284, 'heri wibowo', 'balittanah.isri@gmail.com', 'balittanah', 'Jl Tentara Pelajar No 12 Bogor', '081328118423', '', 1381, 'registration system', '2020-07-10 01:01:48', NULL, NULL);
/*!40000 ALTER TABLE `customertbl` ENABLE KEYS */;

-- Dumping structure for table smlpob.elementservicehistorytbl
DROP TABLE IF EXISTS `elementservicehistorytbl`;
CREATE TABLE IF NOT EXISTS `elementservicehistorytbl` (
  `elementHistoryNo` int(11) NOT NULL AUTO_INCREMENT,
  `activeDate` datetime DEFAULT NULL,
  `expiredDate` datetime DEFAULT NULL,
  `elementId` int(11) NOT NULL,
  `serviceRate` decimal(12,2) DEFAULT NULL,
  `creaBy` varchar(255) DEFAULT NULL,
  `creaDate` datetime DEFAULT NULL,
  PRIMARY KEY (`elementHistoryNo`),
  KEY `ElementServiceHistoryTbltoElementServicesTbl` (`elementId`),
  CONSTRAINT `ElementServiceHistoryTbltoElementServicesTbl` FOREIGN KEY (`elementId`) REFERENCES `elementservicestbl` (`elementid`)
) ENGINE=InnoDB DEFAULT CHARSET=latin1;

-- Dumping data for table smlpob.elementservicehistorytbl: ~0 rows (approximately)
DELETE FROM `elementservicehistorytbl`;
/*!40000 ALTER TABLE `elementservicehistorytbl` DISABLE KEYS */;
/*!40000 ALTER TABLE `elementservicehistorytbl` ENABLE KEYS */;

-- Dumping structure for table smlpob.elementservicestbl
DROP TABLE IF EXISTS `elementservicestbl`;
CREATE TABLE IF NOT EXISTS `elementservicestbl` (
  `elementid` int(11) NOT NULL AUTO_INCREMENT,
  `elementCode` varchar(500) NOT NULL,
  `comodityNo` int(11) NOT NULL,
  `analysisTypeName` varchar(255) NOT NULL,
  `valueUnit` varchar(255) DEFAULT NULL,
  `serviceGroup` varchar(255) DEFAULT NULL,
  `serviceRate` decimal(12,2) NOT NULL,
  `serviceStatus` varchar(255) DEFAULT NULL,
  `category` varchar(255) DEFAULT 'General',
  `sortedNo` int(11) DEFAULT '0',
  `isMandatory` char(1) DEFAULT '0',
  `creaBy` varchar(255) DEFAULT NULL,
  `creaDate` datetime DEFAULT NULL,
  `modBy` varchar(255) DEFAULT NULL,
  `modDate` datetime DEFAULT NULL,
  `NotParameterProcess` char(1) DEFAULT NULL,
  `ExtractionId` varchar(10) DEFAULT NULL,
  PRIMARY KEY (`elementid`),
  KEY `ElementServicesTbltoAnalysisTypeTbl` (`analysisTypeName`),
  CONSTRAINT `ElementServicesTbltoAnalysisTypeTbl` FOREIGN KEY (`analysisTypeName`) REFERENCES `analysistypetbl` (`analysisTypeName`)
) ENGINE=InnoDB AUTO_INCREMENT=776 DEFAULT CHARSET=latin1;

-- Dumping data for table smlpob.elementservicestbl: ~749 rows (approximately)
DELETE FROM `elementservicestbl`;
/*!40000 ALTER TABLE `elementservicestbl` DISABLE KEYS */;
INSERT INTO `elementservicestbl` (`elementid`, `elementCode`, `comodityNo`, `analysisTypeName`, `valueUnit`, `serviceGroup`, `serviceRate`, `serviceStatus`, `category`, `sortedNo`, `isMandatory`, `creaBy`, `creaDate`, `modBy`, `modDate`, `NotParameterProcess`, `ExtractionId`) VALUES
	(1, 'Senyawa Humat', 1, 'Kimia', '%', '-', 0.00, 'Tersedia', 'General', 1, '0', NULL, NULL, NULL, NULL, NULL, NULL),
	(2, 'Kelarutan dalam air', 1, 'Kimia', '%', '', 0.00, 'Tersedia', 'General', 2, '0', NULL, NULL, NULL, NULL, NULL, NULL),
	(3, 'Kadar air', 1, 'Kimia', '% (w/w)', '', 0.00, 'Tersedia', 'General', 3, '0', NULL, NULL, NULL, NULL, NULL, NULL),
	(4, 'Natrium', 1, 'Kimia', '%', '', 0.00, 'Tersedia', 'General', 4, '0', NULL, NULL, NULL, NULL, NULL, NULL),
	(5, 'pH', 1, 'Kimia', '-', '', 0.00, 'Tersedia', 'General', 5, '0', NULL, NULL, NULL, NULL, NULL, NULL),
	(6, 'As', 1, 'Kimia', 'ppm', '', 0.00, 'Tersedia', 'Logam Berat', 6, '0', NULL, NULL, NULL, NULL, NULL, NULL),
	(7, 'Hg', 1, 'Kimia', 'ppm', '', 0.00, 'Tersedia', 'Logam Berat', 6, '0', NULL, NULL, NULL, NULL, NULL, NULL),
	(8, 'Pb', 1, 'Kimia', 'ppm', '', 0.00, 'Tersedia', 'Logam Berat', 6, '0', NULL, NULL, NULL, NULL, NULL, NULL),
	(9, 'Cd', 1, 'Kimia', 'ppm', '', 0.00, 'Tersedia', 'Logam Berat', 6, '0', NULL, NULL, NULL, NULL, NULL, NULL),
	(10, 'Cr', 1, 'Kimia', 'ppm', '', 0.00, 'Tersedia', 'Logam Berat', 6, '0', NULL, NULL, NULL, NULL, NULL, NULL),
	(11, 'Ni', 1, 'Kimia', 'ppm', '', 0.00, 'Tersedia', 'Logam Berat', 6, '0', NULL, NULL, NULL, NULL, NULL, NULL),
	(12, 'Senyawa Humat', 2, 'Kimia', '%', '', 0.00, 'Tersedia', 'General', 1, '0', NULL, NULL, NULL, NULL, NULL, NULL),
	(13, 'Natrium', 2, 'Kimia', '%', '', 0.00, 'Tersedia', 'General', 2, '0', NULL, NULL, NULL, NULL, NULL, NULL),
	(14, 'pH', 2, 'Kimia', '-', '', 0.00, 'Tersedia', 'General', 3, '0', NULL, NULL, NULL, NULL, NULL, NULL),
	(15, 'As', 2, 'Kimia', 'ppm', '', 0.00, 'Tersedia', 'Logam Berat', 4, '0', NULL, NULL, NULL, NULL, NULL, NULL),
	(16, 'Hg', 2, 'Kimia', 'ppm', '', 0.00, 'Tersedia', 'Logam Berat', 4, '0', NULL, NULL, NULL, NULL, NULL, NULL),
	(17, 'Pb', 2, 'Kimia', 'ppm', '', 0.00, 'Tersedia', 'Logam Berat', 4, '0', NULL, NULL, NULL, NULL, NULL, NULL),
	(18, 'Cd', 2, 'Kimia', 'ppm', '', 0.00, 'Tersedia', 'Logam Berat', 4, '0', NULL, NULL, NULL, NULL, NULL, NULL),
	(19, 'Cr', 2, 'Kimia', 'ppm', '', 0.00, 'Tersedia', 'Logam Berat', 4, '0', NULL, NULL, NULL, NULL, NULL, NULL),
	(20, 'Ni', 2, 'Kimia', 'ppm', '', 0.00, 'Tersedia', 'Logam Berat', 4, '0', NULL, NULL, NULL, NULL, NULL, NULL),
	(21, 'N', 3, 'Kimia', 'ppm', '', 251000.00, 'Tersedia', 'General', 1, '0', NULL, NULL, NULL, NULL, NULL, NULL),
	(22, 'P', 3, 'Kimia', '-', '', 306000.00, 'Tersedia', 'General', 2, '0', NULL, NULL, NULL, NULL, NULL, NULL),
	(23, 'K', 3, 'Kimia', '-', '', 126000.00, 'Tersedia', 'General', 3, '0', NULL, NULL, NULL, NULL, NULL, NULL),
	(24, 'Ca', 3, 'Kimia', '-', '', 342000.00, 'Tersedia', 'General', 4, '0', NULL, NULL, NULL, NULL, NULL, NULL),
	(25, 'Mg', 3, 'Kimia', '-', '', 342000.00, 'Tersedia', 'General', 5, '0', NULL, NULL, NULL, NULL, NULL, NULL),
	(26, 'S', 3, 'Kimia', '-', '', 342000.00, 'Tersedia', 'General', 6, '0', NULL, NULL, NULL, NULL, NULL, NULL),
	(27, 'Si', 3, 'Kimia', '-', '', 299400.00, 'Tersedia', 'General', 7, '0', NULL, NULL, NULL, NULL, NULL, NULL),
	(28, 'N', 4, 'Kimia', '-', '', 181000.00, 'Tersedia', 'General', 1, '0', NULL, NULL, NULL, NULL, NULL, NULL),
	(29, 'P', 4, 'Kimia', '-', '', 160000.00, 'Tersedia', 'General', 2, '0', NULL, NULL, NULL, NULL, NULL, NULL),
	(30, 'K', 4, 'Kimia', '-', '', 161000.00, 'Tersedia', 'General', 3, '0', NULL, NULL, NULL, NULL, NULL, NULL),
	(31, 'Ca', 4, 'Kimia', '-', '', 157000.00, 'Tersedia', 'General', 4, '0', NULL, NULL, NULL, NULL, NULL, NULL),
	(32, 'Mg', 4, 'Kimia', '-', '', 157000.00, 'Tersedia', 'General', 5, '0', NULL, NULL, NULL, NULL, NULL, NULL),
	(33, 'S', 4, 'Kimia', '-', '', 160000.00, 'Tersedia', 'General', 6, '0', NULL, NULL, NULL, NULL, NULL, NULL),
	(34, 'Si', 4, 'Kimia', '-', '', 247000.00, 'Tersedia', 'General', 7, '0', NULL, NULL, NULL, NULL, NULL, NULL),
	(35, 'N', 5, 'Kimia', '-', '', 105000.00, 'Tersedia', 'General', 1, '0', NULL, NULL, NULL, NULL, NULL, NULL),
	(36, 'P', 5, 'Kimia', '-', '', 30000.00, 'Tersedia', 'General', 2, '0', NULL, NULL, NULL, NULL, NULL, NULL),
	(37, 'K', 5, 'Kimia', '-', '', 24000.00, 'Tersedia', 'General', 3, '0', NULL, NULL, NULL, NULL, NULL, NULL),
	(38, 'Ca', 5, 'Kimia', '-', '', 30000.00, 'Tersedia', 'General', 4, '0', NULL, NULL, NULL, NULL, NULL, NULL),
	(39, 'Mg', 5, 'Kimia', '-', '', 30000.00, 'Tersedia', 'General', 5, '0', NULL, NULL, NULL, NULL, NULL, NULL),
	(40, 'S', 5, 'Kimia', '-', '', 30000.00, 'Tersedia', 'General', 6, '0', NULL, NULL, NULL, NULL, NULL, NULL),
	(41, 'Si', 5, 'Kimia', '-', '', 59400.00, 'Tersedia', 'General', 7, '0', NULL, NULL, NULL, NULL, NULL, NULL),
	(42, 'Pb', 5, 'Kimia', '-', '', 35000.00, 'Tersedia', 'General', 8, '1', NULL, NULL, NULL, NULL, NULL, NULL),
	(43, 'Cd', 5, 'Kimia', '-', '', 35000.00, 'Tersedia', 'General', 9, '1', NULL, NULL, NULL, NULL, NULL, NULL),
	(44, 'Hg', 5, 'Kimia', '-', '', 70000.00, 'Tersedia', 'General', 10, '1', NULL, NULL, NULL, NULL, NULL, NULL),
	(45, 'As', 5, 'Kimia', '-', '', 70000.00, 'Tersedia', 'General', 11, '1', NULL, NULL, NULL, NULL, NULL, NULL),
	(46, 'Persiapan, Kadar Air, dan Ekstrak Total', 5, 'Kimia', '-', '', 102000.00, 'Tersedia', 'General', 12, '1', NULL, NULL, NULL, NULL, NULL, NULL),
	(47, 'N', 6, 'Kimia', '-', '', 39000.00, 'Tersedia', 'General', 1, '0', NULL, NULL, NULL, NULL, NULL, NULL),
	(48, 'P', 6, 'Kimia', '-', '', 18000.00, 'Tersedia', 'General', 2, '0', NULL, NULL, NULL, NULL, NULL, NULL),
	(49, 'K', 6, 'Kimia', '-', '', 19000.00, 'Tersedia', 'General', 3, '0', NULL, NULL, NULL, NULL, NULL, NULL),
	(50, 'Ca', 6, 'Kimia', '-', '', 15000.00, 'Tersedia', 'General', 4, '0', NULL, NULL, NULL, NULL, NULL, NULL),
	(51, 'Mg', 6, 'Kimia', '-', '', 15000.00, 'Tersedia', 'General', 5, '0', NULL, NULL, NULL, NULL, NULL, NULL),
	(52, 'S', 6, 'Kimia', '-', '', 18000.00, 'Tersedia', 'General', 6, '0', NULL, NULL, NULL, NULL, NULL, NULL),
	(53, 'Si', 6, 'Kimia', '-', '', 105000.00, 'Tersedia', 'General', 7, '0', NULL, NULL, NULL, NULL, NULL, NULL),
	(54, 'Pb', 6, 'Kimia', '-', '', 24000.00, 'Tersedia', 'General', 8, '1', NULL, NULL, NULL, NULL, NULL, NULL),
	(55, 'Cd', 6, 'Kimia', '-', '', 24000.00, 'Tersedia', 'General', 9, '1', NULL, NULL, NULL, NULL, NULL, NULL),
	(56, 'Hg', 6, 'Kimia', '-', '', 70000.00, 'Tersedia', 'General', 10, '1', NULL, NULL, NULL, NULL, NULL, NULL),
	(57, 'As', 6, 'Kimia', '-', '', 24000.00, 'Tersedia', 'General', 11, '1', NULL, NULL, NULL, NULL, NULL, NULL),
	(58, 'Zn', 7, 'Kimia', '-', '', 366000.00, 'Tersedia', 'General', 1, '0', NULL, NULL, NULL, NULL, NULL, NULL),
	(59, 'B', 7, 'Kimia', '-', '', 377000.00, 'Tersedia', 'General', 2, '0', NULL, NULL, NULL, NULL, NULL, NULL),
	(60, 'Mn', 7, 'Kimia', '-', '', 366000.00, 'Tersedia', 'General', 3, '0', NULL, NULL, NULL, NULL, NULL, NULL),
	(61, 'Cu', 7, 'Kimia', '-', '', 366000.00, 'Tersedia', 'General', 4, '0', NULL, NULL, NULL, NULL, NULL, NULL),
	(62, 'Mo', 7, 'Kimia', '-', '', 377000.00, 'Tersedia', 'General', 5, '0', NULL, NULL, NULL, NULL, NULL, NULL),
	(63, 'Co', 7, 'Kimia', '-', '', 377000.00, 'Tersedia', 'General', 6, '0', NULL, NULL, NULL, NULL, NULL, NULL),
	(64, 'Fe', 7, 'Kimia', '-', '', 366000.00, 'Tersedia', 'General', 7, '0', NULL, NULL, NULL, NULL, NULL, NULL),
	(65, 'Zn', 8, 'Kimia', '-', '', 161000.00, 'Tersedia', 'General', 1, '0', NULL, NULL, NULL, NULL, NULL, NULL),
	(66, 'B', 8, 'Kimia', '-', '', 166000.00, 'Tersedia', 'General', 2, '0', NULL, NULL, NULL, NULL, NULL, NULL),
	(67, 'Mn', 8, 'Kimia', '-', '', 161000.00, 'Tersedia', 'General', 3, '0', NULL, NULL, NULL, NULL, NULL, NULL),
	(68, 'Cu', 8, 'Kimia', '-', '', 161000.00, 'Tersedia', 'General', 4, '0', NULL, NULL, NULL, NULL, NULL, NULL),
	(69, 'Mo', 8, 'Kimia', '-', '', 166000.00, 'Tersedia', 'General', 5, '0', NULL, NULL, NULL, NULL, NULL, NULL),
	(70, 'Co', 8, 'Kimia', '-', '', 166000.00, 'Tersedia', 'General', 6, '0', NULL, NULL, NULL, NULL, NULL, NULL),
	(71, 'Fe', 8, 'Kimia', '-', '', 161000.00, 'Tersedia', 'General', 7, '0', NULL, NULL, NULL, NULL, NULL, NULL),
	(72, 'Zn', 9, 'Kimia', '-', '', 24000.00, 'Tersedia', 'General', 1, '0', NULL, NULL, NULL, NULL, NULL, NULL),
	(73, 'B', 9, 'Kimia', '-', '', 35000.00, 'Tersedia', 'General', 2, '0', NULL, NULL, NULL, NULL, NULL, NULL),
	(74, 'Mn', 9, 'Kimia', '-', '', 24000.00, 'Tersedia', 'General', 3, '0', NULL, NULL, NULL, NULL, NULL, NULL),
	(75, 'Cu', 9, 'Kimia', '-', '', 24000.00, 'Tersedia', 'General', 4, '0', NULL, NULL, NULL, NULL, NULL, NULL),
	(76, 'Mo', 9, 'Kimia', '-', '', 35000.00, 'Tersedia', 'General', 5, '0', NULL, NULL, NULL, NULL, NULL, NULL),
	(77, 'Co', 9, 'Kimia', '-', '', 35000.00, 'Tersedia', 'General', 6, '0', NULL, NULL, NULL, NULL, NULL, NULL),
	(78, 'Fe', 9, 'Kimia', '-', '', 24000.00, 'Tersedia', 'General', 7, '0', NULL, NULL, NULL, NULL, NULL, NULL),
	(79, 'Pb', 9, 'Kimia', '-', '', 35000.00, 'Tersedia', 'General', 8, '1', NULL, NULL, NULL, NULL, NULL, NULL),
	(80, 'Cd', 9, 'Kimia', '-', '', 35000.00, 'Tersedia', 'General', 9, '1', NULL, NULL, NULL, NULL, NULL, NULL),
	(81, 'Hg', 9, 'Kimia', '-', '', 70000.00, 'Tersedia', 'General', 10, '1', NULL, NULL, NULL, NULL, NULL, NULL),
	(82, 'As', 9, 'Kimia', '-', '', 70000.00, 'Tersedia', 'General', 11, '1', NULL, NULL, NULL, NULL, NULL, NULL),
	(83, 'Persiapan, Kadar Air, dan Ekstrak Total', 9, 'Kimia', '-', '', 102000.00, 'Tersedia', 'General', 12, '1', NULL, NULL, NULL, NULL, NULL, NULL),
	(84, 'Zn', 10, 'Kimia', '-', '', 18000.00, 'Tersedia', 'General', 1, '0', NULL, NULL, NULL, NULL, NULL, NULL),
	(85, 'B', 10, 'Kimia', '-', '', 24000.00, 'Tersedia', 'General', 2, '0', NULL, NULL, NULL, NULL, NULL, NULL),
	(86, 'Mn', 10, 'Kimia', '-', '', 30000.00, 'Tersedia', 'General', 3, '0', NULL, NULL, NULL, NULL, NULL, NULL),
	(87, 'Cu', 10, 'Kimia', '-', '', 30000.00, 'Tersedia', 'General', 4, '0', NULL, NULL, NULL, NULL, NULL, NULL),
	(88, 'Mo', 10, 'Kimia', '-', '', 30000.00, 'Tersedia', 'General', 5, '0', NULL, NULL, NULL, NULL, NULL, NULL),
	(89, 'Co', 10, 'Kimia', '-', '', 26400.00, 'Tersedia', 'General', 6, '0', NULL, NULL, NULL, NULL, NULL, NULL),
	(90, 'Fe', 10, 'Kimia', '-', '', 35000.00, 'Tersedia', 'General', 7, '0', NULL, NULL, NULL, NULL, NULL, NULL),
	(91, 'Pb', 10, 'Kimia', '-', '', 24000.00, 'Tersedia', 'General', 8, '1', NULL, NULL, NULL, NULL, NULL, NULL),
	(92, 'Cd', 10, 'Kimia', '-', '', 24000.00, 'Tersedia', 'General', 9, '1', NULL, NULL, NULL, NULL, NULL, NULL),
	(93, 'Hg', 10, 'Kimia', '-', '', 70000.00, 'Tersedia', 'General', 10, '1', NULL, NULL, NULL, NULL, NULL, NULL),
	(94, 'As', 10, 'Kimia', '-', '', 24000.00, 'Tersedia', 'General', 11, '1', NULL, NULL, NULL, NULL, NULL, NULL),
	(95, 'N ', 11, 'Kimia', '-', '', 105000.00, 'Tersedia', 'General', 1, '0', NULL, NULL, NULL, NULL, NULL, NULL),
	(96, 'P', 11, 'Kimia', '-', '', 30000.00, 'Tersedia', 'General', 2, '0', NULL, NULL, NULL, NULL, NULL, NULL),
	(97, 'K', 11, 'Kimia', '-', '', 24000.00, 'Tersedia', 'General', 3, '0', NULL, NULL, NULL, NULL, NULL, NULL),
	(98, 'Ca', 11, 'Kimia', '-', '', 30000.00, 'Tersedia', 'General', 4, '0', NULL, NULL, NULL, NULL, NULL, NULL),
	(99, 'Mg', 11, 'Kimia', '-', '', 30000.00, 'Tersedia', 'General', 5, '0', NULL, NULL, NULL, NULL, NULL, NULL),
	(100, 'S', 11, 'Kimia', '-', '', 30000.00, 'Tersedia', 'General', 6, '0', NULL, NULL, NULL, NULL, NULL, NULL),
	(101, 'Si', 11, 'Kimia', '-', '', 59400.00, 'Tersedia', 'General', 7, '0', NULL, NULL, NULL, NULL, NULL, NULL),
	(102, 'Zn', 11, 'Kimia', '-', '', 24000.00, 'Tersedia', 'General', 8, '0', NULL, NULL, NULL, NULL, NULL, NULL),
	(103, 'B', 11, 'Kimia', '-', '', 35000.00, 'Tersedia', 'General', 9, '0', NULL, NULL, NULL, NULL, NULL, NULL),
	(104, 'Mn', 11, 'Kimia', '-', '', 24000.00, 'Tersedia', 'General', 10, '0', NULL, NULL, NULL, NULL, NULL, NULL),
	(105, 'Cu', 11, 'Kimia', '-', '', 24000.00, 'Tersedia', 'General', 11, '0', NULL, NULL, NULL, NULL, NULL, NULL),
	(106, 'Mo', 11, 'Kimia', '-', '', 35000.00, 'Tersedia', 'General', 12, '0', NULL, NULL, NULL, NULL, NULL, NULL),
	(107, 'Co', 11, 'Kimia', '-', '', 35000.00, 'Tersedia', 'General', 13, '0', NULL, NULL, NULL, NULL, NULL, NULL),
	(108, 'Fe', 11, 'Kimia', '-', '', 24000.00, 'Tersedia', 'General', 14, '0', NULL, NULL, NULL, NULL, NULL, NULL),
	(109, 'Pb', 11, 'Kimia', '-', '', 35000.00, 'Tersedia', 'General', 15, '1', NULL, NULL, NULL, NULL, NULL, NULL),
	(110, 'Cd', 11, 'Kimia', '-', '', 35000.00, 'Tersedia', 'General', 16, '1', NULL, NULL, NULL, NULL, NULL, NULL),
	(111, 'Hg', 11, 'Kimia', '-', '', 70000.00, 'Tersedia', 'General', 17, '1', NULL, NULL, NULL, NULL, NULL, NULL),
	(112, 'As', 11, 'Kimia', '-', '', 70000.00, 'Tersedia', 'General', 18, '1', NULL, NULL, NULL, NULL, NULL, NULL),
	(113, 'Persiapan, Kadar Air, dan Ekstrak Total', 11, 'Kimia', '-', '', 102000.00, 'Tersedia', 'General', 19, '1', NULL, NULL, NULL, NULL, NULL, NULL),
	(114, 'N ', 12, 'Kimia', '-', '', 39000.00, 'Tersedia', 'General', 1, '0', NULL, NULL, NULL, NULL, NULL, NULL),
	(115, 'P', 12, 'Kimia', '-', '', 18000.00, 'Tersedia', 'General', 2, '0', NULL, NULL, NULL, NULL, NULL, NULL),
	(116, 'K', 12, 'Kimia', '-', '', 19000.00, 'Tersedia', 'General', 3, '0', NULL, NULL, NULL, NULL, NULL, NULL),
	(117, 'Ca', 12, 'Kimia', '-', '', 15000.00, 'Tersedia', 'General', 4, '0', NULL, NULL, NULL, NULL, NULL, NULL),
	(118, 'Mg', 12, 'Kimia', '-', '', 15000.00, 'Tersedia', 'General', 5, '0', NULL, NULL, NULL, NULL, NULL, NULL),
	(119, 'S', 12, 'Kimia', '-', '', 18000.00, 'Tersedia', 'General', 6, '0', NULL, NULL, NULL, NULL, NULL, NULL),
	(120, 'Si', 12, 'Kimia', '-', '', 105000.00, 'Tersedia', 'General', 7, '0', NULL, NULL, NULL, NULL, NULL, NULL),
	(121, 'Zn', 12, 'Kimia', '-', '', 19000.00, 'Tersedia', 'General', 8, '0', NULL, NULL, NULL, NULL, NULL, NULL),
	(122, 'B', 12, 'Kimia', '-', '', 24000.00, 'Tersedia', 'General', 9, '0', NULL, NULL, NULL, NULL, NULL, NULL),
	(123, 'Mn', 12, 'Kimia', '-', '', 19000.00, 'Tersedia', 'General', 10, '0', NULL, NULL, NULL, NULL, NULL, NULL),
	(124, 'Cu', 12, 'Kimia', '-', '', 19000.00, 'Tersedia', 'General', 11, '0', NULL, NULL, NULL, NULL, NULL, NULL),
	(125, 'Mo', 12, 'Kimia', '-', '', 24000.00, 'Tersedia', 'General', 12, '0', NULL, NULL, NULL, NULL, NULL, NULL),
	(126, 'Co', 12, 'Kimia', '-', '', 24000.00, 'Tersedia', 'General', 13, '0', NULL, NULL, NULL, NULL, NULL, NULL),
	(127, 'Fe', 12, 'Kimia', '-', '', 19000.00, 'Tersedia', 'General', 14, '0', NULL, NULL, NULL, NULL, NULL, NULL),
	(128, 'Pb', 12, 'Kimia', '-', '', 24000.00, 'Tersedia', 'General', 15, '1', NULL, NULL, NULL, NULL, NULL, NULL),
	(129, 'Cd', 12, 'Kimia', '-', '', 24000.00, 'Tersedia', 'General', 16, '1', NULL, NULL, NULL, NULL, NULL, NULL),
	(130, 'Hg', 12, 'Kimia', '-', '', 70000.00, 'Tersedia', 'General', 17, '1', NULL, NULL, NULL, NULL, NULL, NULL),
	(131, 'As', 12, 'Kimia', '-', '', 24000.00, 'Tersedia', 'General', 18, '1', NULL, NULL, NULL, NULL, NULL, NULL),
	(132, 'Bakteri(Rhizobium/Bradyrhizobium/Azospirillum)', 16, 'Kimia', 'cfu/g atau cfu/ml', '', 150000.00, 'Tersedia', 'Total Sel Hidup', 1, '0', NULL, NULL, NULL, NULL, NULL, NULL),
	(133, 'Lainnya', 16, 'Kimia', 'cfu/g atau cfu/ml', '', 125000.00, 'Tersedia', 'Total Sel Hidup', 1, '0', NULL, NULL, NULL, NULL, NULL, NULL),
	(134, 'Actinomicet ', 16, 'Kimia', 'cfu/g atau cfu/ml', '', 125000.00, 'Tersedia', 'Total Sel Hidup', 1, '0', NULL, NULL, NULL, NULL, NULL, NULL),
	(135, 'Fungi', 16, 'Kimia', '-', '', 125000.00, 'Tersedia', 'Total Sel Hidup', 1, '0', NULL, NULL, NULL, NULL, NULL, NULL),
	(136, 'Penambat N', 16, 'Kimia', '-', '', 125000.00, 'Tersedia', 'Uji Fungsional  ', 2, '1', NULL, NULL, NULL, NULL, NULL, NULL),
	(137, 'Pelarut P', 16, 'Kimia', '-', '', 125000.00, 'Tersedia', 'Uji Fungsional', 2, '1', NULL, NULL, NULL, NULL, NULL, NULL),
	(138, 'Pelarut unsur hara lain', 16, 'Kimia', '-', '', 125000.00, 'Tersedia', 'Uji Fungsional', 2, '1', NULL, NULL, NULL, NULL, NULL, NULL),
	(139, 'Perombak bahan organik', 16, 'Kimia', '-', '', 125000.00, 'Tersedia', 'Uji Fungsional', 2, '1', NULL, NULL, NULL, NULL, NULL, NULL),
	(140, 'Pembentuk bintil akar', 16, 'Kimia', '-', '', 150000.00, 'Tersedia', 'Uji Fungsional', 2, '1', NULL, NULL, NULL, NULL, NULL, NULL),
	(141, 'Patogenitas pada tanaman', 16, 'Kimia', '-', '', 150000.00, 'Tersedia', 'General', 3, '1', NULL, NULL, NULL, NULL, NULL, NULL),
	(142, 'E.coli', 16, 'Kimia', '-', '', 150000.00, 'Tersedia', 'General', 4, '1', NULL, NULL, NULL, NULL, NULL, NULL),
	(143, 'Salmonella sp', 16, 'Kimia', 'cfu atau MPN/g atau ml', '', 150000.00, 'Tersedia', 'General', 4, '1', NULL, NULL, NULL, NULL, NULL, NULL),
	(144, 'As', 16, 'Kimia', 'cfu atau MPN/g atau ml', '', 70000.00, 'Tersedia', 'Logam berat ', 5, '0', NULL, NULL, NULL, NULL, NULL, NULL),
	(145, 'Hg', 16, 'Kimia', 'ppm', '', 70000.00, 'Tersedia', 'Logam berat ', 5, '0', NULL, NULL, NULL, NULL, NULL, NULL),
	(146, 'Pb', 16, 'Kimia', 'ppm', '', 35000.00, 'Tersedia', 'Logam berat ', 5, '0', NULL, NULL, NULL, NULL, NULL, NULL),
	(147, 'Cd', 16, 'Kimia', 'ppm', '', 35000.00, 'Tersedia', 'Logam berat ', 5, '0', NULL, NULL, NULL, NULL, NULL, NULL),
	(148, 'Cr', 16, 'Kimia', 'ppm', '', 35000.00, 'Tersedia', 'Logam berat ', 5, '0', NULL, NULL, NULL, NULL, NULL, NULL),
	(149, 'Ni', 16, 'Kimia', 'ppm', '', 35000.00, 'Tersedia', 'Logam berat ', 5, '0', NULL, NULL, NULL, NULL, NULL, NULL),
	(150, 'Jumlah propagul hidup', 17, 'Kimia', 'cfu/g bobot kering contoh', '', 0.00, 'Tersedia', 'General', 1, '0', NULL, NULL, NULL, NULL, NULL, NULL),
	(151, 'Infeksi pada akar tanaman jagung (%) dengan Pewarnaan Fuchsin', 17, 'Kimia', '%', '', 0.00, 'Tersedia', 'Fungsional:', 2, '0', NULL, NULL, NULL, NULL, NULL, NULL),
	(152, 'E.coli', 17, 'Kimia', 'cfu atau MPN/g', '', 0.00, 'Tersedia', 'General', 3, '0', NULL, NULL, NULL, NULL, NULL, NULL),
	(153, 'Salmonella sp.', 17, 'Kimia', 'cfu atau MPN/g', '', 0.00, 'Tersedia', 'General', 3, '0', NULL, NULL, NULL, NULL, NULL, NULL),
	(154, 'As', 17, 'Kimia', 'ppm', '', 0.00, 'Tersedia', 'Logam berat ', 4, '0', NULL, NULL, NULL, NULL, NULL, NULL),
	(155, 'Hg', 17, 'Kimia', 'ppm', '', 0.00, 'Tersedia', 'Logam berat ', 4, '0', NULL, NULL, NULL, NULL, NULL, NULL),
	(156, 'Pb', 17, 'Kimia', 'ppm', '', 0.00, 'Tersedia', 'Logam berat', 4, '0', NULL, NULL, NULL, NULL, NULL, NULL),
	(157, 'Cd', 17, 'Kimia', 'ppm', '', 0.00, 'Tersedia', 'Logam berat', 4, '0', NULL, NULL, NULL, NULL, NULL, NULL),
	(158, 'Cr', 17, 'Kimia', 'ppm', '', 0.00, 'Tersedia', 'Logam berat', 4, '0', NULL, NULL, NULL, NULL, NULL, NULL),
	(159, 'Ni', 17, 'Kimia', 'ppm', '', 0.00, 'Tersedia', 'Logam berat', 4, '0', NULL, NULL, NULL, NULL, NULL, NULL),
	(160, 'Total Fungi (Genus)', 18, 'Kimia', 'cfu/g bobot kering contoh', '', 0.00, 'Tersedia', 'General', 1, '0', NULL, NULL, NULL, NULL, NULL, NULL),
	(161, 'E.coli', 18, 'Kimia', 'cfu atau MPN/g', '', 0.00, 'Tersedia', 'General', 2, '0', NULL, NULL, NULL, NULL, NULL, NULL),
	(162, 'Salmonella sp.', 18, 'Kimia', 'cfu atau MPN/g', '', 0.00, 'Tersedia', 'General', 2, '0', NULL, NULL, NULL, NULL, NULL, NULL),
	(163, 'As', 18, 'Kimia', 'ppm', '', 0.00, 'Tersedia', 'Logam berat:', 3, '0', NULL, NULL, NULL, NULL, NULL, NULL),
	(164, 'Hg', 18, 'Kimia', 'ppm', '', 0.00, 'Tersedia', 'Logam berat:', 3, '0', NULL, NULL, NULL, NULL, NULL, NULL),
	(165, 'Pb', 18, 'Kimia', 'ppm', '', 0.00, 'Tersedia', 'Logam berat:', 3, '0', NULL, NULL, NULL, NULL, NULL, NULL),
	(166, 'Cd', 18, 'Kimia', 'ppm', '', 0.00, 'Tersedia', 'Logam berat:', 3, '0', NULL, NULL, NULL, NULL, NULL, NULL),
	(167, 'Cr', 18, 'Kimia', 'ppm', '', 0.00, 'Tersedia', 'Logam berat:', 3, '0', NULL, NULL, NULL, NULL, NULL, NULL),
	(168, 'Ni', 18, 'Kimia', 'ppm', '', 0.00, 'Tersedia', 'Logam berat:', 3, '0', NULL, NULL, NULL, NULL, NULL, NULL),
	(169, 'Bakteri Rhizobium/Bradyrhizobium/Azospirillum', 19, 'Kimia', 'Cfu/g bobot kering contoh', '', 150000.00, 'Tersedia', 'Genus pertama', 1, '0', NULL, NULL, NULL, NULL, NULL, NULL),
	(170, 'Lainnya', 19, 'Kimia', 'Cfu/g bobot kering contoh', '', 125000.00, 'Tersedia', 'Genus pertama', 1, '0', NULL, NULL, NULL, NULL, NULL, NULL),
	(171, 'Aktinomesets', 19, 'Kimia', 'Cfu/g bobot kering contoh', '', 125000.00, 'Tersedia', 'Genus pertama', 1, '0', NULL, NULL, NULL, NULL, NULL, NULL),
	(172, 'Fungi:', 19, 'Kimia', 'Cfu/g bobot kering contoh', '', 125000.00, 'Tersedia', 'Genus pertama', 1, '0', NULL, NULL, NULL, NULL, NULL, NULL),
	(173, 'Bakteri (sebutkan genusnya):Rhizobium/Bradyrhizobium/Azospirillum', 19, 'Kimia', 'Cfu/g bobot kering contoh', '', 150000.00, 'Tersedia', 'Genus kedua ', 2, '0', NULL, NULL, NULL, NULL, NULL, NULL),
	(174, 'Lainnya', 19, 'Kimia', 'Cfu/g bobot kering contoh', '', 125000.00, 'Tersedia', 'Genus kedua', 2, '0', NULL, NULL, NULL, NULL, NULL, NULL),
	(175, 'Aktinomecets', 19, 'Kimia', 'Cfu/g bobot kering contoh', '', 125000.00, 'Tersedia', 'Genus kedua', 2, '0', NULL, NULL, NULL, NULL, NULL, NULL),
	(176, 'Fungi', 19, 'Kimia', 'Cfu/g bobot kering contoh', '', 125000.00, 'Tersedia', 'Genus kedua', 2, '0', NULL, NULL, NULL, NULL, NULL, NULL),
	(177, 'Penambat N', 19, 'Kimia', 'Positif', '', 125000.00, 'Tersedia', 'Uji Fungsional ', 2, '1', NULL, NULL, NULL, NULL, NULL, NULL),
	(178, 'Pelarut P', 19, 'Kimia', 'Positif', '', 125000.00, 'Tersedia', 'Uji Fungsional ', 2, '1', NULL, NULL, NULL, NULL, NULL, NULL),
	(179, 'Pelarut unsur hara lain', 19, 'Kimia', 'Positif', '', 125000.00, 'Tersedia', 'Uji Fungsional 2', 2, '1', NULL, NULL, NULL, NULL, NULL, NULL),
	(180, 'Perombak bahan organik', 19, 'Kimia', 'Positif', '', 125000.00, 'Tersedia', 'Uji Fungsional', 2, '1', NULL, NULL, NULL, NULL, NULL, NULL),
	(181, 'Pembentuk bintil akar', 19, 'Kimia', 'Positif', '', 125000.00, 'Tersedia', 'Uji Fungsional', 2, '1', NULL, NULL, NULL, NULL, NULL, NULL),
	(182, 'Patogenitas pada tanaman', 19, 'Kimia', 'Negatif', '', 150000.00, 'Tersedia', 'Uji Fungsional', 2, '1', NULL, NULL, NULL, NULL, NULL, NULL),
	(183, 'E.Coli', 19, 'Kimia', 'Cfu atau MPN/g atau ml', '', 150000.00, 'Tersedia', 'General', 2, '1', NULL, NULL, NULL, NULL, NULL, NULL),
	(184, 'Salmonella sp', 19, 'Kimia', 'Cfu atau MPN/g atau ml', '', 150000.00, 'Tersedia', 'General', 2, '1', NULL, NULL, NULL, NULL, NULL, NULL),
	(185, 'As', 19, 'Kimia', 'ppm', '', 70000.00, 'Tersedia', 'Logam berat', 2, '0', NULL, NULL, NULL, NULL, NULL, NULL),
	(186, 'Hg', 19, 'Kimia', 'ppm', '', 70000.00, 'Tersedia', 'Logam berat', 2, '0', NULL, NULL, NULL, NULL, NULL, NULL),
	(187, 'Pb', 19, 'Kimia', 'ppm', '', 35000.00, 'Tersedia', 'Logam berat', 2, '0', NULL, NULL, NULL, NULL, NULL, NULL),
	(188, 'Cd', 19, 'Kimia', 'ppm', '', 35000.00, 'Tersedia', 'Logam berat', 2, '0', NULL, NULL, NULL, NULL, NULL, NULL),
	(189, 'Cr', 19, 'Kimia', 'ppm', '', 35000.00, 'Tersedia', 'Logam berat', 2, '0', NULL, NULL, NULL, NULL, NULL, NULL),
	(190, 'Ni', 19, 'Kimia', 'ppm', '', 35000.00, 'Tersedia', 'Logam berat', 2, '0', NULL, NULL, NULL, NULL, NULL, NULL),
	(191, 'Bakteri', 20, 'Kimia', 'Cfu/g bobot kering contoh', '', 150000.00, 'Tersedia', 'Genus pertama ', 1, '0', NULL, NULL, NULL, NULL, NULL, NULL),
	(192, 'Lainnya', 20, 'Kimia', 'Cfu/g bobot kering contoh', '', 125000.00, 'Tersedia', 'Genus pertama ', 1, '0', NULL, NULL, NULL, NULL, NULL, NULL),
	(193, 'Aktinomiset:', 20, 'Kimia', 'Cfu/g bobot kering contoh', '', 125000.00, 'Tersedia', 'Genus pertama ', 1, '0', NULL, NULL, NULL, NULL, NULL, NULL),
	(194, 'Fungi:', 20, 'Kimia', 'Cfu/g bobot kering contoh', '', 125000.00, 'Tersedia', 'Genus pertama ', 1, '0', NULL, NULL, NULL, NULL, NULL, NULL),
	(195, 'Bakteri ', 20, 'Kimia', 'Cfu/g bobot kering contoh', '', 150000.00, 'Tersedia', 'Genus kedua ', 2, '0', NULL, NULL, NULL, NULL, NULL, NULL),
	(196, 'Lainnya', 20, 'Kimia', 'Cfu/g bobot kering contoh', '', 125000.00, 'Tersedia', 'Genus kedua ', 2, '0', NULL, NULL, NULL, NULL, NULL, NULL),
	(197, 'Aktinomiset:', 20, 'Kimia', 'Cfu/g bobot kering contoh', '', 125000.00, 'Tersedia', 'Genus kedua ', 2, '0', NULL, NULL, NULL, NULL, NULL, NULL),
	(198, 'Fungi:', 20, 'Kimia', 'Cfu/g bobot kering contoh', '', 125000.00, 'Tersedia', 'Genus kedua ', 2, '0', NULL, NULL, NULL, NULL, NULL, NULL),
	(199, 'Penambat N', 20, 'Kimia', 'Positif', '', 125000.00, 'Tersedia', 'Uji Fungsional ', 2, '1', NULL, NULL, NULL, NULL, NULL, NULL),
	(200, 'Pelarut P', 20, 'Kimia', 'Positif', '', 125000.00, 'Tersedia', 'Uji Fungsional ', 2, '1', NULL, NULL, NULL, NULL, NULL, NULL),
	(201, 'Pelarut unsur hara lain', 20, 'Kimia', 'Positif', '', 125000.00, 'Tersedia', 'Uji Fungsional ', 2, '1', NULL, NULL, NULL, NULL, NULL, NULL),
	(202, 'Perombak bahan organik', 20, 'Kimia', 'Positif', '', 125000.00, 'Tersedia', 'Uji Fungsional ', 2, '1', NULL, NULL, NULL, NULL, NULL, NULL),
	(203, 'Pembentuk bintil akar', 20, 'Kimia', 'Positif', '', 125000.00, 'Tersedia', 'Uji Fungsional ', 2, '1', NULL, NULL, NULL, NULL, NULL, NULL),
	(204, 'Patogenitas pada tanaman', 20, 'Kimia', 'Negatif', '', 150000.00, 'Tersedia', 'Uji Fungsional ', 2, '1', NULL, NULL, NULL, NULL, NULL, NULL),
	(205, 'E.Coli', 20, 'Kimia', 'Cfu atau MPN/g atau ml', '', 150000.00, 'Tersedia', 'Uji Fungsional', 2, '1', NULL, NULL, NULL, NULL, NULL, NULL),
	(206, 'Salmonella sp', 20, 'Kimia', 'Cfu atau MPN/g atau ml', '', 150000.00, 'Tersedia', 'Uji Fungsional', 2, '1', NULL, NULL, NULL, NULL, NULL, NULL),
	(207, 'C-organik', 13, 'Kimia', '%', '', 0.00, 'Tersedia', 'General', 1, '0', NULL, NULL, NULL, NULL, NULL, NULL),
	(208, 'C/N', 13, 'Kimia', '-', '', 0.00, 'Tersedia', 'General', 2, '0', NULL, NULL, NULL, NULL, NULL, NULL),
	(209, 'Bahan ikutan (beling/pecahan kaca, lastic, kerikil, dan logam)', 13, 'Kimia', '%', '', 0.00, 'Tersedia', 'General', 3, '0', NULL, NULL, NULL, NULL, NULL, NULL),
	(210, 'Kadar air', 13, 'Kimia', '%', '', 0.00, 'Tersedia', 'General', 4, '0', NULL, NULL, NULL, NULL, NULL, NULL),
	(211, 'pH', 13, 'Kimia', '-', '', 0.00, 'Tersedia', 'General', 5, '0', NULL, NULL, NULL, NULL, NULL, NULL),
	(212, 'Hara makro (N+P2O5+K2O)', 13, 'Kimia', '%', '', 0.00, 'Tersedia', 'General', 6, '0', NULL, NULL, NULL, NULL, NULL, NULL),
	(213, 'Hg', 13, 'Kimia', 'mg/kg', '', 0.00, 'Tersedia', 'Logam berat', 7, '0', NULL, NULL, NULL, NULL, NULL, NULL),
	(214, 'Pb', 13, 'Kimia', 'mg/kg', '', 0.00, 'Tersedia', 'Logam berat', 7, '0', NULL, NULL, NULL, NULL, NULL, NULL),
	(215, 'Cd', 13, 'Kimia', 'mg/kg', '', 0.00, 'Tersedia', 'Logam berat', 7, '0', NULL, NULL, NULL, NULL, NULL, NULL),
	(216, 'As', 13, 'Kimia', 'mg/kg', '', 0.00, 'Tersedia', 'Logam berat', 7, '0', NULL, NULL, NULL, NULL, NULL, NULL),
	(217, 'Cr', 13, 'Kimia', 'mg/kg', '', 0.00, 'Tersedia', 'Logam berat', 7, '0', NULL, NULL, NULL, NULL, NULL, NULL),
	(218, 'Ni', 13, 'Kimia', 'mg/kg', '', 0.00, 'Tersedia', 'Logam berat', 7, '0', NULL, NULL, NULL, NULL, NULL, NULL),
	(219, 'Fe total', 13, 'Kimia', 'mg/kg', '', 0.00, 'Tersedia', 'Hara mikro', 8, '0', NULL, NULL, NULL, NULL, NULL, NULL),
	(220, 'Fe tersedia', 13, 'Kimia', 'mg/kg', '', 0.00, 'Tersedia', 'Hara mikro', 8, '0', NULL, NULL, NULL, NULL, NULL, NULL),
	(221, 'Zn total', 13, 'Kimia', 'mg/kg', '', 0.00, 'Tersedia', 'Hara mikro', 8, '0', NULL, NULL, NULL, NULL, NULL, NULL),
	(222, 'Ukuran butir (2  4,75) mm***', 13, 'Kimia', '%', '', 0.00, 'Tersedia', 'Hara mikro', 8, '0', NULL, NULL, NULL, NULL, NULL, NULL),
	(223, 'E-coli', 13, 'Kimia', 'MPN/g', '', 0.00, 'Tersedia', 'Cemaran mikroba', 9, '0', NULL, NULL, NULL, NULL, NULL, NULL),
	(224, 'C-organik', 14, 'Kimia', '%', '', 0.00, 'Tersedia', 'General', 1, '0', NULL, NULL, NULL, NULL, NULL, NULL),
	(225, 'C/N', 14, 'Kimia', '-', '', 0.00, 'Tersedia', 'General', 2, '0', NULL, NULL, NULL, NULL, NULL, NULL),
	(226, 'Kadar air', 14, 'Kimia', '% (w/w)', '', 0.00, 'Tersedia', 'General', 3, '0', NULL, NULL, NULL, NULL, NULL, NULL),
	(227, 'Hara makro (N+P2O5+K2O)', 14, 'Kimia', '%', '', 0.00, 'Tersedia', 'General', 4, '0', NULL, NULL, NULL, NULL, NULL, NULL),
	(228, 'Fe total', 14, 'Kimia', 'ppm', '', 0.00, 'Tersedia', 'Hara mikro', 5, '0', NULL, NULL, NULL, NULL, NULL, NULL),
	(229, 'Fe tersedia', 14, 'Kimia', 'ppm', '', 0.00, 'Tersedia', 'Hara mikro', 5, '0', NULL, NULL, NULL, NULL, NULL, NULL),
	(230, 'Zn total', 14, 'Kimia', 'ppm', '', 0.00, 'Tersedia', 'Hara mikro', 5, '0', NULL, NULL, NULL, NULL, NULL, NULL),
	(231, 'pH', 14, 'Kimia', '-', '', 0.00, 'Tersedia', 'General', 6, '0', NULL, NULL, NULL, NULL, NULL, NULL),
	(232, 'Salmonella sp', 14, 'Kimia', 'cfu/g atau MPN/g', '', 0.00, 'Tersedia', 'General', 7, '0', NULL, NULL, NULL, NULL, NULL, NULL),
	(233, 'Mikroba Fungsional***', 14, 'Kimia', 'cfu/g', '', 0.00, 'Tersedia', 'General', 8, '0', NULL, NULL, NULL, NULL, NULL, NULL),
	(234, 'As', 14, 'Kimia', 'ppm', '', 0.00, 'Tersedia', 'Logam berat', 9, '0', NULL, NULL, NULL, NULL, NULL, NULL),
	(235, 'Hg', 14, 'Kimia', 'ppm', '', 0.00, 'Tersedia', 'Logam berat', 9, '0', NULL, NULL, NULL, NULL, NULL, NULL),
	(236, 'Pb', 14, 'Kimia', 'ppm', '', 0.00, 'Tersedia', 'Logam berat', 9, '0', NULL, NULL, NULL, NULL, NULL, NULL),
	(237, 'Cd', 14, 'Kimia', 'ppm', '', 0.00, 'Tersedia', 'Logam berat', 9, '0', NULL, NULL, NULL, NULL, NULL, NULL),
	(238, 'Cr', 14, 'Kimia', 'ppm', '', 0.00, 'Tersedia', 'Logam berat', 9, '0', NULL, NULL, NULL, NULL, NULL, NULL),
	(239, 'Ni', 14, 'Kimia', 'ppm', '', 0.00, 'Tersedia', 'Logam berat', 9, '0', NULL, NULL, NULL, NULL, NULL, NULL),
	(240, 'Ukuran butir (2  4,75) mm****', 14, 'Kimia', '%', '', 0.00, 'Tersedia', 'General', 10, '0', NULL, NULL, NULL, NULL, NULL, NULL),
	(241, 'Bahan ikutan (plastik, kaca, kerikil)', 14, 'Kimia', '%', '', 0.00, 'Tersedia', 'General', 11, '0', NULL, NULL, NULL, NULL, NULL, NULL),
	(242, 'Na', 14, 'Kimia', 'ppm', '', 0.00, 'Tersedia', 'Unsur /senyawa lain', 12, '0', NULL, NULL, NULL, NULL, NULL, NULL),
	(243, 'Cl', 14, 'Kimia', 'ppm', '', 0.00, 'Tersedia', 'Unsur /senyawa lain', 12, '0', NULL, NULL, NULL, NULL, NULL, NULL),
	(244, 'C-organik', 15, 'Kimia', '% (w/v)', '', 0.00, 'Tersedia', 'General', 1, '0', NULL, NULL, NULL, NULL, NULL, NULL),
	(245, 'Hara makro (N+P2O5+K2O)', 15, 'Kimia', '% (w/v)', '', 0.00, 'Tersedia', 'General', 2, '0', NULL, NULL, NULL, NULL, NULL, NULL),
	(246, 'N-organik', 15, 'Kimia', '% (w/v)', '', 0.00, 'Tersedia', 'General', 3, '0', NULL, NULL, NULL, NULL, NULL, NULL),
	(247, 'Fe total', 15, 'Kimia', 'ppm', '', 0.00, 'Tersedia', 'Hara mikro***', 4, '0', NULL, NULL, NULL, NULL, NULL, NULL),
	(248, 'Mn total', 15, 'Kimia', 'ppm', '', 0.00, 'Tersedia', 'Hara mikro***', 4, '0', NULL, NULL, NULL, NULL, NULL, NULL),
	(249, 'Cu total', 15, 'Kimia', 'ppm', '', 0.00, 'Tersedia', 'Hara mikro***', 4, '0', NULL, NULL, NULL, NULL, NULL, NULL),
	(250, 'Zn total', 15, 'Kimia', 'ppm', '', 0.00, 'Tersedia', 'Hara mikro***', 4, '0', NULL, NULL, NULL, NULL, NULL, NULL),
	(251, 'B total', 15, 'Kimia', 'ppm', '', 0.00, 'Tersedia', 'Hara mikro***', 4, '0', NULL, NULL, NULL, NULL, NULL, NULL),
	(252, 'Mo total', 15, 'Kimia', 'ppm', '', 0.00, 'Tersedia', 'Hara mikro***', 4, '0', NULL, NULL, NULL, NULL, NULL, NULL),
	(253, 'E.coli', 14, 'Kimia', 'cfu/g atau MPN/g', '', 0.00, 'Tersedia', 'General', 7, '0', NULL, NULL, NULL, NULL, NULL, NULL),
	(254, 'pH', 15, 'Kimia', '-', '', 0.00, 'Tersedia', 'General', 5, '0', NULL, NULL, NULL, NULL, NULL, NULL),
	(255, 'E.coli', 15, 'Kimia', 'cfu/g atau MPN/g', '', 0.00, 'Tersedia', 'General', 6, '0', NULL, NULL, NULL, NULL, NULL, NULL),
	(256, 'Salmonella sp', 15, 'Kimia', 'cfu/g atau MPN/g', '', 0.00, 'Tersedia', 'General', 6, '0', NULL, NULL, NULL, NULL, NULL, NULL),
	(257, 'As', 15, 'Kimia', 'ppm', '', 0.00, 'Tersedia', 'Logam berat', 7, '0', NULL, NULL, NULL, NULL, NULL, NULL),
	(258, 'Hg', 15, 'Kimia', 'ppm', '', 0.00, 'Tersedia', 'Logam berat', 7, '0', NULL, NULL, NULL, NULL, NULL, NULL),
	(259, 'Pb', 15, 'Kimia', 'ppm', '', 0.00, 'Tersedia', 'Logam berat', 7, '0', NULL, NULL, NULL, NULL, NULL, NULL),
	(260, 'Cd', 15, 'Kimia', 'ppm', '', 0.00, 'Tersedia', 'Logam berat', 7, '0', NULL, NULL, NULL, NULL, NULL, NULL),
	(261, 'Cr', 15, 'Kimia', 'ppm', '', 0.00, 'Tersedia', 'Logam berat', 7, '0', NULL, NULL, NULL, NULL, NULL, NULL),
	(262, 'Ni', 15, 'Kimia', 'ppm', '', 0.00, 'Tersedia', 'Logam berat', 7, '0', NULL, NULL, NULL, NULL, NULL, NULL),
	(263, 'Na', 15, 'Kimia', 'ppm', '', 0.00, 'Tersedia', 'Unsur /senyawa lain', 8, '0', NULL, NULL, NULL, NULL, NULL, NULL),
	(264, 'Cl', 15, 'Kimia', 'ppm', '', 0.00, 'Tersedia', 'Unsur /senyawa lain', 8, '0', NULL, NULL, NULL, NULL, NULL, NULL),
	(265, 'Persiapan contoh ', 21, 'Kimia', '-', '', 18000.00, 'Tersedia', 'General', 1, '1', NULL, NULL, NULL, NULL, NULL, NULL),
	(266, 'Tekstur 3 Fraksi (pasir, debu dan liat)', 21, 'Kimia', '-', '', 30000.00, 'Tersedia', 'General', 2, '0', NULL, NULL, NULL, NULL, NULL, NULL),
	(267, 'pH - H2O', 21, 'Kimia', '-', '', 12000.00, 'Tersedia', 'General', 3, '0', NULL, NULL, NULL, NULL, NULL, NULL),
	(268, 'C- Organik', 21, 'Kimia', '-', '', 24000.00, 'Tersedia', 'General', 5, '0', NULL, NULL, NULL, NULL, NULL, NULL),
	(269, 'N- Kjeldahl', 21, 'Kimia', '-', '', 30000.00, 'Tersedia', 'General', 6, '0', NULL, NULL, NULL, NULL, NULL, NULL),
	(273, 'Kapasitas Tukar Kation (KTK)', 21, 'Kimia', '-', '', 42000.00, 'Tersedia', 'General', 9, '0', NULL, NULL, NULL, NULL, NULL, NULL),
	(276, 'Persiapan contoh', 22, 'Kimia', '-', 'TANAH KHUSUS', 18000.00, 'Tersedia', 'General', 1, '1', NULL, NULL, NULL, NULL, NULL, NULL),
	(277, 'pH  NaF', 22, 'Kimia', '-', 'TANAH KHUSUS', 18000.00, 'Tersedia', 'General', 2, '0', NULL, NULL, NULL, NULL, NULL, NULL),
	(278, 'CaCO3 .', 22, 'Kimia', '-', 'TANAH KHUSUS', 18000.00, 'Tersedia', 'General', 3, '0', NULL, NULL, NULL, NULL, NULL, NULL),
	(279, 'CaSO4 (Gips) .', 22, 'Kimia', '-', 'TANAH KHUSUS', 18000.00, 'Tersedia', 'General', 4, '0', NULL, NULL, NULL, NULL, NULL, NULL),
	(280, 'Salinitas / EC (DHL) ', 22, 'Kimia', '-', 'TANAH KHUSUS', 12000.00, 'Tersedia', 'General', 5, '0', NULL, NULL, NULL, NULL, NULL, NULL),
	(281, 'Redoks ', 22, 'Kimia', '-', 'TANAH KHUSUS', 18000.00, 'Tersedia', 'General', 6, '0', NULL, NULL, NULL, NULL, NULL, NULL),
	(282, 'Keasaman terekstrak (BaCl2-TEA) .', 22, 'Kimia', '-', 'TANAH KHUSUS', 24000.00, 'Tersedia', 'General', 7, '0', NULL, NULL, NULL, NULL, NULL, NULL),
	(283, 'P-Retensi (Ekstraksi Rp 12.000,- Pengukuran P Rp 18.000,-)', 22, 'Kimia', '-', 'TANAH KHUSUS', 30000.00, 'Tersedia', 'General', 8, '0', NULL, NULL, NULL, NULL, NULL, NULL),
	(284, 'P-Sorption', 22, 'Kimia', '-', 'TANAH KHUSUS', 108000.00, 'Tersedia', 'General', 9, '0', NULL, NULL, NULL, NULL, NULL, NULL),
	(286, 'Jumlah Nematoda', 23, 'Biologi', '-', 'MESOFAUNA', 125000.00, 'Tersedia', 'General', 1, '0', 'admin', '2019-12-10 10:34:47', NULL, NULL, NULL, NULL),
	(287, 'Jumlah total bakteri aerob heterotrof', 23, 'Biologi', '-', 'BAKTERI', 150000.00, 'Tersedia', 'General', 2, '0', 'admin', '2019-12-10 10:34:47', NULL, NULL, NULL, NULL),
	(288, 'Jumlah total bakter anerob heterotrof', 23, 'Biologi', '-', 'BAKTERI', 250000.00, 'Tersedia', 'General', 3, '0', 'admin', '2019-12-10 10:34:47', NULL, NULL, NULL, NULL),
	(289, 'Jumlah rhizobium bradirhzobium sp', 23, 'Biologi', '-', 'BAKTERI', 150000.00, 'Tersedia', 'General', 4, '0', 'admin', '2019-12-10 10:34:47', NULL, NULL, NULL, NULL),
	(290, 'Jumlah Azospirillum sp', 23, 'Biologi', '-', 'BAKTERI', 125000.00, 'Tersedia', 'General', 5, '0', 'admin', '2019-12-10 10:34:47', NULL, NULL, NULL, NULL),
	(291, 'Jumlah Azotobacter sp', 23, 'Biologi', '-', 'BAKTERI', 125000.00, 'Tersedia', 'General', 6, '0', 'admin', '2019-12-10 10:34:47', NULL, NULL, NULL, NULL),
	(292, 'Jumlah Pseudomonas sp', 23, 'Biologi', '-', 'BAKTERI', 125000.00, 'Tersedia', 'General', 7, '0', 'admin', '2019-12-10 10:34:47', NULL, NULL, NULL, NULL),
	(293, 'Jumlah Bacillus sp', 23, 'Biologi', '-', 'BAKTERI', 125000.00, 'Tersedia', 'General', 8, '0', 'admin', '2019-12-10 10:34:47', NULL, NULL, NULL, NULL),
	(294, 'Jumlah Bakteri Penambat Nitrogen', 23, 'Biologi', '-', 'BAKTERI', 125000.00, 'Tersedia', 'General', 9, '0', 'admin', '2019-12-10 10:34:47', NULL, NULL, NULL, NULL),
	(295, 'Jumlah Bakteri Pelarut Fosfat', 23, 'Biologi', '-', 'BAKTERI', 125000.00, 'Tersedia', 'General', 10, '0', 'admin', '2019-12-10 10:34:47', NULL, NULL, NULL, NULL),
	(296, 'Jumlah Bakteri Selulolitik', 23, 'Biologi', '-', 'BAKTERI', 125000.00, 'Tersedia', 'General', 11, '0', 'admin', '2019-12-10 10:34:47', NULL, NULL, NULL, NULL),
	(297, 'Jumlah Bakteri Kitinolitik', 23, 'Biologi', '-', 'BAKTERI', 125000.00, 'Tersedia', 'General', 12, '0', 'admin', '2019-12-10 10:34:47', NULL, NULL, NULL, NULL),
	(298, 'Jumlah Bakteri Lipolitik', 23, 'Biologi', '-', 'BAKTERI', 125000.00, 'Tersedia', 'General', 13, '0', 'admin', '2019-12-10 10:34:47', NULL, NULL, NULL, NULL),
	(299, 'Jumlah Bakteri Proteolitik', 23, 'Biologi', '-', 'BAKTERI', 125000.00, 'Tersedia', 'General', 14, '0', 'admin', '2019-12-10 10:34:47', NULL, NULL, NULL, NULL),
	(300, 'Jumlah Bakteri Nitrobacter sp', 23, 'Biologi', '-', 'BAKTERI', 125000.00, 'Tersedia', 'General', 15, '0', 'admin', '2019-12-10 10:34:47', NULL, NULL, NULL, NULL),
	(301, 'Jumlah Bakteri Nitrosomonas sp', 23, 'Biologi', '-', 'BAKTERI', 125000.00, 'Tersedia', 'General', 16, '0', 'admin', '2019-12-10 10:34:47', NULL, NULL, NULL, NULL),
	(302, 'Jumlah total fungi', 23, 'Biologi', '-', 'FUNGI', 125000.00, 'Tersedia', 'General', 17, '0', 'admin', '2019-12-10 10:34:47', NULL, NULL, NULL, NULL),
	(303, 'Jumlah Mikoriza', 23, 'Biologi', '-', 'FUNGI', 125000.00, 'Tersedia', 'General', 18, '0', 'admin', '2019-12-10 10:34:47', NULL, NULL, NULL, NULL),
	(304, 'Jumlah Trichoderma sp', 23, 'Biologi', '-', 'FUNGI', 125000.00, 'Tersedia', 'General', 19, '0', 'admin', '2019-12-10 10:34:47', NULL, NULL, NULL, NULL),
	(305, 'Jumlah Aspergillus sp', 23, 'Biologi', '-', 'FUNGI', 125000.00, 'Tersedia', 'General', 20, '0', 'admin', '2019-12-10 10:34:47', NULL, NULL, NULL, NULL),
	(306, 'Jumlah Saccharomyces sp', 23, 'Biologi', '-', 'FUNGI', 125000.00, 'Tersedia', 'General', 21, '0', 'admin', '2019-12-10 10:34:47', NULL, NULL, NULL, NULL),
	(307, 'Jumlah Fungi Pelarut Fosfat', 23, 'Biologi', '-', 'FUNGI', 125000.00, 'Tersedia', 'General', 22, '0', 'admin', '2019-12-10 10:34:47', NULL, NULL, NULL, NULL),
	(308, 'Jumlah Fungi Selulolitik', 23, 'Biologi', '-', 'FUNGI', 125000.00, 'Tersedia', 'General', 23, '0', 'admin', '2019-12-10 10:34:47', NULL, NULL, NULL, NULL),
	(309, 'Jumlah Fungi Lipolitik', 23, 'Biologi', '-', 'FUNGI', 125000.00, 'Tersedia', 'General', 24, '0', 'admin', '2019-12-10 10:34:47', NULL, NULL, NULL, NULL),
	(310, 'Jumlah Fungi Proteolitik', 23, 'Biologi', '-', 'FUNGI', 125000.00, 'Tersedia', 'General', 25, '0', 'admin', '2019-12-10 10:34:47', NULL, NULL, NULL, NULL),
	(311, 'Jumlah Fungi Lignolitik', 23, 'Biologi', '-', 'FUNGI', 125000.00, 'Tersedia', 'General', 26, '0', 'admin', '2019-12-10 10:34:47', NULL, NULL, NULL, NULL),
	(312, 'Jumlah Actinomycetes', 23, 'Biologi', '-', 'AKTINOMISET', 125000.00, 'Tersedia', 'General', 27, '0', 'admin', '2019-12-10 10:34:47', NULL, NULL, NULL, NULL),
	(313, 'Jumlah Streptomyces sp', 23, 'Biologi', '-', 'AKTINOMISET', 125000.00, 'Tersedia', 'General', 28, '0', 'admin', '2019-12-10 10:34:47', NULL, NULL, NULL, NULL),
	(314, 'Aktivitas Reduksi Asetilen (ARA)', 23, 'Biologi', '-', 'AKTIVITAS MIKROBA', 200000.00, 'Tersedia', 'General', 29, '0', 'admin', '2019-12-10 10:34:47', NULL, NULL, NULL, NULL),
	(315, 'Aktivitas Dehidrogenase', 23, 'Biologi', '-', 'AKTIVITAS MIKROBA', 150000.00, 'Tersedia', 'General', 30, '0', 'admin', '2019-12-10 10:34:47', NULL, NULL, NULL, NULL),
	(316, 'Respirasi', 23, 'Biologi', '-', 'AKTIVITAS MIKROBA', 50000.00, 'Tersedia', 'General', 31, '0', 'admin', '2019-12-10 10:34:47', NULL, NULL, NULL, NULL),
	(317, 'C-microba', 23, 'Biologi', '-', 'AKTIVITAS MIKROBA', 75000.00, 'Tersedia', 'General', 32, '0', 'admin', '2019-12-10 10:34:47', NULL, NULL, NULL, NULL),
	(318, 'pH', 23, 'Biologi', '-', 'Kimia dan Fisik Contoh Tanah', 15000.00, 'Tersedia', 'General', 33, '0', 'admin', '2019-12-10 10:34:47', NULL, NULL, NULL, NULL),
	(319, 'Kadar Air', 23, 'Biologi', '-', 'Kimia dan Fisik Contoh Tanah', 15000.00, 'Tersedia', 'General', 34, '0', 'admin', '2019-12-10 10:34:47', NULL, NULL, NULL, NULL),
	(320, 'Jumlah total bakteri aerob heterotrop', 24, 'Biologi', '-', 'BAKTERI', 150000.00, 'Tersedia', 'General', 1, '0', 'admin', '2019-12-10 10:34:47', NULL, NULL, NULL, NULL),
	(321, 'Jumlah total bakteri anerob heterotrop', 24, 'Biologi', '-', 'BAKTERI', 250000.00, 'Tersedia', 'General', 2, '0', 'admin', '2019-12-10 10:34:47', NULL, NULL, NULL, NULL),
	(322, 'Jumlah Rhizobium/Bradirhyzobium sp', 24, 'Biologi', '-', 'BAKTERI', 150000.00, 'Tersedia', 'General', 3, '0', 'admin', '2019-12-10 10:34:47', NULL, NULL, NULL, NULL),
	(323, 'Jumlah Azospirillum sp', 24, 'Biologi', '-', 'BAKTERI', 150000.00, 'Tersedia', 'General', 4, '0', 'admin', '2019-12-10 10:34:47', NULL, NULL, NULL, NULL),
	(324, 'Jumlah Azotobacter sp', 24, 'Biologi', '-', 'BAKTERI', 125000.00, 'Tersedia', 'General', 5, '0', 'admin', '2019-12-10 10:34:47', NULL, NULL, NULL, NULL),
	(325, 'Jumlah Pseudomonas sp', 24, 'Biologi', '-', 'BAKTERI', 125000.00, 'Tersedia', 'General', 6, '0', 'admin', '2019-12-10 10:34:47', NULL, NULL, NULL, NULL),
	(326, 'Jumlah Bacillus sp', 24, 'Biologi', '-', 'BAKTERI', 125000.00, 'Tersedia', 'General', 7, '0', 'admin', '2019-12-10 10:34:47', NULL, NULL, NULL, NULL),
	(327, 'Jumlah Lactobacillus sp', 24, 'Biologi', '-', 'BAKTERI', 125000.00, 'Tersedia', 'General', 8, '0', 'admin', '2019-12-10 10:34:47', NULL, NULL, NULL, NULL),
	(328, 'Total Coliform (MPN)', 24, 'Biologi', '-', 'BAKTERI', 125000.00, 'Tersedia', 'General', 9, '0', 'admin', '2019-12-10 10:34:47', NULL, NULL, NULL, NULL),
	(329, 'Jumlah E.Coli  (MPN)', 24, 'Biologi', '-', 'BAKTERI', 150000.00, 'Tersedia', 'General', 10, '0', 'admin', '2019-12-10 10:34:47', NULL, NULL, NULL, NULL),
	(330, 'Jumlah Salmonella sp', 24, 'Biologi', '-', 'BAKTERI', 125000.00, 'Tersedia', 'General', 11, '0', 'admin', '2019-12-10 10:34:47', NULL, NULL, NULL, NULL),
	(331, 'Jumlah Bakteri Penambat Nitrogen', 24, 'Biologi', '-', 'BAKTERI', 125000.00, 'Tersedia', 'General', 12, '0', 'admin', '2019-12-10 10:34:47', NULL, NULL, NULL, NULL),
	(332, 'Jumlah Bakteri Pelarut Fosfat', 24, 'Biologi', '-', 'BAKTERI', 125000.00, 'Tersedia', 'General', 13, '0', 'admin', '2019-12-10 10:34:47', NULL, NULL, NULL, NULL),
	(333, 'Jumlah Bakteri Selulolitik', 24, 'Biologi', '-', 'BAKTERI', 125000.00, 'Tersedia', 'General', 14, '0', 'admin', '2019-12-10 10:34:47', NULL, NULL, NULL, NULL),
	(334, 'Jumlah Bakteri Kitinolitik', 24, 'Biologi', '-', 'BAKTERI', 125000.00, 'Tersedia', 'General', 15, '0', 'admin', '2019-12-10 10:34:47', NULL, NULL, NULL, NULL),
	(335, 'Jumlah Bakteri Lipolitik', 24, 'Biologi', '-', 'BAKTERI', 125000.00, 'Tersedia', 'General', 16, '0', 'admin', '2019-12-10 10:34:47', NULL, NULL, NULL, NULL),
	(336, 'Jumlah Bakteri Proteolitik', 24, 'Biologi', '-', 'BAKTERI', 125000.00, 'Tersedia', 'General', 17, '0', 'admin', '2019-12-10 10:34:47', NULL, NULL, NULL, NULL),
	(337, 'Jumlah Bakteri Micrococcus sp', 24, 'Biologi', '-', 'BAKTERI', 125000.00, 'Tersedia', 'General', 18, '0', 'admin', '2019-12-10 10:34:47', NULL, NULL, NULL, NULL),
	(338, 'Total Fungi', 24, 'Biologi', '-', 'FUNGI', 125000.00, 'Tersedia', 'General', 19, '0', 'admin', '2019-12-10 10:34:47', NULL, NULL, NULL, NULL),
	(339, 'Jumlah Mikoriza', 24, 'Biologi', '-', 'FUNGI', 125000.00, 'Tersedia', 'General', 20, '0', 'admin', '2019-12-10 10:34:47', NULL, NULL, NULL, NULL),
	(340, 'Jumlah Trichoderma sp', 24, 'Biologi', '-', 'FUNGI', 125000.00, 'Tersedia', 'General', 21, '0', 'admin', '2019-12-10 10:34:47', NULL, NULL, NULL, NULL),
	(341, 'Jumlah Aspergillus sp', 24, 'Biologi', '-', 'FUNGI', 125000.00, 'Tersedia', 'General', 22, '0', 'admin', '2019-12-10 10:34:47', NULL, NULL, NULL, NULL),
	(342, 'Jumlah Saccharomyces sp', 24, 'Biologi', '-', 'FUNGI', 125000.00, 'Tersedia', 'General', 23, '0', 'admin', '2019-12-10 10:34:47', NULL, NULL, NULL, NULL),
	(343, 'Jumlah Fungi Pelarut Fosfat', 24, 'Biologi', '-', 'FUNGI', 125000.00, 'Tersedia', 'General', 24, '0', 'admin', '2019-12-10 10:34:47', NULL, NULL, NULL, NULL),
	(344, 'Jumlah Fungi Selulolitik', 24, 'Biologi', '-', 'FUNGI', 125000.00, 'Tersedia', 'General', 25, '0', 'admin', '2019-12-10 10:34:47', NULL, NULL, NULL, NULL),
	(345, 'JumlahFungi Lipolitik', 24, 'Biologi', '-', 'FUNGI', 125000.00, 'Tersedia', 'General', 26, '0', 'admin', '2019-12-10 10:34:47', NULL, NULL, NULL, NULL),
	(346, 'Jumlah Fungi Proteolitik', 24, 'Biologi', '-', 'FUNGI', 125000.00, 'Tersedia', 'General', 27, '0', 'admin', '2019-12-10 10:34:47', NULL, NULL, NULL, NULL),
	(347, 'Jumlah Fungi Lignolitik', 24, 'Biologi', '-', 'FUNGI', 125000.00, 'Tersedia', 'General', 28, '0', 'admin', '2019-12-10 10:34:47', NULL, NULL, NULL, NULL),
	(348, 'Jumlah Actinomycetes', 24, 'Biologi', '-', 'AKTINOMISET', 125000.00, 'Tersedia', 'General', 29, '0', 'admin', '2019-12-10 10:34:47', NULL, NULL, NULL, NULL),
	(349, 'Jumlah Streptomyces sp', 24, 'Biologi', '-', 'AKTINOMISET', 125000.00, 'Tersedia', 'General', 30, '0', 'admin', '2019-12-10 10:34:47', NULL, NULL, NULL, NULL),
	(350, 'Uji Patogenitas pada tanaman', 24, 'Biologi', '-', 'UJI PATOGENITAS', 150000.00, 'Tersedia', 'General', 31, '0', 'admin', '2019-12-10 10:34:47', NULL, NULL, NULL, NULL),
	(351, 'Aktivitas Reduksi Asetilen ( Kuantitatif)', 24, 'Biologi', '-', 'AKTIVITAS MIKROBA', 200000.00, 'Tersedia', 'General', 32, '0', 'admin', '2019-12-10 10:34:47', NULL, NULL, NULL, NULL),
	(352, 'Aktivitas Penambata N (Kualitatif)', 24, 'Biologi', '-', 'AKTIVITAS MIKROBA', 50000.00, 'Tersedia', 'General', 33, '0', 'admin', '2019-12-10 10:34:47', NULL, NULL, NULL, NULL),
	(353, 'Aktivitas Pelarut Fosfat (Kuantitatif)', 24, 'Biologi', '-', 'AKTIVITAS MIKROBA', 200000.00, 'Tersedia', 'General', 34, '0', 'admin', '2019-12-10 10:34:47', NULL, NULL, NULL, NULL),
	(354, 'Aktivitas Pelarutan Fosfat (Kualitatif)', 24, 'Biologi', '-', 'AKTIVITAS MIKROBA', 50000.00, 'Tersedia', 'General', 35, '0', 'admin', '2019-12-10 10:34:47', NULL, NULL, NULL, NULL),
	(355, 'Produksi Fitohormon IAA (Spektrofotometer)', 24, 'Biologi', '-', 'AKTIVITAS MIKROBA', 200000.00, 'Tersedia', 'General', 36, '0', 'admin', '2019-12-10 10:34:47', NULL, NULL, NULL, NULL),
	(356, 'Aktivitas Perombak Bahan Organik (Kualitatif)', 24, 'Biologi', '-', 'AKTIVITAS MIKROBA', 50000.00, 'Tersedia', 'General', 37, '0', 'admin', '2019-12-10 10:34:47', NULL, NULL, NULL, NULL),
	(357, 'pH', 24, 'Biologi', '-', 'Kimia dan Fisik', 15000.00, 'Tersedia', 'General', 38, '0', 'admin', '2019-12-10 10:34:47', NULL, NULL, NULL, NULL),
	(358, 'Kadar Air', 24, 'Biologi', '-', 'Kimia dan Fisik', 15000.00, 'Tersedia', 'General', 39, '0', 'admin', '2019-12-10 10:34:47', NULL, NULL, NULL, NULL),
	(359, 'Jumlah mikroba penghasil Exopolisakarida', 25, 'Biologi', '-', '', 125000.00, 'Tersedia', 'General', 49, '0', 'admin', '2019-12-10 10:34:47', NULL, NULL, NULL, NULL),
	(360, 'Produksi Exopolisakarida (kualitatif)', 25, 'Biologi', '-', '', 50000.00, 'Tersedia', 'General', 50, '0', 'admin', '2019-12-10 10:34:47', NULL, NULL, NULL, NULL),
	(361, 'Jumlah mikroba pengakumulasi logam berat', 25, 'Biologi', '-', '', 125000.00, 'Tersedia', 'General', 51, '0', 'admin', '2019-12-10 10:34:47', NULL, NULL, NULL, NULL),
	(362, 'Akumulasi Logam Berat (Kualitatif)', 25, 'Biologi', '-', '', 50000.00, 'Tersedia', 'General', 52, '0', 'admin', '2019-12-10 10:34:47', NULL, NULL, NULL, NULL),
	(363, 'Fraksi Total', 26, 'Mineralogi', '-', 'TANAH MINERAL', 100000.00, 'Tersedia', 'General', 1, '0', 'admin', '2019-12-10 10:34:47', NULL, NULL, NULL, NULL),
	(364, 'Mineral Liat', 26, 'Mineralogi', '-', 'TANAH MINERAL', 400000.00, 'Tersedia', 'General', 2, '0', 'admin', '2019-12-10 10:34:47', NULL, NULL, NULL, NULL),
	(365, 'Persiapan contoh', 27, 'Fisika', '-', 'TANAH MINERAL', 18000.00, 'Tersedia', 'General', 1, '1', 'admin', '2019-12-10 10:34:47', NULL, NULL, NULL, NULL),
	(366, '2b. Penetapan Particle Density (PD) + Bulk Density (BD) + perhitungan Ruang Pori Total (RPT) dari contoh dalam tabung standar', 27, 'Fisika', '-', 'TANAH MINERAL', 52500.00, 'Tersedia', 'General', 2, '0', 'admin', '2019-12-10 10:34:47', NULL, NULL, NULL, NULL),
	(367, '2a. Bulk Density (BD) parafin', 27, 'Fisika', '-', 'TANAH MINERAL', 52000.00, 'Tersedia', 'General', 2, '0', 'admin', '2019-12-10 10:34:47', NULL, NULL, NULL, NULL),
	(368, 'Penetapan kadar air pada pF1, pF2, pF2.54, dan pF4.2  dan  perhitungan pori drainase cepat dan lambat, serta air tersedia', 27, 'Fisika', '-', 'TANAH MINERAL', 80000.00, 'Tersedia', 'General', 3, '0', 'admin', '2019-12-10 10:34:47', NULL, NULL, NULL, NULL),
	(369, '4b. Penetapan permeabilitas, contoh tanah di dalam ring/tabung standar Balittanah', 27, 'Fisika', '-', 'TANAH MINERAL', 22500.00, 'Tersedia', 'General', 4, '0', 'admin', '2019-12-10 10:34:47', NULL, NULL, NULL, NULL),
	(370, '4a. Contoh tanah di dalam ring/tabung tidak standar Balittanah', 27, 'Fisika', '-', 'TANAH MINERAL', 40000.00, 'Tersedia', 'General', 4, '0', 'admin', '2019-12-10 10:34:47', NULL, NULL, NULL, NULL),
	(371, 'Penetapan permeabilitas, contoh tanah di dalam ring/tabung tidak standar Balittanah', 27, 'Fisika', '-', 'TANAH MINERAL', 25000.00, 'Tersedia', 'General', 5, '0', 'admin', '2019-12-10 10:34:47', NULL, NULL, NULL, NULL),
	(372, '6b. Penetapan Indeks Kemantapan Agregat (IKA)', 27, 'Fisika', '-', 'TANAH MINERAL', 18000.00, 'Tersedia', 'General', 6, '0', 'admin', '2019-12-10 10:34:47', NULL, NULL, NULL, NULL),
	(373, '6a. Water Agregat Stability', 27, 'Fisika', '-', 'TANAH MINERAL', 21000.00, 'Tersedia', 'General', 6, '0', 'admin', '2019-12-10 10:34:47', NULL, NULL, NULL, NULL),
	(374, 'Penetapan Laju Perkolasi', 27, 'Fisika', '-', 'TANAH MINERAL', 25000.00, 'Tersedia', 'General', 7, '0', 'admin', '2019-12-10 10:34:47', NULL, NULL, NULL, NULL),
	(375, 'Penetapan Coeficient of linear Extensibility (COLE) tanah', 27, 'Fisika', '-', 'TANAH MINERAL', 27500.00, 'Tersedia', 'General', 8, '0', 'admin', '2019-12-10 10:34:47', NULL, NULL, NULL, NULL),
	(376, 'Penetapan Kandungan air optimum untuk pengolahan', 27, 'Fisika', '-', 'TANAH MINERAL', 13500.00, 'Tersedia', 'General', 9, '0', 'admin', '2019-12-10 10:34:47', NULL, NULL, NULL, NULL),
	(377, 'Penetapan tekstur 3 fraksi', 27, 'Fisika', '-', 'TANAH MINERAL', 30000.00, 'Tersedia', 'General', 10, '0', 'admin', '2019-12-10 10:34:47', NULL, NULL, NULL, NULL),
	(378, 'Penetapan tekstur 4 fraksi', 27, 'Fisika', '-', 'TANAH MINERAL', 31500.00, 'Tersedia', 'General', 11, '0', 'admin', '2019-12-10 10:34:47', NULL, NULL, NULL, NULL),
	(379, 'Penetapan tekstur 10 fraksi', 27, 'Fisika', '-', 'TANAH MINERAL', 55000.00, 'Tersedia', 'General', 12, '0', 'admin', '2019-12-10 10:34:47', NULL, NULL, NULL, NULL),
	(380, 'Penetapan C-organik menggunakan metode LOI (pengabuan kering)', 27, 'Fisika', '-', 'TANAH MINERAL', 15000.00, 'Tersedia', 'General', 13, '0', 'admin', '2019-12-10 10:34:47', NULL, NULL, NULL, NULL),
	(381, 'Penetapan luas permukaan', 27, 'Fisika', '-', 'TANAH MINERAL', 90000.00, 'Tersedia', 'General', 14, '0', 'admin', '2019-12-10 10:34:47', NULL, NULL, NULL, NULL),
	(382, 'Penetapan jumlah pori mikro', 27, 'Fisika', '-', 'TANAH MINERAL', 90000.00, 'Tersedia', 'General', 15, '0', 'admin', '2019-12-10 10:34:47', NULL, NULL, NULL, NULL),
	(383, 'Persiapan contoh (memisahkan contoh dari kemasannya)', 27, 'Fisika', '-', 'TANAH ORGANIK/GAMBUT', 15000.00, 'Tersedia', 'General', 16, '1', 'admin', '2019-12-10 10:34:47', NULL, NULL, NULL, NULL),
	(384, 'Penetapan berat volume', 27, 'Fisika', '-', 'TANAH ORGANIK/GAMBUT', 12500.00, 'Tersedia', 'General', 17, '0', 'admin', '2019-12-10 10:34:47', NULL, NULL, NULL, NULL),
	(385, 'Penetapan bahan organik dengan metode LOI (pengabuan)', 27, 'Fisika', '-', 'TANAH ORGANIK/GAMBUT', 17500.00, 'Tersedia', 'General', 18, '0', 'admin', '2019-12-10 10:34:47', NULL, NULL, NULL, NULL),
	(386, 'Penetapan kadar serat', 27, 'Fisika', '-', 'TANAH ORGANIK/GAMBUT', 12000.00, 'Tersedia', 'General', 19, '0', 'admin', '2019-12-10 10:34:47', NULL, NULL, NULL, NULL),
	(387, 'Z', 0, 'Biologi', NULL, '', 1000.00, 'Tersedia', NULL, NULL, NULL, '', '2019-12-11 11:05:26', NULL, NULL, NULL, NULL),
	(388, 'As', 0, 'Biologi', NULL, 'As', 12312.00, 'Tersedia', NULL, NULL, NULL, '', '2019-12-11 14:18:51', NULL, NULL, NULL, NULL),
	(389, 'Persiapan Contoh', 28, 'Kimia', '-', 'TANAMAN', 18000.00, 'Tersedia', 'General', 1, '1', 'admin', '2019-12-11 14:18:51', NULL, NULL, NULL, NULL),
	(390, 'C Organik', 28, 'Kimia', '-', 'TANAMAN', 24000.00, 'Tersedia', 'General', 2, '0', 'admin', '2019-12-11 14:18:51', NULL, NULL, NULL, '389'),
	(391, 'N-Kjeldahl', 28, 'Kimia', '-', 'TANAMAN', 30000.00, 'Tersedia', 'General', 3, '0', 'admin', '2019-12-11 14:18:51', NULL, NULL, NULL, '389'),
	(396, 'Kadar Lumpur', 29, 'Kimia', '-', 'AIR', 18000.00, 'Tersedia', 'General', 1, '0', 'admin', '2019-12-11 14:18:51', NULL, NULL, NULL, NULL),
	(397, 'pH', 29, 'Kimia', '-', 'AIR', 14000.00, 'Tersedia', 'General', 2, '0', 'admin', '2019-12-11 14:18:51', NULL, NULL, NULL, NULL),
	(398, 'Salinitas / EC (DHL)', 29, 'Kimia', '-', 'AIR', 14000.00, 'Tersedia', 'General', 3, '0', 'admin', '2019-12-11 14:18:51', NULL, NULL, NULL, NULL),
	(403, 'KCl 1 M', 21, 'Kimia', '-', NULL, 12000.00, 'Tersedia', 'General', 4, '0', NULL, NULL, NULL, NULL, NULL, NULL),
	(404, 'P-tersedia (Olsen atau Bray)', 21, 'Kimia', '-', NULL, 30000.00, 'Tersedia', 'General', 7, '0', NULL, NULL, NULL, NULL, NULL, NULL),
	(405, 'K-tersedia (Morgan)', 21, 'Kimia', '-', NULL, 30000.00, 'Tersedia', 'General', 8, '0', NULL, NULL, NULL, NULL, NULL, NULL),
	(406, 'P dan K- Potensial (HCl 25%)', 21, 'Kimia', '-', NULL, 48000.00, 'Tersedia', 'General', 10, '0', NULL, NULL, NULL, NULL, NULL, NULL),
	(407, 'Kapasitas Tukar Kation (KTK)', 21, 'Kimia', '-', NULL, 42000.00, 'Tersedia', 'General', 11, '0', NULL, NULL, NULL, NULL, NULL, NULL),
	(408, 'K', 21, 'Kimia', '-', NULL, 12000.00, 'Tersedia', 'General', 12, '0', NULL, NULL, NULL, NULL, NULL, NULL),
	(409, 'Na', 21, 'Kimia', '-', NULL, 12000.00, 'Tersedia', 'General', 13, '0', NULL, NULL, NULL, NULL, NULL, NULL),
	(410, 'Ca', 21, 'Kimia', '-', NULL, 18000.00, 'Tersedia', 'General', 14, '0', NULL, NULL, NULL, NULL, NULL, NULL),
	(411, 'Mg-dd', 21, 'Kimia', '-', NULL, 18000.00, 'Tersedia', 'General', 15, '0', NULL, NULL, NULL, NULL, NULL, NULL),
	(412, 'AI', 21, 'Kimia', '-', NULL, 24000.00, 'Tersedia', 'General', 16, '0', NULL, NULL, NULL, NULL, NULL, NULL),
	(413, 'H-dd', 21, 'Kimia', '-', NULL, 24000.00, 'Tersedia', 'General', 17, '0', NULL, NULL, NULL, NULL, NULL, NULL),
	(414, 'Ekstraksi Kation', 21, 'Kimia', '-', NULL, 18000.00, 'Tersedia', 'General', 18, '0', NULL, NULL, NULL, NULL, NULL, NULL),
	(415, 'Ekstraksi Kemasaman', 21, 'Kimia', '-', NULL, 18000.00, 'Tersedia', 'General', 19, '0', NULL, NULL, NULL, NULL, NULL, NULL),
	(416, 'P', 28, 'Kimia', '-', 'TANAMAN', 12000.00, 'Tersedia', 'General', 4, '0', 'admin', NULL, NULL, NULL, NULL, '428'),
	(417, 'K', 28, 'Kimia', '-', 'TANAMAN', 12000.00, 'Tersedia', 'General', 5, '0', 'admin', NULL, NULL, NULL, NULL, '428'),
	(418, 'Na', 28, 'Kimia', '-', 'TANAMAN', 12000.00, 'Tersedia', 'General', 6, '0', NULL, NULL, NULL, NULL, NULL, '428'),
	(419, 'Fe', 28, 'Kimia', '-', 'TANAMAN', 12000.00, 'Tersedia', 'General', 7, '0', NULL, NULL, NULL, NULL, NULL, '428'),
	(420, 'Mn', 28, 'Kimia', '-', 'TANAMAN', 12000.00, 'Tersedia', 'General', 8, '0', NULL, NULL, NULL, NULL, NULL, '428'),
	(421, 'Cu', 28, 'Kimia', '-', 'TANAMAN', 12000.00, 'Tersedia', 'General', 9, '0', NULL, NULL, NULL, NULL, NULL, '428'),
	(422, 'Zn', 28, 'Kimia', '-', 'TANAMAN', 12000.00, 'Tersedia', 'General', 10, '0', NULL, NULL, NULL, NULL, NULL, '428'),
	(423, 'Ca', 28, 'Kimia', '-', 'TANAMAN', 18000.00, 'Tersedia', 'General', 11, '0', NULL, NULL, NULL, NULL, NULL, '428'),
	(424, 'Mg', 28, 'Kimia', '-', 'TANAMAN', 18000.00, 'Tersedia', 'General', 12, '0', NULL, NULL, NULL, NULL, NULL, '428'),
	(425, 'S', 28, 'Kimia', '-', 'TANAMAN', 18000.00, 'Tersedia', 'General', 13, '0', NULL, NULL, NULL, NULL, NULL, '428'),
	(426, 'AI', 28, 'Kimia', '-', 'TANAMAN', 24000.00, 'Tersedia', 'General', 14, '0', NULL, NULL, NULL, NULL, NULL, '428'),
	(427, 'B', 28, 'Kimia', '-', 'TANAMAN', 24000.00, 'Tersedia', 'General', 15, '0', NULL, NULL, NULL, NULL, NULL, '428'),
	(428, 'Ekstraksi total unsur makro dan mikro', 28, 'Kimia', '-', 'TANAMAN', 30000.00, 'Tersedia', 'General', 16, '0', NULL, NULL, NULL, NULL, NULL, ''),
	(429, 'Pb (ppb)', 28, 'Kimia', '-', 'TANAMAN', 70000.00, 'Tersedia', 'General', 17, '0', NULL, NULL, NULL, NULL, NULL, '440'),
	(430, 'Cd (ppb)', 28, 'Kimia', '-', 'TANAMAN', 70000.00, 'Tersedia', 'General', 18, '0', NULL, NULL, NULL, NULL, NULL, '440'),
	(431, 'Co (ppb)', 28, 'Kimia', '-', 'TANAMAN', 70000.00, 'Tersedia', 'General', 19, '0', NULL, NULL, NULL, NULL, NULL, '440'),
	(432, 'Cr (ppb)', 28, 'Kimia', '-', 'TANAMAN', 70000.00, 'Tersedia', 'General', 20, '0', NULL, NULL, NULL, NULL, NULL, '440'),
	(433, 'Ni (ppb)', 28, 'Kimia', '-', 'TANAMAN', 70000.00, 'Tersedia', 'General', 21, '0', NULL, NULL, NULL, NULL, NULL, '440'),
	(434, 'Mo (ppb)', 28, 'Kimia', '-', 'TANAMAN', 70000.00, 'Tersedia', 'General', 22, '0', NULL, NULL, NULL, NULL, NULL, '440'),
	(435, 'Ag (ppb)', 28, 'Kimia', '-', 'TANAMAN', 70000.00, 'Tersedia', 'General', 23, '0', NULL, NULL, NULL, NULL, NULL, '440'),
	(436, 'Sn (ppb)', 28, 'Kimia', '-', 'TANAMAN', 70000.00, 'Tersedia', 'General', 24, '0', NULL, NULL, NULL, NULL, NULL, '440'),
	(437, 'Se (ppb)', 28, 'Kimia', '-', 'TANAMAN', 70000.00, 'Tersedia', 'General', 25, '0', NULL, NULL, NULL, NULL, NULL, '440'),
	(438, 'As (ppb)', 28, 'Kimia', '-', 'TANAMAN', 70000.00, 'Tersedia', 'General', 26, '0', NULL, NULL, NULL, NULL, NULL, '440'),
	(439, 'Hg (ppb)', 28, 'Kimia', '-', 'TANAMAN', 70000.00, 'Tersedia', 'General', 27, '0', NULL, NULL, NULL, NULL, NULL, '440'),
	(440, 'Ekstraksi total logam berat (ppb)', 28, 'Kimia', '-', 'TANAMAN', 35000.00, 'Tersedia', 'General', 28, '0', NULL, NULL, NULL, NULL, NULL, ''),
	(441, 'Abu', 28, 'Kimia', '-', 'TANAMAN', 18000.00, 'Tersedia', 'General', 41, '0', NULL, NULL, NULL, NULL, NULL, '443'),
	(442, 'Silikat', 28, 'Kimia', '-', 'TANAMAN', 18000.00, 'Tersedia', 'General', 42, '0', NULL, NULL, NULL, NULL, NULL, '443'),
	(443, 'Ekstraksi abu dan silikat kasar', 28, 'Kimia', '-', 'TANAMAN', 12000.00, 'Tersedia', 'General', 43, '0', NULL, NULL, NULL, NULL, NULL, ''),
	(444, 'K', 29, 'Kimia', '-', 'AIR', 19000.00, 'Tersedia', 'General', 4, '0', NULL, NULL, NULL, NULL, NULL, NULL),
	(445, 'Na', 29, 'Kimia', '-', 'AIR', 19000.00, 'Tersedia', 'General', 5, '0', NULL, NULL, NULL, NULL, NULL, NULL),
	(446, 'Fe', 29, 'Kimia', '-', 'AIR', 19000.00, 'Tersedia', 'General', 6, '0', NULL, NULL, NULL, NULL, NULL, NULL),
	(447, 'Mn', 29, 'Kimia', '-', 'AIR', 19000.00, 'Tersedia', 'General', 7, '0', NULL, NULL, NULL, NULL, NULL, NULL),
	(448, 'Cu', 29, 'Kimia', '-', 'AIR', 19000.00, 'Tersedia', 'General', 8, '0', NULL, NULL, NULL, NULL, NULL, NULL),
	(449, 'Zn', 29, 'Kimia', '-', 'AIR', 19000.00, 'Tersedia', 'General', 9, '0', NULL, NULL, NULL, NULL, NULL, NULL),
	(450, 'NH4', 29, 'Kimia', '-', 'AIR', 15000.00, 'Tersedia', 'General', 10, '0', NULL, NULL, NULL, NULL, NULL, NULL),
	(451, 'Ca', 29, 'Kimia', '-', 'AIR', 15000.00, 'Tersedia', 'General', 11, '0', NULL, NULL, NULL, NULL, NULL, NULL),
	(452, 'Mg', 29, 'Kimia', '-', 'AIR', 15000.00, 'Tersedia', 'General', 12, '0', NULL, NULL, NULL, NULL, NULL, NULL),
	(453, 'B', 29, 'Kimia', '-', 'AIR', 24000.00, 'Tersedia', 'General', 13, '0', NULL, NULL, NULL, NULL, NULL, NULL),
	(454, 'AI', 29, 'Kimia', '-', 'AIR', 24000.00, 'Tersedia', 'General', 14, '0', NULL, NULL, NULL, NULL, NULL, NULL),
	(455, 'PO4', 29, 'Kimia', '-', 'AIR', 18000.00, 'Tersedia', 'General', 15, '0', NULL, NULL, NULL, NULL, NULL, NULL),
	(456, 'SO4', 29, 'Kimia', '-', 'AIR', 18000.00, 'Tersedia', 'General', 16, '0', NULL, NULL, NULL, NULL, NULL, NULL),
	(457, 'CI', 29, 'Kimia', '-', 'AIR', 18000.00, 'Tersedia', 'General', 17, '0', NULL, NULL, NULL, NULL, NULL, NULL),
	(458, 'CO3', 29, 'Kimia', '-', 'AIR', 18000.00, 'Tersedia', 'General', 18, '0', NULL, NULL, NULL, NULL, NULL, NULL),
	(459, 'HCO3', 29, 'Kimia', '-', 'AIR', 18000.00, 'Tersedia', 'General', 19, '0', NULL, NULL, NULL, NULL, NULL, NULL),
	(460, 'NO3', 29, 'Kimia', '-', 'AIR', 24000.00, 'Tersedia', 'General', 20, '0', NULL, NULL, NULL, NULL, NULL, NULL),
	(461, 'BO3', 29, 'Kimia', '-', 'AIR', 24000.00, 'Tersedia', 'General', 21, '0', NULL, NULL, NULL, NULL, NULL, NULL),
	(462, 'Pb', 29, 'Kimia', '-', 'AIR', 24000.00, 'Tersedia', 'General', 22, '0', NULL, NULL, NULL, NULL, NULL, NULL),
	(463, 'Cd', 29, 'Kimia', '-', 'AIR', 24000.00, 'Tersedia', 'General', 23, '0', NULL, NULL, NULL, NULL, NULL, NULL),
	(464, 'Co', 29, 'Kimia', '-', 'AIR', 24000.00, 'Tersedia', 'General', 24, '0', NULL, NULL, NULL, NULL, NULL, NULL),
	(465, 'Cr', 29, 'Kimia', '-', 'AIR', 24000.00, 'Tersedia', 'General', 25, '0', NULL, NULL, NULL, NULL, NULL, NULL),
	(466, 'Ni', 29, 'Kimia', '-', 'AIR', 24000.00, 'Tersedia', 'General', 26, '0', NULL, NULL, NULL, NULL, NULL, NULL),
	(467, 'Mo', 29, 'Kimia', '-', 'AIR', 24000.00, 'Tersedia', 'General', 27, '0', NULL, NULL, NULL, NULL, NULL, NULL),
	(468, 'Ag', 29, 'Kimia', '-', 'AIR', 24000.00, 'Tersedia', 'General', 28, '0', NULL, NULL, NULL, NULL, NULL, NULL),
	(469, 'Se', 29, 'Kimia', '-', 'AIR', 24000.00, 'Tersedia', 'General', 29, '0', NULL, NULL, NULL, NULL, NULL, NULL),
	(470, 'Sn', 29, 'Kimia', '-', 'AIR', 24000.00, 'Tersedia', 'General', 30, '0', NULL, NULL, NULL, NULL, NULL, NULL),
	(471, 'As', 29, 'Kimia', '-', 'AIR', 24000.00, 'Tersedia', 'General', 31, '0', NULL, NULL, NULL, NULL, NULL, NULL),
	(472, 'Pb (ppb)', 29, 'Kimia', '-', 'AIR', 70000.00, 'Tersedia', 'General', 32, '0', NULL, NULL, NULL, NULL, NULL, NULL),
	(473, 'Cd (ppb)', 29, 'Kimia', '-', 'AIR', 70000.00, 'Tersedia', 'General', 33, '0', NULL, NULL, NULL, NULL, NULL, NULL),
	(474, 'Co (ppb)', 29, 'Kimia', '-', 'AIR', 70000.00, 'Tersedia', 'General', 34, '0', NULL, NULL, NULL, NULL, NULL, NULL),
	(475, 'Cr (ppb)', 29, 'Kimia', '-', 'AIR', 70000.00, 'Tersedia', 'General', 35, '0', NULL, NULL, NULL, NULL, NULL, NULL),
	(476, 'Ni (ppb)', 29, 'Kimia', '-', 'AIR', 70000.00, 'Tersedia', 'General', 36, '0', NULL, NULL, NULL, NULL, NULL, NULL),
	(477, 'Mo (ppb)', 29, 'Kimia', '-', 'AIR', 70000.00, 'Tersedia', 'General', 37, '0', NULL, NULL, NULL, NULL, NULL, NULL),
	(478, 'Ag (ppb)', 29, 'Kimia', '-', 'AIR', 70000.00, 'Tersedia', 'General', 38, '0', NULL, NULL, NULL, NULL, NULL, NULL),
	(479, 'Se (ppb)', 29, 'Kimia', '-', 'AIR', 70000.00, 'Tersedia', 'General', 39, '0', NULL, NULL, NULL, NULL, NULL, NULL),
	(480, 'Sn (ppb)', 29, 'Kimia', '-', 'AIR', 70000.00, 'Tersedia', 'General', 40, '0', NULL, NULL, NULL, NULL, NULL, NULL),
	(481, 'As (ppb)', 29, 'Kimia', '-', 'AIR', 70000.00, 'Tersedia', 'General', 41, '0', NULL, NULL, NULL, NULL, NULL, NULL),
	(482, 'Hg (ppb)', 29, 'Kimia', '-', 'AIR', 70000.00, 'Tersedia', 'General', 42, '0', NULL, NULL, NULL, NULL, NULL, NULL),
	(483, 'Persiapan contoh dan kadar air', 30, 'Kimia', '-', 'PUPUK ANORGANIK', 30000.00, 'Tersedia', 'General', 1, '1', NULL, NULL, NULL, NULL, NULL, NULL),
	(484, 'Kehalusan sieve mesh No.25 dan No.80', 30, 'Kimia', '-', 'PUPUK ANORGANIK', 20000.00, 'Tersedia', 'General', 2, '0', NULL, NULL, NULL, NULL, NULL, NULL),
	(485, 'Abu', 30, 'Kimia', '-', 'PUPUK ANORGANIK', 24000.00, 'Tersedia', 'General', 3, '0', NULL, NULL, NULL, NULL, NULL, NULL),
	(486, 'Silikat', 30, 'Kimia', '-', 'PUPUK ANORGANIK', 24000.00, 'Tersedia', 'General', 4, '0', NULL, NULL, NULL, NULL, NULL, NULL),
	(487, 'Ekstraksi abu dan silikat', 30, 'Kimia', '-', 'PUPUK ANORGANIK', 24000.00, 'Tersedia', 'General', 5, '0', NULL, NULL, NULL, NULL, NULL, NULL),
	(488, 'K', 30, 'Kimia', '-', 'PUPUK ANORGANIK', 24000.00, 'Tersedia', 'General', 6, '0', NULL, NULL, NULL, NULL, NULL, NULL),
	(489, 'Na', 30, 'Kimia', '-', 'PUPUK ANORGANIK', 24000.00, 'Tersedia', 'General', 7, '0', NULL, NULL, NULL, NULL, NULL, NULL),
	(490, 'Fe', 30, 'Kimia', '-', 'PUPUK ANORGANIK', 24000.00, 'Tersedia', 'General', 8, '0', NULL, NULL, NULL, NULL, NULL, NULL),
	(491, 'Mn', 30, 'Kimia', '-', 'PUPUK ANORGANIK', 24000.00, 'Tersedia', 'General', 9, '0', NULL, NULL, NULL, NULL, NULL, NULL),
	(492, 'Cu', 30, 'Kimia', '-', 'PUPUK ANORGANIK', 24000.00, 'Tersedia', 'General', 10, '0', NULL, NULL, NULL, NULL, NULL, NULL),
	(493, 'Zn', 30, 'Kimia', '-', 'PUPUK ANORGANIK', 24000.00, 'Tersedia', 'General', 11, '0', NULL, NULL, NULL, NULL, NULL, NULL),
	(494, 'P', 30, 'Kimia', '-', 'PUPUK ANORGANIK', 30000.00, 'Tersedia', 'General', 12, '0', NULL, NULL, NULL, NULL, NULL, NULL),
	(495, 'Ca', 30, 'Kimia', '-', 'PUPUK ANORGANIK', 30000.00, 'Tersedia', 'General', 13, '0', NULL, NULL, NULL, NULL, NULL, NULL),
	(496, 'Mg', 30, 'Kimia', '-', 'PUPUK ANORGANIK', 30000.00, 'Tersedia', 'General', 14, '0', NULL, NULL, NULL, NULL, NULL, NULL),
	(497, 'AI', 30, 'Kimia', '-', 'PUPUK ANORGANIK', 35000.00, 'Tersedia', 'General', 15, '0', NULL, NULL, NULL, NULL, NULL, NULL),
	(498, 'Pb', 30, 'Kimia', '-', 'PUPUK ANORGANIK', 35000.00, 'Tersedia', 'General', 16, '0', NULL, NULL, NULL, NULL, NULL, NULL),
	(499, 'Cd', 30, 'Kimia', '-', 'PUPUK ANORGANIK', 35000.00, 'Tersedia', 'General', 17, '0', NULL, NULL, NULL, NULL, NULL, NULL),
	(500, 'Co', 30, 'Kimia', '-', 'PUPUK ANORGANIK', 35000.00, 'Tersedia', 'General', 18, '0', NULL, NULL, NULL, NULL, NULL, NULL),
	(501, 'Cr', 30, 'Kimia', '-', 'PUPUK ANORGANIK', 35000.00, 'Tersedia', 'General', 19, '0', NULL, NULL, NULL, NULL, NULL, NULL),
	(502, 'Ni', 30, 'Kimia', '-', 'PUPUK ANORGANIK', 35000.00, 'Tersedia', 'General', 20, '0', NULL, NULL, NULL, NULL, NULL, NULL),
	(503, 'Mo', 30, 'Kimia', '-', 'PUPUK ANORGANIK', 35000.00, 'Tersedia', 'General', 21, '0', NULL, NULL, NULL, NULL, NULL, NULL),
	(504, 'Ag', 30, 'Kimia', '-', 'PUPUK ANORGANIK', 35000.00, 'Tersedia', 'General', 22, '0', NULL, NULL, NULL, NULL, NULL, NULL),
	(505, 'Se', 30, 'Kimia', '-', 'PUPUK ANORGANIK', 35000.00, 'Tersedia', 'General', 23, '0', NULL, NULL, NULL, NULL, NULL, NULL),
	(506, 'Sn', 30, 'Kimia', '-', 'PUPUK ANORGANIK', 35000.00, 'Tersedia', 'General', 24, '0', NULL, NULL, NULL, NULL, NULL, NULL),
	(507, 'As', 30, 'Kimia', '-', 'PUPUK ANORGANIK', 70000.00, 'Tersedia', 'General', 25, '0', NULL, NULL, NULL, NULL, NULL, NULL),
	(508, 'Hg', 30, 'Kimia', '-', 'PUPUK ANORGANIK', 70000.00, 'Tersedia', 'General', 26, '0', NULL, NULL, NULL, NULL, NULL, NULL),
	(509, 'Ekstraksi unsur makro dan mikro', 30, 'Kimia', '-', 'PUPUK ANORGANIK', 72000.00, 'Tersedia', 'General', 27, '0', NULL, NULL, NULL, NULL, NULL, NULL),
	(510, 'K (Ekstrak Tersedia)', 30, 'Kimia', '-', 'PUPUK ANORGANIK', 24000.00, 'Tersedia', 'General', 28, '0', NULL, NULL, NULL, NULL, NULL, NULL),
	(511, 'Na (Ekstrak Tersedia)', 30, 'Kimia', '-', 'PUPUK ANORGANIK', 24000.00, 'Tersedia', 'General', 29, '0', NULL, NULL, NULL, NULL, NULL, NULL),
	(512, 'Fe (Ekstrak Tersedia)', 30, 'Kimia', '-', 'PUPUK ANORGANIK', 24000.00, 'Tersedia', 'General', 30, '0', NULL, NULL, NULL, NULL, NULL, NULL),
	(513, 'Mn (Ekstrak Tersedia)', 30, 'Kimia', '-', 'PUPUK ANORGANIK', 24000.00, 'Tersedia', 'General', 31, '0', NULL, NULL, NULL, NULL, NULL, NULL),
	(514, 'Cu (Ekstrak Tersedia)', 30, 'Kimia', '-', 'PUPUK ANORGANIK', 24000.00, 'Tersedia', 'General', 32, '0', NULL, NULL, NULL, NULL, NULL, NULL),
	(515, 'Zn (Ekstrak Tersedia)', 30, 'Kimia', '-', 'PUPUK ANORGANIK', 24000.00, 'Tersedia', 'General', 33, '0', NULL, NULL, NULL, NULL, NULL, NULL),
	(516, 'P (Ekstrak Tersedia)', 30, 'Kimia', '-', 'PUPUK ANORGANIK', 30000.00, 'Tersedia', 'General', 34, '0', NULL, NULL, NULL, NULL, NULL, NULL),
	(517, 'Ca (Ekstrak Tersedia)', 30, 'Kimia', '-', 'PUPUK ANORGANIK', 30000.00, 'Tersedia', 'General', 35, '0', NULL, NULL, NULL, NULL, NULL, NULL),
	(518, 'Mg (Ekstrak Tersedia)', 30, 'Kimia', '-', 'PUPUK ANORGANIK', 30000.00, 'Tersedia', 'General', 36, '0', NULL, NULL, NULL, NULL, NULL, NULL),
	(519, 'AI (Ekstrak Tersedia)', 30, 'Kimia', '-', 'PUPUK ANORGANIK', 35000.00, 'Tersedia', 'General', 37, '0', NULL, NULL, NULL, NULL, NULL, NULL),
	(520, 'Pb (Ekstrak Tersedia)', 30, 'Kimia', '-', 'PUPUK ANORGANIK', 35000.00, 'Tersedia', 'General', 38, '0', NULL, NULL, NULL, NULL, NULL, NULL),
	(521, 'Cd (Ekstrak Tersedia)', 30, 'Kimia', '-', 'PUPUK ANORGANIK', 35000.00, 'Tersedia', 'General', 39, '0', NULL, NULL, NULL, NULL, NULL, NULL),
	(522, 'Co (Ekstrak Tersedia)', 30, 'Kimia', '-', 'PUPUK ANORGANIK', 35000.00, 'Tersedia', 'General', 40, '0', NULL, NULL, NULL, NULL, NULL, NULL),
	(523, 'Cr (Ekstrak Tersedia)', 30, 'Kimia', '-', 'PUPUK ANORGANIK', 35000.00, 'Tersedia', 'General', 41, '0', NULL, NULL, NULL, NULL, NULL, NULL),
	(524, 'Ni (Ekstrak Tersedia)', 30, 'Kimia', '-', 'PUPUK ANORGANIK', 35000.00, 'Tersedia', 'General', 42, '0', NULL, NULL, NULL, NULL, NULL, NULL),
	(525, 'Mo (Ekstrak Tersedia)', 30, 'Kimia', '-', 'PUPUK ANORGANIK', 35000.00, 'Tersedia', 'General', 43, '0', NULL, NULL, NULL, NULL, NULL, NULL),
	(526, 'Ag (Ekstrak Tersedia)', 30, 'Kimia', '-', 'PUPUK ANORGANIK', 35000.00, 'Tersedia', 'General', 44, '0', NULL, NULL, NULL, NULL, NULL, NULL),
	(527, 'Se (Ekstrak Tersedia)', 30, 'Kimia', '-', 'PUPUK ANORGANIK', 35000.00, 'Tersedia', 'General', 45, '0', NULL, NULL, NULL, NULL, NULL, NULL),
	(528, 'Sn (Ekstrak Tersedia)', 30, 'Kimia', '-', 'PUPUK ANORGANIK', 35000.00, 'Tersedia', 'General', 46, '0', NULL, NULL, NULL, NULL, NULL, NULL),
	(529, 'As (Ekstrak Tersedia)', 30, 'Kimia', '-', 'PUPUK ANORGANIK', 70000.00, 'Tersedia', 'General', 47, '0', NULL, NULL, NULL, NULL, NULL, NULL),
	(530, 'Hg (Ekstrak Tersedia)', 30, 'Kimia', '-', 'PUPUK ANORGANIK', 70000.00, 'Tersedia', 'General', 48, '0', NULL, NULL, NULL, NULL, NULL, NULL),
	(531, 'Ekstraksi tersedia', 30, 'Kimia', '-', 'PUPUK ANORGANIK', 30000.00, 'Tersedia', 'General', 49, '0', NULL, NULL, NULL, NULL, NULL, NULL),
	(532, 'K (Ekstrak Air)', 30, 'Kimia', '-', 'PUPUK ANORGANIK', 24000.00, 'Tersedia', 'General', 50, '0', NULL, NULL, NULL, NULL, NULL, NULL),
	(533, 'Na (Ekstrak Air)', 30, 'Kimia', '-', 'PUPUK ANORGANIK', 24000.00, 'Tersedia', 'General', 29, '0', NULL, NULL, NULL, NULL, NULL, NULL),
	(534, 'Fe (Ekstrak Air)', 30, 'Kimia', '-', 'PUPUK ANORGANIK', 24000.00, 'Tersedia', 'General', 51, '0', NULL, NULL, NULL, NULL, NULL, NULL),
	(535, 'Mn (Ekstrak Air)', 30, 'Kimia', '-', 'PUPUK ANORGANIK', 24000.00, 'Tersedia', 'General', 52, '0', NULL, NULL, NULL, NULL, NULL, NULL),
	(536, 'Cu (Ekstrak Air)', 30, 'Kimia', '-', 'PUPUK ANORGANIK', 24000.00, 'Tersedia', 'General', 53, '0', NULL, NULL, NULL, NULL, NULL, NULL),
	(537, 'Zn (Ekstrak Air)', 30, 'Kimia', '-', 'PUPUK ANORGANIK', 24000.00, 'Tersedia', 'General', 54, '0', NULL, NULL, NULL, NULL, NULL, NULL),
	(538, 'P (Ekstrak Air)', 30, 'Kimia', '-', 'PUPUK ANORGANIK', 30000.00, 'Tersedia', 'General', 55, '0', NULL, NULL, NULL, NULL, NULL, NULL),
	(539, 'Ca (Ekstrak Air)', 30, 'Kimia', '-', 'PUPUK ANORGANIK', 30000.00, 'Tersedia', 'General', 56, '0', NULL, NULL, NULL, NULL, NULL, NULL),
	(540, 'Mg (Ekstrak Air)', 30, 'Kimia', '-', 'PUPUK ANORGANIK', 30000.00, 'Tersedia', 'General', 57, '0', NULL, NULL, NULL, NULL, NULL, NULL),
	(541, 'AI (Ekstrak Air)', 30, 'Kimia', '-', 'PUPUK ANORGANIK', 35000.00, 'Tersedia', 'General', 58, '0', NULL, NULL, NULL, NULL, NULL, NULL),
	(542, 'Pb (Ekstrak Air)', 30, 'Kimia', '-', 'PUPUK ANORGANIK', 35000.00, 'Tersedia', 'General', 59, '0', NULL, NULL, NULL, NULL, NULL, NULL),
	(543, 'Cd (Ekstrak Air)', 30, 'Kimia', '-', 'PUPUK ANORGANIK', 35000.00, 'Tersedia', 'General', 60, '0', NULL, NULL, NULL, NULL, NULL, NULL),
	(544, 'Co (Ekstrak Air)', 30, 'Kimia', '-', 'PUPUK ANORGANIK', 35000.00, 'Tersedia', 'General', 61, '0', NULL, NULL, NULL, NULL, NULL, NULL),
	(545, 'Cr (Ekstrak Air)', 30, 'Kimia', '-', 'PUPUK ANORGANIK', 35000.00, 'Tersedia', 'General', 62, '0', NULL, NULL, NULL, NULL, NULL, NULL),
	(546, 'Ni (Ekstrak Air)', 30, 'Kimia', '-', 'PUPUK ANORGANIK', 35000.00, 'Tersedia', 'General', 63, '0', NULL, NULL, NULL, NULL, NULL, NULL),
	(547, 'Mo (Ekstrak Air)', 30, 'Kimia', '-', 'PUPUK ANORGANIK', 35000.00, 'Tersedia', 'General', 64, '0', NULL, NULL, NULL, NULL, NULL, NULL),
	(548, 'Ag (Ekstrak Air)', 30, 'Kimia', '-', 'PUPUK ANORGANIK', 35000.00, 'Tersedia', 'General', 65, '0', NULL, NULL, NULL, NULL, NULL, NULL),
	(549, 'Se (Ekstrak Air)', 30, 'Kimia', '-', 'PUPUK ANORGANIK', 35000.00, 'Tersedia', 'General', 66, '0', NULL, NULL, NULL, NULL, NULL, NULL),
	(550, 'Sn (Ekstrak Air)', 30, 'Kimia', '-', 'PUPUK ANORGANIK', 35000.00, 'Tersedia', 'General', 67, '0', NULL, NULL, NULL, NULL, NULL, NULL),
	(551, 'As (Ekstrak Air)', 30, 'Kimia', '-', 'PUPUK ANORGANIK', 70000.00, 'Tersedia', 'General', 68, '0', NULL, NULL, NULL, NULL, NULL, NULL),
	(552, 'Hg (Ekstrak Air)', 30, 'Kimia', '-', 'PUPUK ANORGANIK', 70000.00, 'Tersedia', 'General', 69, '0', NULL, NULL, NULL, NULL, NULL, NULL),
	(553, 'Ekstraksi Air', 30, 'Kimia', '-', 'PUPUK ANORGANIK', 24000.00, 'Tersedia', 'General', 70, '0', NULL, NULL, NULL, NULL, NULL, NULL),
	(554, 'Setara CaCO3', 30, 'Kimia', '-', 'PUPUK ANORGANIK', 30000.00, 'Tersedia', 'General', 71, '0', NULL, NULL, NULL, NULL, NULL, NULL),
	(555, 'Asam bebas', 30, 'Kimia', '-', 'PUPUK ANORGANIK', 30000.00, 'Tersedia', 'General', 72, '0', NULL, NULL, NULL, NULL, NULL, NULL),
	(556, 'N-NH4', 30, 'Kimia', '-', 'PUPUK ANORGANIK', 35000.00, 'Tersedia', 'General', 73, '0', NULL, NULL, NULL, NULL, NULL, NULL),
	(557, 'N-NO3', 30, 'Kimia', '-', 'PUPUK ANORGANIK', 35000.00, 'Tersedia', 'General', 74, '0', NULL, NULL, NULL, NULL, NULL, NULL),
	(558, 'N-Kjeldahl', 30, 'Kimia', '-', 'PUPUK ANORGANIK', 35000.00, 'Tersedia', 'General', 75, '0', NULL, NULL, NULL, NULL, NULL, NULL),
	(559, 'Kadar Serat', 30, 'Kimia', '-', 'PUPUK ANORGANIK', 35000.00, 'Tersedia', 'General', 76, '0', NULL, NULL, NULL, NULL, NULL, NULL),
	(560, 'Persiapan contoh dan kadar air', 31, 'Kimia', '-', 'PUPUK ORGANIK', 30000.00, 'Tersedia', 'General', 1, '1', NULL, NULL, NULL, NULL, NULL, NULL),
	(561, 'pH-H2O', 31, 'Kimia', '-', 'PUPUK ORGANIK', 9000.00, 'Terssedia', 'General', 2, '0', NULL, NULL, NULL, NULL, NULL, NULL),
	(562, 'KCl 1M', 31, 'Kimia', '-', 'PUPUK ORGANIK', 9000.00, 'Terssedia', 'General', 3, '0', NULL, NULL, NULL, NULL, NULL, NULL),
	(563, 'C Organik', 31, 'Kimia', '-', 'PUPUK ORGANIK', 24000.00, 'Terssedia', 'General', 4, '0', NULL, NULL, NULL, NULL, NULL, NULL),
	(564, 'N-NH4', 31, 'Kimia', '-', 'PUPUK ORGANIK', 35000.00, 'Terssedia', 'General', 5, '0', NULL, NULL, NULL, NULL, NULL, NULL),
	(565, 'N-NO3', 31, 'Kimia', '-', 'PUPUK ORGANIK', 35000.00, 'Terssedia', 'General', 6, '0', NULL, NULL, NULL, NULL, NULL, NULL),
	(566, 'N-Kajeldahl', 31, 'Kimia', '-', 'PUPUK ORGANIK', 35000.00, 'Terssedia', 'General', 7, '0', NULL, NULL, NULL, NULL, NULL, NULL),
	(567, 'K', 31, 'Kimia', '-', 'PUPUK ORGANIK', 24000.00, 'Tersedia', 'General', 8, '0', NULL, NULL, NULL, NULL, NULL, NULL),
	(568, 'Na', 31, 'Kimia', '-', 'PUPUK ORGANIK', 24000.00, 'Tersedia', 'General', 9, '0', NULL, NULL, NULL, NULL, NULL, NULL),
	(569, 'Fe', 31, 'Kimia', '-', 'PUPUK ORGANIK', 24000.00, 'Tersedia', 'General', 10, '0', NULL, NULL, NULL, NULL, NULL, NULL),
	(570, 'Mn', 31, 'Kimia', '-', 'PUPUK ORGANIK', 24000.00, 'Tersedia', 'General', 11, '0', NULL, NULL, NULL, NULL, NULL, NULL),
	(571, 'Cu', 31, 'Kimia', '-', 'PUPUK ORGANIK', 24000.00, 'Tersedia', 'General', 12, '0', NULL, NULL, NULL, NULL, NULL, NULL),
	(572, 'Zn', 31, 'Kimia', '-', 'PUPUK ORGANIK', 24000.00, 'Tersedia', 'General', 13, '0', NULL, NULL, NULL, NULL, NULL, NULL),
	(573, 'P', 31, 'Kimia', '-', 'PUPUK ORGANIK', 30000.00, 'Tersedia', 'General', 14, '0', NULL, NULL, NULL, NULL, NULL, NULL),
	(574, 'Ca', 31, 'Kimia', '-', 'PUPUK ORGANIK', 30000.00, 'Tersedia', 'General', 15, '0', NULL, NULL, NULL, NULL, NULL, NULL),
	(575, 'Mg', 31, 'Kimia', '-', 'PUPUK ORGANIK', 30000.00, 'Tersedia', 'General', 16, '0', NULL, NULL, NULL, NULL, NULL, NULL),
	(576, 'S', 31, 'Kimia', '-', 'PUPUK ORGANIK', 30000.00, 'Tersedia', 'General', 17, '0', NULL, NULL, NULL, NULL, NULL, NULL),
	(577, 'AI', 31, 'Kimia', '-', 'PUPUK ORGANIK', 35000.00, 'Tersedia', 'General', 18, '0', NULL, NULL, NULL, NULL, NULL, NULL),
	(578, 'B', 31, 'Kimia', '-', 'PUPUK ORGANIK', 35000.00, 'Tersedia', 'General', 19, '0', NULL, NULL, NULL, NULL, NULL, NULL),
	(579, 'Pb', 31, 'Kimia', '-', 'PUPUK ORGANIK', 35000.00, 'Tersedia', 'General', 20, '0', NULL, NULL, NULL, NULL, NULL, NULL),
	(580, 'Cd', 31, 'Kimia', '-', 'PUPUK ORGANIK', 35000.00, 'Tersedia', 'General', 21, '0', NULL, NULL, NULL, NULL, NULL, NULL),
	(581, 'Co', 31, 'Kimia', '-', 'PUPUK ORGANIK', 35000.00, 'Tersedia', 'General', 22, '0', NULL, NULL, NULL, NULL, NULL, NULL),
	(582, 'Cr', 31, 'Kimia', '-', 'PUPUK ORGANIK', 35000.00, 'Tersedia', 'General', 23, '0', NULL, NULL, NULL, NULL, NULL, NULL),
	(583, 'Ni', 31, 'Kimia', '-', 'PUPUK ORGANIK', 35000.00, 'Tersedia', 'General', 24, '0', NULL, NULL, NULL, NULL, NULL, NULL),
	(584, 'Mo', 31, 'Kimia', '-', 'PUPUK ORGANIK', 35000.00, 'Tersedia', 'General', 25, '0', NULL, NULL, NULL, NULL, NULL, NULL),
	(585, 'Ag', 31, 'Kimia', '-', 'PUPUK ORGANIK', 35000.00, 'Tersedia', 'General', 26, '0', NULL, NULL, NULL, NULL, NULL, NULL),
	(586, 'Se', 31, 'Kimia', '-', 'PUPUK ORGANIK', 35000.00, 'Tersedia', 'General', 27, '0', NULL, NULL, NULL, NULL, NULL, NULL),
	(587, 'Sn', 31, 'Kimia', '-', 'PUPUK ORGANIK', 35000.00, 'Tersedia', 'General', 28, '0', NULL, NULL, NULL, NULL, NULL, NULL),
	(588, 'As', 31, 'Kimia', '-', 'PUPUK ORGANIK', 70000.00, 'Tersedia', 'General', 29, '0', NULL, NULL, NULL, NULL, NULL, NULL),
	(589, 'Hg', 31, 'Kimia', '-', 'PUPUK ORGANIK', 70000.00, 'Tersedia', 'General', 30, '0', NULL, NULL, NULL, NULL, NULL, NULL),
	(590, 'Ekstraksi makro dan mikro', 31, 'Kimia', '-', 'PUPUK ORGANIK', 72000.00, 'Tersedia', 'General', 31, '0', NULL, NULL, NULL, NULL, NULL, NULL),
	(591, 'K (Ekstrak Tersedia)', 31, 'Kimia', '-', 'PUPUK ORGANIK', 24000.00, 'Tersedia', 'General', 32, '0', NULL, NULL, NULL, NULL, NULL, NULL),
	(592, 'Na (Ekstrak Tersedia)', 31, 'Kimia', '-', 'PUPUK ORGANIK', 24000.00, 'Tersedia', 'General', 33, '0', NULL, NULL, NULL, NULL, NULL, NULL),
	(593, 'Fe (Ekstrak Tersedia)', 31, 'Kimia', '-', 'PUPUK ORGANIK', 24000.00, 'Tersedia', 'General', 34, '0', NULL, NULL, NULL, NULL, NULL, NULL),
	(594, 'Mn (Ekstrak Tersedia)', 31, 'Kimia', '-', 'PUPUK ORGANIK', 24000.00, 'Tersedia', 'General', 35, '0', NULL, NULL, NULL, NULL, NULL, NULL),
	(595, 'Cu (Ekstrak Tersedia)', 31, 'Kimia', '-', 'PUPUK ORGANIK', 24000.00, 'Tersedia', 'General', 36, '0', NULL, NULL, NULL, NULL, NULL, NULL),
	(596, 'Zn (Ekstrak Tersedia)', 31, 'Kimia', '-', 'PUPUK ORGANIK', 24000.00, 'Tersedia', 'General', 37, '0', NULL, NULL, NULL, NULL, NULL, NULL),
	(597, 'P (Ekstrak Tersedia)', 31, 'Kimia', '-', 'PUPUK ORGANIK', 30000.00, 'Tersedia', 'General', 38, '0', NULL, NULL, NULL, NULL, NULL, NULL),
	(598, 'Ca (Ekstrak Tersedia)', 31, 'Kimia', '-', 'PUPUK ORGANIK', 30000.00, 'Tersedia', 'General', 39, '0', NULL, NULL, NULL, NULL, NULL, NULL),
	(599, 'Mg (Ekstrak Tersedia)', 31, 'Kimia', '-', 'PUPUK ORGANIK', 30000.00, 'Tersedia', 'General', 40, '0', NULL, NULL, NULL, NULL, NULL, NULL),
	(600, 'S (Ekstrak Tersedia)', 31, 'Kimia', '-', 'PUPUK ORGANIK', 30000.00, 'Tersedia', 'General', 41, '0', NULL, NULL, NULL, NULL, NULL, NULL),
	(601, 'AI (Ekstrak Tersedia)', 31, 'Kimia', '-', 'PUPUK ORGANIK', 35000.00, 'Tersedia', 'General', 42, '0', NULL, NULL, NULL, NULL, NULL, NULL),
	(602, 'B (Ekstrak Tersedia)', 31, 'Kimia', '-', 'PUPUK ORGANIK', 35000.00, 'Tersedia', 'General', 43, '0', NULL, NULL, NULL, NULL, NULL, NULL),
	(603, 'Pb (Ekstrak Tersedia)', 31, 'Kimia', '-', 'PUPUK ORGANIK', 35000.00, 'Tersedia', 'General', 44, '0', NULL, NULL, NULL, NULL, NULL, NULL),
	(604, 'Cd (Ekstrak Tersedia)', 31, 'Kimia', '-', 'PUPUK ORGANIK', 35000.00, 'Tersedia', 'General', 45, '0', NULL, NULL, NULL, NULL, NULL, NULL),
	(605, 'Co (Ekstrak Tersedia)', 31, 'Kimia', '-', 'PUPUK ORGANIK', 35000.00, 'Tersedia', 'General', 46, '0', NULL, NULL, NULL, NULL, NULL, NULL),
	(606, 'Cr (Ekstrak Tersedia)', 31, 'Kimia', '-', 'PUPUK ORGANIK', 35000.00, 'Tersedia', 'General', 47, '0', NULL, NULL, NULL, NULL, NULL, NULL),
	(607, 'Ni (Ekstrak Tersedia)', 31, 'Kimia', '-', 'PUPUK ORGANIK', 35000.00, 'Tersedia', 'General', 48, '0', NULL, NULL, NULL, NULL, NULL, NULL),
	(608, 'Mo (Ekstrak Tersedia)', 31, 'Kimia', '-', 'PUPUK ORGANIK', 35000.00, 'Tersedia', 'General', 49, '0', NULL, NULL, NULL, NULL, NULL, NULL),
	(609, 'Ag (Ekstrak Tersedia)', 31, 'Kimia', '-', 'PUPUK ORGANIK', 35000.00, 'Tersedia', 'General', 50, '0', NULL, NULL, NULL, NULL, NULL, NULL),
	(610, 'Se (Ekstrak Tersedia)', 31, 'Kimia', '-', 'PUPUK ORGANIK', 35000.00, 'Tersedia', 'General', 51, '0', NULL, NULL, NULL, NULL, NULL, NULL),
	(611, 'Sn (Ekstrak Tersedia)', 31, 'Kimia', '-', 'PUPUK ORGANIK', 35000.00, 'Tersedia', 'General', 52, '0', NULL, NULL, NULL, NULL, NULL, NULL),
	(612, 'As (Ekstrak Tersedia)', 31, 'Kimia', '-', 'PUPUK ORGANIK', 70000.00, 'Tersedia', 'General', 53, '0', NULL, NULL, NULL, NULL, NULL, NULL),
	(613, 'Hg (Ekstrak Tersedia)', 31, 'Kimia', '-', 'PUPUK ORGANIK', 70000.00, 'Tersedia', 'General', 54, '0', NULL, NULL, NULL, NULL, NULL, NULL),
	(614, 'Ekstraksi tersedia', 31, 'Kimia', '-', 'PUPUK ORGANIK', 30000.00, 'Tersedia', 'General', 55, '0', NULL, NULL, NULL, NULL, NULL, NULL),
	(615, 'K (Ekstrak Air)', 31, 'Kimia', '-', 'PUPUK ORGANIK', 24000.00, 'Tersedia', 'General', 56, '0', NULL, NULL, NULL, NULL, NULL, NULL),
	(616, 'Na (Ekstrak Air)', 31, 'Kimia', '-', 'PUPUK ORGANIK', 24000.00, 'Tersedia', 'General', 57, '0', NULL, NULL, NULL, NULL, NULL, NULL),
	(617, 'Fe (Ekstrak Air)', 31, 'Kimia', '-', 'PUPUK ORGANIK', 24000.00, 'Tersedia', 'General', 58, '0', NULL, NULL, NULL, NULL, NULL, NULL),
	(618, 'Mn (Ekstrak Air)', 31, 'Kimia', '-', 'PUPUK ORGANIK', 24000.00, 'Tersedia', 'General', 59, '0', NULL, NULL, NULL, NULL, NULL, NULL),
	(619, 'Cu (Ekstrak Air)', 31, 'Kimia', '-', 'PUPUK ORGANIK', 24000.00, 'Tersedia', 'General', 60, '0', NULL, NULL, NULL, NULL, NULL, NULL),
	(620, 'Zn (Ekstrak Air)', 31, 'Kimia', '-', 'PUPUK ORGANIK', 24000.00, 'Tersedia', 'General', 61, '0', NULL, NULL, NULL, NULL, NULL, NULL),
	(621, 'P (Ekstrak Air)', 31, 'Kimia', '-', 'PUPUK ORGANIK', 30000.00, 'Tersedia', 'General', 62, '0', NULL, NULL, NULL, NULL, NULL, NULL),
	(622, 'Ca (Ekstrak Air)', 31, 'Kimia', '-', 'PUPUK ORGANIK', 30000.00, 'Tersedia', 'General', 63, '0', NULL, NULL, NULL, NULL, NULL, NULL),
	(623, 'Mg (Ekstrak Air)', 31, 'Kimia', '-', 'PUPUK ORGANIK', 30000.00, 'Tersedia', 'General', 64, '0', NULL, NULL, NULL, NULL, NULL, NULL),
	(624, 'S (Ekstrak Air)', 31, 'Kimia', '-', 'PUPUK ORGANIK', 30000.00, 'Tersedia', 'General', 65, '0', NULL, NULL, NULL, NULL, NULL, NULL),
	(625, 'AI (Ekstrak Air)', 31, 'Kimia', '-', 'PUPUK ORGANIK', 35000.00, 'Tersedia', 'General', 66, '0', NULL, NULL, NULL, NULL, NULL, NULL),
	(626, 'B (Ekstrak Air)', 31, 'Kimia', '-', 'PUPUK ORGANIK', 35000.00, 'Tersedia', 'General', 67, '0', NULL, NULL, NULL, NULL, NULL, NULL),
	(627, 'Pb (Ekstrak Air)', 31, 'Kimia', '-', 'PUPUK ORGANIK', 35000.00, 'Tersedia', 'General', 68, '0', NULL, NULL, NULL, NULL, NULL, NULL),
	(628, 'Cd (Ekstrak Air)', 31, 'Kimia', '-', 'PUPUK ORGANIK', 35000.00, 'Tersedia', 'General', 69, '0', NULL, NULL, NULL, NULL, NULL, NULL),
	(629, 'Co (Ekstrak Air)', 31, 'Kimia', '-', 'PUPUK ORGANIK', 35000.00, 'Tersedia', 'General', 70, '0', NULL, NULL, NULL, NULL, NULL, NULL),
	(630, 'Cr (Ekstrak Air)', 31, 'Kimia', '-', 'PUPUK ORGANIK', 35000.00, 'Tersedia', 'General', 71, '0', NULL, NULL, NULL, NULL, NULL, NULL),
	(631, 'Ni (Ekstrak Air)', 31, 'Kimia', '-', 'PUPUK ORGANIK', 35000.00, 'Tersedia', 'General', 72, '0', NULL, NULL, NULL, NULL, NULL, NULL),
	(632, 'Mo (Ekstrak Air)', 31, 'Kimia', '-', 'PUPUK ORGANIK', 35000.00, 'Tersedia', 'General', 73, '0', NULL, NULL, NULL, NULL, NULL, NULL),
	(633, 'Ag (Ekstrak Air)', 31, 'Kimia', '-', 'PUPUK ORGANIK', 35000.00, 'Tersedia', 'General', 74, '0', NULL, NULL, NULL, NULL, NULL, NULL),
	(634, 'Se (Ekstrak Air)', 31, 'Kimia', '-', 'PUPUK ORGANIK', 35000.00, 'Tersedia', 'General', 75, '0', NULL, NULL, NULL, NULL, NULL, NULL),
	(635, 'Sn (Ekstrak Air)', 31, 'Kimia', '-', 'PUPUK ORGANIK', 35000.00, 'Tersedia', 'General', 76, '0', NULL, NULL, NULL, NULL, NULL, NULL),
	(636, 'As (Ekstrak Air)', 31, 'Kimia', '-', 'PUPUK ORGANIK', 70000.00, 'Tersedia', 'General', 77, '0', NULL, NULL, NULL, NULL, NULL, NULL),
	(637, 'Hg (Ekstrak Air)', 31, 'Kimia', '-', 'PUPUK ORGANIK', 70000.00, 'Tersedia', 'General', 78, '0', NULL, NULL, NULL, NULL, NULL, NULL),
	(638, 'Ekstraksi air', 31, 'Kimia', '-', 'PUPUK ORGANIK', 24000.00, 'Tersedia', 'General', 79, '0', NULL, NULL, NULL, NULL, NULL, NULL),
	(639, 'Fe', 22, 'Kimia', '-', 'TANAH KHUSUS', 12000.00, 'Tersedia', 'General', 10, '0', NULL, NULL, NULL, NULL, NULL, NULL),
	(640, 'Mn', 22, 'Kimia', '-', 'TANAH KHUSUS', 12000.00, 'Tersedia', 'General', 11, '0', NULL, NULL, NULL, NULL, NULL, NULL),
	(641, 'Ekstrak Ditionit Sitrat', 22, 'Kimia', '-', 'TANAH KHUSUS', 18000.00, 'Tersedia', 'General', 12, '0', NULL, NULL, NULL, NULL, NULL, NULL),
	(642, 'Fe', 22, 'Kimia', '-', 'TANAH KHUSUS', 12000.00, 'Tersedia', 'General', 13, '0', NULL, NULL, NULL, NULL, NULL, NULL),
	(643, 'AI', 22, 'Kimia', '-', 'TANAH KHUSUS', 24000.00, 'Tersedia', 'General', 14, '0', NULL, NULL, NULL, NULL, NULL, NULL),
	(644, 'Si', 22, 'Kimia', '-', 'TANAH KHUSUS', 24000.00, 'Tersedia', 'General', 15, '0', NULL, NULL, NULL, NULL, NULL, NULL),
	(645, 'Ekstraksi Oksalat', 22, 'Kimia', '-', 'TANAH KHUSUS', 18000.00, 'Tersedia', 'General', 16, '0', NULL, NULL, NULL, NULL, NULL, NULL),
	(646, 'Fe (Ekstrak Pirofosfat)', 22, 'Kimia', '-', 'TANAH KHUSUS', 12000.00, 'Tersedia', 'General', 17, '0', NULL, NULL, NULL, NULL, NULL, NULL),
	(647, 'AI (Ekstrak Pirofosfat)', 22, 'Kimia', '-', 'TANAH KHUSUS', 24000.00, 'Tersedia', 'General', 18, '0', NULL, NULL, NULL, NULL, NULL, NULL),
	(648, 'Si (Ekstrak Pirofosfat)', 22, 'Kimia', '-', 'TANAH KHUSUS', 24000.00, 'Tersedia', 'General', 19, '0', NULL, NULL, NULL, NULL, NULL, NULL),
	(649, 'C Organik (Ekstrak Pirofosfat)', 22, 'Kimia', '-', 'TANAH KHUSUS', 24000.00, 'Tersedia', 'General', 20, '0', NULL, NULL, NULL, NULL, NULL, NULL),
	(650, 'Ekstraksi Pirofosfat', 22, 'Kimia', '-', 'TANAH KHUSUS', 18000.00, 'Tersedia', 'General', 21, '0', NULL, NULL, NULL, NULL, NULL, NULL),
	(651, 'P', 22, 'Kimia', '-', 'TANAH KHUSUS', 12000.00, 'Tersedia', 'General', 22, '0', NULL, NULL, NULL, NULL, NULL, NULL),
	(652, 'K', 22, 'Kimia', '-', 'TANAH KHUSUS', 12000.00, 'Tersedia', 'General', 23, '0', NULL, NULL, NULL, NULL, NULL, NULL),
	(653, 'Na', 22, 'Kimia', '-', 'TANAH KHUSUS', 12000.00, 'Tersedia', 'General', 24, '0', NULL, NULL, NULL, NULL, NULL, NULL),
	(654, 'Ca', 22, 'Kimia', '-', 'TANAH KHUSUS', 12000.00, 'Tersedia', 'General', 25, '0', NULL, NULL, NULL, NULL, NULL, NULL),
	(655, 'Mg', 22, 'Kimia', '-', 'TANAH KHUSUS', 12000.00, 'Tersedia', 'General', 26, '0', NULL, NULL, NULL, NULL, NULL, NULL),
	(656, 'S', 22, 'Kimia', '-', 'TANAH KHUSUS', 12000.00, 'Tersedia', 'General', 27, '0', NULL, NULL, NULL, NULL, NULL, NULL),
	(657, 'Fe (Ekstraksi unsur makro mikro)', 22, 'Kimia', '-', 'TANAH KHUSUS', 12000.00, 'Tersedia', 'General', 28, '0', NULL, NULL, NULL, NULL, NULL, NULL),
	(658, 'Mn', 22, 'Kimia', '-', 'TANAH KHUSUS', 12000.00, 'Tersedia', 'General', 29, '0', NULL, NULL, NULL, NULL, NULL, NULL),
	(659, 'Cu', 22, 'Kimia', '-', 'TANAH KHUSUS', 12000.00, 'Tersedia', 'General', 30, '0', NULL, NULL, NULL, NULL, NULL, NULL),
	(660, 'Zn', 22, 'Kimia', '-', 'TANAH KHUSUS', 12000.00, 'Tersedia', 'General', 31, '0', NULL, NULL, NULL, NULL, NULL, NULL),
	(661, 'Ekstraksi total unsur makro dan mikro', 22, 'Kimia', '-', 'TANAH KHUSUS', 30000.00, 'Tersedia', 'General', 32, '0', NULL, NULL, NULL, NULL, NULL, NULL),
	(662, 'AI', 22, 'Kimia', '-', 'TANAH KHUSUS', 24000.00, 'Tersedia', 'General', 33, '0', NULL, NULL, NULL, NULL, NULL, NULL),
	(663, 'B', 22, 'Kimia', '-', 'TANAH KHUSUS', 24000.00, 'Tersedia', 'General', 34, '0', NULL, NULL, NULL, NULL, NULL, NULL),
	(664, 'Analisis Pirit (Total Fe dan S)', 22, 'Kimia', '-', 'TANAH KHUSUS', 48000.00, 'Tersedia', 'General', 35, '0', NULL, NULL, NULL, NULL, NULL, NULL),
	(665, 'Pb (ppm)', 22, 'Kimia', '-', 'TANAH KHUSUS', 24000.00, 'Tersedia', 'General', 36, '0', NULL, NULL, NULL, NULL, NULL, NULL),
	(666, 'Cd (ppm)', 22, 'Kimia', '-', 'TANAH KHUSUS', 24000.00, 'Tersedia', 'General', 37, '0', NULL, NULL, NULL, NULL, NULL, NULL),
	(667, 'Co (ppm)', 22, 'Kimia', '-', 'TANAH KHUSUS', 24000.00, 'Tersedia', 'General', 38, '0', NULL, NULL, NULL, NULL, NULL, NULL),
	(668, 'Cr (ppm)', 22, 'Kimia', '-', 'TANAH KHUSUS', 24000.00, 'Tersedia', 'General', 39, '0', NULL, NULL, NULL, NULL, NULL, NULL),
	(669, 'NI (ppm)', 22, 'Kimia', '-', 'TANAH KHUSUS', 24000.00, 'Tersedia', 'General', 40, '0', NULL, NULL, NULL, NULL, NULL, NULL),
	(670, 'Mo (ppm)', 22, 'Kimia', '-', 'TANAH KHUSUS', 24000.00, 'Tersedia', 'General', 41, '0', NULL, NULL, NULL, NULL, NULL, NULL),
	(671, 'Ag (ppm)', 22, 'Kimia', '-', 'TANAH KHUSUS', 24000.00, 'Tersedia', 'General', 42, '0', NULL, NULL, NULL, NULL, NULL, NULL),
	(672, 'Sn (ppm)', 22, 'Kimia', '-', 'TANAH KHUSUS', 24000.00, 'Tersedia', 'General', 43, '0', NULL, NULL, NULL, NULL, NULL, NULL),
	(673, 'Se (ppm)', 22, 'Kimia', '-', 'TANAH KHUSUS', 24000.00, 'Tersedia', 'General', 44, '0', NULL, NULL, NULL, NULL, NULL, NULL),
	(674, 'As (ppm)', 22, 'Kimia', '-', 'TANAH KHUSUS', 24000.00, 'Tersedia', 'General', 45, '0', NULL, NULL, NULL, NULL, NULL, NULL),
	(675, 'Ekstraksi Total Logam berat (ppm)', 22, 'Kimia', '-', 'TANAH KHUSUS', 42000.00, 'Tersedia', 'General', 46, '0', NULL, NULL, NULL, NULL, NULL, NULL),
	(676, 'Pb (ppb)', 22, 'Kimia', '-', 'TANAH KHUSUS', 72000.00, 'Tersedia', 'General', 47, '0', NULL, NULL, NULL, NULL, NULL, NULL),
	(677, 'Cd (ppb)', 22, 'Kimia', '-', 'TANAH KHUSUS', 72000.00, 'Tersedia', 'General', 48, '0', NULL, NULL, NULL, NULL, NULL, NULL),
	(678, 'Co (ppb)', 22, 'Kimia', '-', 'TANAH KHUSUS', 72000.00, 'Tersedia', 'General', 49, '0', NULL, NULL, NULL, NULL, NULL, NULL),
	(679, 'Cr (ppb)', 22, 'Kimia', '-', 'TANAH KHUSUS', 72000.00, 'Tersedia', 'General', 50, '0', NULL, NULL, NULL, NULL, NULL, NULL),
	(680, 'NI (ppb)', 22, 'Kimia', '-', 'TANAH KHUSUS', 72000.00, 'Tersedia', 'General', 51, '0', NULL, NULL, NULL, NULL, NULL, NULL),
	(681, 'Mo (ppb)', 22, 'Kimia', '-', 'TANAH KHUSUS', 72000.00, 'Tersedia', 'General', 52, '0', NULL, NULL, NULL, NULL, NULL, NULL),
	(682, 'Ag (ppb)', 22, 'Kimia', '-', 'TANAH KHUSUS', 72000.00, 'Tersedia', 'General', 53, '0', NULL, NULL, NULL, NULL, NULL, NULL),
	(683, 'Sn (ppb)', 22, 'Kimia', '-', 'TANAH KHUSUS', 72000.00, 'Tersedia', 'General', 54, '0', NULL, NULL, NULL, NULL, NULL, NULL),
	(684, 'Se (ppb)', 22, 'Kimia', '-', 'TANAH KHUSUS', 72000.00, 'Tersedia', 'General', 55, '0', NULL, NULL, NULL, NULL, NULL, NULL),
	(685, 'As (ppb)', 22, 'Kimia', '-', 'TANAH KHUSUS', 72000.00, 'Tersedia', 'General', 56, '0', NULL, NULL, NULL, NULL, NULL, NULL),
	(686, 'Hg (ppb)', 22, 'Kimia', '-', 'TANAH KHUSUS', 72000.00, 'Tersedia', 'General', 57, '0', NULL, NULL, NULL, NULL, NULL, NULL),
	(687, 'Ekstraksi Total Logam berat (ppb)', 22, 'Kimia', '-', 'TANAH KHUSUS', 36000.00, 'Tersedia', 'General', 58, '0', NULL, NULL, NULL, NULL, NULL, NULL),
	(688, 'Tekstur 4 Fraksi (3 Fraksi + Liat halus)', 22, 'Kimia', '-', 'TANAH KHUSUS', 31500.00, 'Tersedia', 'General', 59, '0', NULL, NULL, NULL, NULL, NULL, NULL),
	(689, 'Tekstur 10 Fraksi', 22, 'Kimia', '-', 'TANAH KHUSUS', 55000.00, 'Tersedia', 'General', 60, '0', NULL, NULL, NULL, NULL, NULL, NULL),
	(690, 'Ca', 22, 'Kimia', '-', 'TANAH KHUSUS', 18000.00, 'Tersedia', 'General', 61, '0', NULL, NULL, NULL, NULL, NULL, NULL),
	(691, 'Mg', 22, 'Kimia', '-', 'TANAH KHUSUS', 18000.00, 'Tersedia', 'General', 62, '0', NULL, NULL, NULL, NULL, NULL, NULL),
	(692, 'Ekstraksi (Ca dan Mg)', 22, 'Kimia', '-', 'TANAH KHUSUS', 12000.00, 'Tersedia', 'General', 63, '0', NULL, NULL, NULL, NULL, NULL, NULL),
	(693, 'Tekstur 7 Fraksi (Pipet)', 22, 'Kimia', '-', 'TANAH KHUSUS', 42000.00, 'Tersedia', 'General', 64, '0', NULL, NULL, NULL, NULL, NULL, NULL),
	(694, 'Kemasaman aktual total', 22, 'Kimia', '-', 'TANAH KHUSUS', 18000.00, 'Tersedia', 'General', 65, '0', NULL, NULL, NULL, NULL, NULL, NULL),
	(695, 'Kemasaman potensial total', 22, 'Kimia', '-', 'TANAH KHUSUS', 18000.00, 'Tersedia', 'General', 66, '0', NULL, NULL, NULL, NULL, NULL, NULL),
	(696, 'Abu', 22, 'Kimia', '-', 'TANAH KHUSUS', 18000.00, 'Tersedia', 'General', 67, '0', NULL, NULL, NULL, NULL, NULL, NULL),
	(697, 'Silikat', 22, 'Kimia', '-', 'TANAH KHUSUS', 18000.00, 'Tersedia', 'General', 68, '0', NULL, NULL, NULL, NULL, NULL, NULL),
	(698, 'Ekstraksi abu dan silikat', 22, 'Kimia', '-', 'TANAH KHUSUS', 12000.00, 'Tersedia', 'General', 69, '0', NULL, NULL, NULL, NULL, NULL, NULL),
	(699, 'Kadar Serat', 22, 'Kimia', '-', 'TANAH KHUSUS', 12000.00, 'Tersedia', 'General', 70, '0', NULL, NULL, NULL, NULL, NULL, NULL),
	(700, 'Kadar C- asam humat', 22, 'Kimia', '-', 'TANAH KHUSUS', 72000.00, 'Tersedia', 'General', 71, '0', NULL, NULL, NULL, NULL, NULL, NULL),
	(701, 'Kebutuhan kapur cara tirasi', 22, 'Kimia', '-', 'TANAH KHUSUS', 60000.00, 'Tersedia', 'General', 72, '0', NULL, NULL, NULL, NULL, NULL, NULL),
	(702, 'Tekstur 3 Fraksi cara hidrometer', 22, 'Kimia', '-', 'TANAH KHUSUS', 24000.00, 'Tersedia', 'General', 73, '0', NULL, NULL, NULL, NULL, NULL, NULL),
	(703, 'K', 22, 'Kimia', '-', 'TANAH KHUSUS', 1200.00, 'Tersedia', 'General', 74, '0', NULL, NULL, NULL, NULL, NULL, NULL),
	(704, 'Na', 22, 'Kimia', '-', 'TANAH KHUSUS', 12000.00, 'Tersedia', 'General', 75, '0', NULL, NULL, NULL, NULL, NULL, NULL),
	(705, 'Ca', 22, 'Kimia', '-', 'TANAH KHUSUS', 18000.00, 'Tersedia', 'General', 76, '0', NULL, NULL, NULL, NULL, NULL, NULL),
	(706, 'Mg', 22, 'Kimia', '-', 'TANAH KHUSUS', 18000.00, 'Tersedia', 'General', 77, '0', NULL, NULL, NULL, NULL, NULL, NULL),
	(707, 'Ekstrak NH4 - asetat', 22, 'Kimia', '-', 'TANAH KHUSUS', 18000.00, 'Tersedia', 'General', 78, '0', NULL, NULL, NULL, NULL, NULL, NULL),
	(708, 'Fe', 22, 'Kimia', '-', 'TANAH KHUSUS', 12000.00, 'Tersedia', 'General', 79, '0', NULL, NULL, NULL, NULL, NULL, NULL),
	(709, 'Mn', 22, 'Kimia', '-', 'TANAH KHUSUS', 12000.00, 'Tersedia', 'General', 80, '0', NULL, NULL, NULL, NULL, NULL, NULL),
	(710, 'Cu', 22, 'Kimia', '-', 'TANAH KHUSUS', 12000.00, 'Tersedia', 'General', 81, '0', NULL, NULL, NULL, NULL, NULL, NULL),
	(711, 'Zn', 22, 'Kimia', '-', 'TANAH KHUSUS', 12000.00, 'Tersedia', 'General', 82, '0', NULL, NULL, NULL, NULL, NULL, NULL),
	(712, 'Ekstraksi DTPA', 22, 'Kimia', '-', 'TANAH KHUSUS', 18000.00, 'Tersedia', 'General', 83, '0', NULL, NULL, NULL, NULL, NULL, NULL),
	(713, 'Sulfat terekstrak dalam Ca (H2PO4)2', 22, 'Kimia', '-', 'TANAH KHUSUS', 30000.00, 'Tersedia', 'General', 84, '0', NULL, NULL, NULL, NULL, NULL, NULL),
	(714, 'Ekstraksi DTPA', 22, 'Kimia', '-', 'TANAH KHUSUS', 18000.00, 'Tersedia', 'General', 85, '0', NULL, NULL, NULL, NULL, NULL, NULL),
	(715, 'P', 22, 'Kimia', '-', 'TANAH KHUSUS', 12000.00, 'Tersedia', 'General', 86, '0', NULL, NULL, NULL, NULL, NULL, NULL),
	(716, 'K', 22, 'Kimia', '-', 'TANAH KHUSUS', 12000.00, 'Tersedia', 'General', 87, '0', NULL, NULL, NULL, NULL, NULL, NULL),
	(717, 'Fe', 22, 'Kimia', '-', 'TANAH KHUSUS', 12000.00, 'Tersedia', 'General', 88, '0', NULL, NULL, NULL, NULL, NULL, NULL),
	(718, 'Mn', 22, 'Kimia', '-', 'TANAH KHUSUS', 12000.00, 'Tersedia', 'General', 89, '0', NULL, NULL, NULL, NULL, NULL, NULL),
	(719, 'Cu', 22, 'Kimia', '-', 'TANAH KHUSUS', 12000.00, 'Tersedia', 'General', 90, '0', NULL, NULL, NULL, NULL, NULL, NULL),
	(720, 'Zn', 22, 'Kimia', '-', 'TANAH KHUSUS', 12000.00, 'Tersedia', 'General', 91, '0', NULL, NULL, NULL, NULL, NULL, NULL),
	(721, 'NH4', 22, 'Kimia', '-', 'TANAH KHUSUS', 18000.00, 'Tersedia', 'General', 92, '0', NULL, NULL, NULL, NULL, NULL, NULL),
	(722, 'NO3', 22, 'Kimia', '-', 'TANAH KHUSUS', 18000.00, 'Tersedia', 'General', 93, '0', NULL, NULL, NULL, NULL, NULL, NULL),
	(723, 'PO4', 22, 'Kimia', '-', 'TANAH KHUSUS', 18000.00, 'Tersedia', 'General', 94, '0', NULL, NULL, NULL, NULL, NULL, NULL),
	(724, 'Cl', 22, 'Kimia', '-', 'TANAH KHUSUS', 18000.00, 'Tersedia', 'General', 95, '0', NULL, NULL, NULL, NULL, NULL, NULL),
	(725, 'Ca', 22, 'Kimia', '-', 'TANAH KHUSUS', 18000.00, 'Tersedia', 'General', 96, '0', NULL, NULL, NULL, NULL, NULL, NULL),
	(726, 'Mg', 22, 'Kimia', '-', 'TANAH KHUSUS', 18000.00, 'Tersedia', 'General', 97, '0', NULL, NULL, NULL, NULL, NULL, NULL),
	(727, 'SO4', 22, 'Kimia', '-', 'TANAH KHUSUS', 18000.00, 'Tersedia', 'General', 98, '0', NULL, NULL, NULL, NULL, NULL, NULL),
	(728, 'Ekstraksi unsur makro dan mikro tersedia (Morgan)', 22, 'Kimia', '-', 'TANAH KHUSUS', 24000.00, 'Tersedia', 'General', 99, '0', NULL, NULL, NULL, NULL, NULL, NULL),
	(729, 'P (Ekstrak Air)', 22, 'Kimia', '-', 'TANAH KHUSUS', 12000.00, 'Tersedia', 'General', 86, '0', NULL, NULL, NULL, NULL, NULL, NULL),
	(730, 'K (Ekstrak Air)', 22, 'Kimia', '-', 'TANAH KHUSUS', 12000.00, 'Tersedia', 'General', 87, '0', NULL, NULL, NULL, NULL, NULL, NULL),
	(731, 'Fe (Ekstrak Air)', 22, 'Kimia', '-', 'TANAH KHUSUS', 12000.00, 'Tersedia', 'General', 88, '0', NULL, NULL, NULL, NULL, NULL, NULL),
	(732, 'Mn (Ekstrak Air)', 22, 'Kimia', '-', 'TANAH KHUSUS', 12000.00, 'Tersedia', 'General', 89, '0', NULL, NULL, NULL, NULL, NULL, NULL),
	(733, 'Cu (Ekstrak Air)', 22, 'Kimia', '-', 'TANAH KHUSUS', 12000.00, 'Tersedia', 'General', 90, '0', NULL, NULL, NULL, NULL, NULL, NULL),
	(734, 'Zn (Ekstrak Air)', 22, 'Kimia', '-', 'TANAH KHUSUS', 12000.00, 'Tersedia', 'General', 91, '0', NULL, NULL, NULL, NULL, NULL, NULL),
	(735, 'NH4 (Ekstrak Air)', 22, 'Kimia', '-', 'TANAH KHUSUS', 18000.00, 'Tersedia', 'General', 92, '0', NULL, NULL, NULL, NULL, NULL, NULL),
	(736, 'NO3 (Ekstrak Air)', 22, 'Kimia', '-', 'TANAH KHUSUS', 18000.00, 'Tersedia', 'General', 93, '0', NULL, NULL, NULL, NULL, NULL, NULL),
	(737, 'PO4 (Ekstrak Air)', 22, 'Kimia', '-', 'TANAH KHUSUS', 18000.00, 'Tersedia', 'General', 94, '0', NULL, NULL, NULL, NULL, NULL, NULL),
	(738, 'Cl (Ekstrak Air)', 22, 'Kimia', '-', 'TANAH KHUSUS', 18000.00, 'Tersedia', 'General', 95, '0', NULL, NULL, NULL, NULL, NULL, NULL),
	(739, 'Ca (Ekstrak Air)', 22, 'Kimia', '-', 'TANAH KHUSUS', 18000.00, 'Tersedia', 'General', 96, '0', NULL, NULL, NULL, NULL, NULL, NULL),
	(740, 'Mg (Ekstrak Air)', 22, 'Kimia', '-', 'TANAH KHUSUS', 18000.00, 'Tersedia', 'General', 97, '0', NULL, NULL, NULL, NULL, NULL, NULL),
	(741, 'SO4 (Ekstrak Air)', 22, 'Kimia', '-', 'TANAH KHUSUS', 18000.00, 'Tersedia', 'General', 98, '0', NULL, NULL, NULL, NULL, NULL, NULL),
	(742, 'Ekstrak Air 1:5 unsur makro dan mikro', 22, 'Kimia', '-', 'TANAH KHUSUS', 12000.00, 'Tersedia', 'General', 99, '0', NULL, NULL, NULL, NULL, NULL, NULL),
	(743, 'Pb (ppm)', 22, 'Kimia', '-', 'TANAH KHUSUS', 24000.00, 'Tersedia', 'General', 89, '0', NULL, NULL, NULL, NULL, NULL, NULL),
	(744, 'Cd (ppm)', 22, 'Kimia', '-', 'TANAH KHUSUS', 24000.00, 'Tersedia', 'General', 90, '0', NULL, NULL, NULL, NULL, NULL, NULL),
	(745, 'Co (ppm)', 22, 'Kimia', '-', 'TANAH KHUSUS', 24000.00, 'Tersedia', 'General', 91, '0', NULL, NULL, NULL, NULL, NULL, NULL),
	(746, 'Cr (ppm)', 22, 'Kimia', '-', 'TANAH KHUSUS', 24000.00, 'Tersedia', 'General', 92, '0', NULL, NULL, NULL, NULL, NULL, NULL),
	(747, 'Ni (ppm)', 22, 'Kimia', '-', 'TANAH KHUSUS', 24000.00, 'Tersedia', 'General', 93, '0', NULL, NULL, NULL, NULL, NULL, NULL),
	(748, 'Ag (ppm)', 22, 'Kimia', '-', 'TANAH KHUSUS', 24000.00, 'Tersedia', 'General', 94, '0', NULL, NULL, NULL, NULL, NULL, NULL),
	(749, 'As (ppm)', 22, 'Kimia', '-', 'TANAH KHUSUS', 24000.00, 'Tersedia', 'General', 95, '0', NULL, NULL, NULL, NULL, NULL, NULL),
	(750, 'Mo (ppm)', 22, 'Kimia', '-', 'TANAH KHUSUS', 24000.00, 'Tersedia', 'General', 96, '0', NULL, NULL, NULL, NULL, NULL, NULL),
	(751, 'Se (ppm)', 22, 'Kimia', '-', 'TANAH KHUSUS', 24000.00, 'Tersedia', 'General', 97, '0', NULL, NULL, NULL, NULL, NULL, NULL),
	(752, 'Sn (ppm)', 22, 'Kimia', '-', 'TANAH KHUSUS', 24000.00, 'Tersedia', 'General', 98, '0', NULL, NULL, NULL, NULL, NULL, NULL),
	(753, 'Pb (ppb)', 22, 'Kimia', '-', 'TANAH KHUSUS', 72000.00, 'Tersedia', 'General', 98, '0', NULL, NULL, NULL, NULL, NULL, NULL),
	(754, 'Cd (ppb)', 22, 'Kimia', '-', 'TANAH KHUSUS', 72000.00, 'Tersedia', 'General', 90, '0', NULL, NULL, NULL, NULL, NULL, NULL),
	(755, 'Co (ppb)', 22, 'Kimia', '-', 'TANAH KHUSUS', 72000.00, 'Tersedia', 'General', 91, '0', NULL, NULL, NULL, NULL, NULL, NULL),
	(756, 'Cr (ppb)', 22, 'Kimia', '-', 'TANAH KHUSUS', 72000.00, 'Tersedia', 'General', 92, '0', NULL, NULL, NULL, NULL, NULL, NULL),
	(757, 'Ni (ppb)', 22, 'Kimia', '-', 'TANAH KHUSUS', 72000.00, 'Tersedia', 'General', 93, '0', NULL, NULL, NULL, NULL, NULL, NULL),
	(758, 'Ag (ppb)', 22, 'Kimia', '-', 'TANAH KHUSUS', 72000.00, 'Tersedia', 'General', 94, '0', NULL, NULL, NULL, NULL, NULL, NULL),
	(759, 'As (ppb)', 22, 'Kimia', '-', 'TANAH KHUSUS', 72000.00, 'Tersedia', 'General', 95, '0', NULL, NULL, NULL, NULL, NULL, NULL),
	(760, 'Mo (ppb)', 22, 'Kimia', '-', 'TANAH KHUSUS', 72000.00, 'Tersedia', 'General', 96, '0', NULL, NULL, NULL, NULL, NULL, NULL),
	(761, 'Se (ppb)', 22, 'Kimia', '-', 'TANAH KHUSUS', 72000.00, 'Tersedia', 'General', 97, '0', NULL, NULL, NULL, NULL, NULL, NULL),
	(762, 'Sn (ppb)', 22, 'Kimia', '-', 'TANAH KHUSUS', 72000.00, 'Tersedia', 'General', 98, '0', NULL, NULL, NULL, NULL, NULL, NULL),
	(763, 'Hg (ppb)', 22, 'Kimia', '-', 'TANAH KHUSUS', 72000.00, 'Tersedia', 'General', 98, '0', NULL, NULL, NULL, NULL, NULL, NULL),
	(764, 'Pb (ppm)', 28, 'Kimia', '-', 'TANAMAN', 24000.00, 'Tersedia', 'General', 29, '0', NULL, NULL, NULL, NULL, NULL, '775'),
	(765, 'Cd (ppm)', 28, 'Kimia', '-', 'TANAMAN', 24000.00, 'Tersedia', 'General', 30, '0', NULL, NULL, NULL, NULL, NULL, '775'),
	(766, 'Co (ppm)', 28, 'Kimia', '-', 'TANAMAN', 24000.00, 'Tersedia', 'General', 31, '0', NULL, NULL, NULL, NULL, NULL, '775'),
	(767, 'Cr (ppm)', 28, 'Kimia', '-', 'TANAMAN', 24000.00, 'Tersedia', 'General', 32, '0', NULL, NULL, NULL, NULL, NULL, '775'),
	(768, 'Ni (ppm)', 28, 'Kimia', '-', 'TANAMAN', 24000.00, 'Tersedia', 'General', 33, '0', NULL, NULL, NULL, NULL, NULL, '775'),
	(769, 'Mo (ppm)', 28, 'Kimia', '-', 'TANAMAN', 24000.00, 'Tersedia', 'General', 34, '0', NULL, NULL, NULL, NULL, NULL, '775'),
	(770, 'Ag (ppm)', 28, 'Kimia', '-', 'TANAMAN', 24000.00, 'Tersedia', 'General', 35, '0', NULL, NULL, NULL, NULL, NULL, '775'),
	(771, 'Sn (ppm)', 28, 'Kimia', '-', 'TANAMAN', 24000.00, 'Tersedia', 'General', 36, '0', NULL, NULL, NULL, NULL, NULL, '775'),
	(772, 'Se (ppm)', 28, 'Kimia', '-', 'TANAMAN', 24000.00, 'Tersedia', 'General', 37, '0', NULL, NULL, NULL, NULL, NULL, '775'),
	(773, 'As (ppm)', 28, 'Kimia', '-', 'TANAMAN', 24000.00, 'Tersedia', 'General', 38, '0', NULL, NULL, NULL, NULL, NULL, '775'),
	(774, 'Hg (ppm)', 28, 'Kimia', '-', 'TANAMAN', 24000.00, 'Tersedia', 'General', 39, '0', NULL, NULL, NULL, NULL, NULL, '775'),
	(775, 'Ekstraksi Logam berat (ppm)', 28, 'Kimia', '-', 'TANAMAN', 35000.00, 'Tersedia', 'General', 40, '0', NULL, NULL, NULL, NULL, NULL, '775');
/*!40000 ALTER TABLE `elementservicestbl` ENABLE KEYS */;

-- Dumping structure for table smlpob.employeetbl
DROP TABLE IF EXISTS `employeetbl`;
CREATE TABLE IF NOT EXISTS `employeetbl` (
  `employeeNo` int(11) NOT NULL AUTO_INCREMENT,
  `employeeName` varchar(255) DEFAULT NULL,
  `position` varchar(255) DEFAULT NULL,
  `employeeEmail` varchar(255) DEFAULT NULL,
  `derivativeToEmployee` int(11) DEFAULT NULL,
  `accountNo` int(11) DEFAULT NULL,
  `creaBy` varchar(255) DEFAULT NULL,
  `creaDate` datetime DEFAULT NULL,
  `modBy` varchar(255) DEFAULT NULL,
  `modDate` datetime DEFAULT NULL,
  `laboratoriumID` int(11) DEFAULT NULL,
  PRIMARY KEY (`employeeNo`),
  KEY `EmployeeTblAccountTbl` (`accountNo`),
  KEY `EmployeeTblLaboratoriumTbl` (`laboratoriumID`),
  CONSTRAINT `EmployeeTblAccountTbl` FOREIGN KEY (`accountNo`) REFERENCES `accounttbl` (`accountNo`),
  CONSTRAINT `EmployeeTblLaboratoriumTbl` FOREIGN KEY (`laboratoriumID`) REFERENCES `laboratoriumtbl` (`laboratoriumID`) ON DELETE CASCADE
) ENGINE=InnoDB AUTO_INCREMENT=106 DEFAULT CHARSET=latin1;

-- Dumping data for table smlpob.employeetbl: ~63 rows (approximately)
DELETE FROM `employeetbl`;
/*!40000 ALTER TABLE `employeetbl` DISABLE KEYS */;
INSERT INTO `employeetbl` (`employeeNo`, `employeeName`, `position`, `employeeEmail`, `derivativeToEmployee`, `accountNo`, `creaBy`, `creaDate`, `modBy`, `modDate`, `laboratoriumID`) VALUES
	(10, 'analis1', 'analis', 'analis1@gmail.com', 9, 1162, '', '2019-09-02 10:00:38', NULL, NULL, 1),
	(11, 'evaluator1', 'evaluator', 'evaluator1@gmail.com', 9, 1163, '', '2019-09-02 10:05:33', NULL, NULL, 1),
	(12, 'kasir1', 'kasir', 'kasir1@gmail.com', -1, 1164, '', '2019-09-02 10:07:19', '', '2019-09-02 10:07:32', 1),
	(13, 'cs1', 'customer service', 'cs1@gmail.com', -1, 1165, '', '2019-09-02 10:08:26', NULL, NULL, 1),
	(14, 'penyelia1', 'penyelia', 'penyelia1@gmail.com', 9, 1166, '', '2019-09-02 10:45:19', NULL, NULL, 1),
	(20, 'Erny Yuniarti', 'manajer teknis', 'erny_yuniarti@yahoo.com', -1, 1202, '', '2019-12-10 11:53:17', NULL, NULL, 2),
	(39, 'Elsanti ', 'penyelia', 'elsantianti21@gmail.com', 20, 1203, '', '2019-12-10 11:56:47', NULL, NULL, 2),
	(40, 'Eep Saefulah ', 'analis', 'eepsyaiful64@gmail.com', 39, 1204, '', '2019-12-10 12:00:11', NULL, NULL, 2),
	(41, 'Jumena', 'analis', 'Jjumena17@gmail.com', 39, 1205, '', '2019-12-10 12:01:12', NULL, NULL, 2),
	(42, 'Ari Rizki Ramadhan', 'analis', 'aramadh3@gmail.com', 39, 1206, '', '2019-12-10 12:02:07', NULL, NULL, 2),
	(43, 'Ratri Ariani, SP', 'manajer teknis', 'ratri.ariani@gmail.com', -1, 1207, '', '2019-12-10 12:04:14', NULL, NULL, 3),
	(45, 'Arif Budiyanto, S.Si', 'penyelia', 'arifbudiyantobudiyanto@yahoo.co.id', 43, 1208, '', '2019-12-10 12:32:58', NULL, NULL, 3),
	(46, 'Atin Kurdiana, SP', 'analis', 'atinkurdiana@gmail.com', 45, 1209, '', '2019-12-10 12:34:05', NULL, NULL, 3),
	(47, 'Gati Yoga S.', 'analis', 'gatiyogasuripto@gmail.com', 45, 1210, '', '2019-12-10 12:34:57', '', '2019-12-10 12:37:28', 3),
	(48, 'Musrahman', 'analis', 'musrahman36153@gmail.com', 45, 1211, '', '2019-12-10 12:36:04', '', '2019-12-10 12:37:16', 3),
	(49, 'Elang', 'analis', 'jamaldul4634@gmail.com', 45, 1212, '', '2019-12-10 12:37:04', NULL, NULL, 3),
	(50, 'Laely Nurfahmi', 'analis', 'leanfa.la3ll@gmail.com', 45, 1213, '', '2019-12-10 12:38:24', NULL, NULL, 3),
	(51, 'Firman Fermana Agung', 'analis', 'firman_geo11@yahoo.co.id', 45, 1214, '', '2019-12-10 12:39:15', NULL, NULL, 3),
	(56, 'Lenita Herawaty, M.Si', 'manajer teknis', 'land_nn@yahoo.com', -1, 1217, '', '2019-12-12 14:00:04', NULL, NULL, 1),
	(58, 'Hesti', 'penyelia', 'hestiekatantika@gmail.com', 56, 1219, '', '2019-12-12 14:03:00', NULL, NULL, 1),
	(59, 'Puji', 'penyelia', 'pujiningrum@gmail.com', 56, 1220, '', '2019-12-12 14:04:15', NULL, NULL, 1),
	(60, 'Iin', 'penyelia', 'iindwisurhati85@gmail.com', 56, 1221, '', '2019-12-12 14:05:30', NULL, NULL, 1),
	(61, 'Usman', 'penyelia', 'usman_randika@yahoo.com', 56, 1222, '', '2019-12-12 14:07:53', NULL, NULL, 1),
	(62, 'Margi', 'analis', 'margi.hastuti@gmail.com', 61, 1223, '', '2019-12-12 14:12:08', NULL, NULL, 1),
	(63, 'Eka', 'analis', 'ekaindrasetiaman2425@gmail.com', 60, 1224, '', '2019-12-12 14:24:23', NULL, NULL, 1),
	(64, 'Fajar', 'analis', 'fajarachmad.2009@gmail.com', 60, 1225, '', '2019-12-12 14:28:04', NULL, NULL, 1),
	(65, 'Iin', 'analis', 'iindwisurhati85@gmail.com', 60, 1226, '', '2019-12-12 14:31:21', '', '2019-12-12 14:32:58', 1),
	(66, 'Andhika', 'analis', 'awp1146@gmail.com', 59, 1227, '', '2019-12-12 14:46:17', NULL, '2019-12-13 10:32:12', 1),
	(67, 'Yadi', 'analis', 'yadialamtirta@gmail.com', 59, 1228, '', '2019-12-12 14:53:10', NULL, NULL, 1),
	(68, 'Lintang', 'analis', 'lintang.candra27@gmail.com', 59, 1229, '', '2019-12-12 15:01:53', NULL, NULL, 1),
	(69, 'Dila', 'analis', 'audilanandisya@gmail.com', 59, 1230, '', '2019-12-12 15:34:08', NULL, NULL, 1),
	(70, 'Puji', 'analis', 'pujiningrum@gmail.com', 59, 1231, '', '2019-12-12 15:34:57', NULL, NULL, 1),
	(71, 'Zulfikar', 'analis', 'zulfikarp24@gmail.com', 58, 1232, '', '2019-12-12 15:36:06', NULL, NULL, 1),
	(72, 'Firnas', 'analis', 'firnas.muldiansyah@gmail.com', 58, 1234, '', '2019-12-12 15:37:05', NULL, NULL, 1),
	(73, 'Marisya', 'analis', 'marisyakurniasari@gmail.com', 58, 1235, '', '2019-12-12 15:37:58', NULL, NULL, 1),
	(74, 'Deby', 'analis', 'debbynuksm@gmail.com', 58, 1236, '', '2019-12-12 15:39:00', NULL, NULL, 1),
	(75, 'Sunarya', 'analis', 'sunarya.sr@gmail.com', 58, 1237, '', '2019-12-12 15:39:48', NULL, NULL, 1),
	(76, 'Rama', 'analis', 'ramafadli20@gmail.com', 58, 1238, '', '2019-12-12 15:43:07', NULL, NULL, 1),
	(77, 'Rini', 'analis', 'rini.prihatini.rp@gmail.com', 58, 1239, '', '2019-12-12 15:44:14', NULL, NULL, 1),
	(78, 'Reni', 'analis', 'anggrainirenyta@gmail.com', 58, 1241, '', '2019-12-12 15:45:05', NULL, NULL, 1),
	(79, 'Novie', 'analsi', 'novie.ekaps@gmail.com', 58, 1243, '', '2019-12-12 16:09:11', NULL, NULL, 1),
	(80, 'Margi', 'analis', 'marig.hastuti@gmail.com', 58, 1244, '', '2019-12-12 16:09:46', NULL, NULL, 1),
	(81, 'Ikhwan', 'analis', 'ikhwan.labkim@gmail.com', 58, 1245, '', '2019-12-12 16:13:26', NULL, NULL, 1),
	(82, 'Roni', 'analis', 'roni.labkim@gmail.com', 58, 1246, '', '2019-12-12 16:14:16', NULL, NULL, 1),
	(83, 'Prayudi', 'analis', 'prayudi.labkim@gmail.com', 58, 1247, '', '2019-12-12 16:15:55', NULL, NULL, 1),
	(85, 'Jubaedah', 'cs', 'midahpratama@gmail.com', -1, 1251, '', '2019-12-12 16:31:37', NULL, NULL, NULL),
	(86, 'Didik suristyo hastono', 'cs', 'didik.suristyo@gmail.com', -1, 1252, '', '2019-12-12 16:37:26', NULL, NULL, NULL),
	(87, 'Ika mardika sari', 'cs', 'ikamurdikas@gmail.com', -1, 1253, '', '2019-12-12 16:38:51', NULL, NULL, NULL),
	(88, 'suryati', 'kasir', 'auliarisma102@gmail.com', -1, 1256, '', '2019-12-12 16:42:26', NULL, NULL, NULL),
	(89, 'Dede Iskandar', 'analis', 'idede1465@gmail.com', 39, 1257, '', '2019-12-12 16:46:40', NULL, NULL, 2),
	(90, 'Dedi supriadi', 'analis', 'dedisu931@gmail.com', 39, 1259, '', '2019-12-12 16:48:20', NULL, NULL, 2),
	(91, 'Yadi supriadi', 'analis', 'supriadiadi320@gmail.com', 39, 1260, '', '2019-12-12 16:50:08', NULL, NULL, 2),
	(92, 'Andi', 'analis', 'andiandi666666666@gmail.com', 39, 1261, '', '2019-12-12 16:51:56', NULL, NULL, 2),
	(93, 'Manager Teknis Balittanah', 'Manager Teknis', 'manager1@gmail.com', 56, 1161, '', '2019-12-13 10:18:54', '', '2019-12-13 10:19:52', 1),
	(94, 'Dr. Markus Anda', 'manajer teknis', 'markusandas@yahoo.com', -1, 1268, '', '2019-12-13 11:28:36', NULL, NULL, 4),
	(95, 'Titi Tentrem', 'penyelia', 'tentremtiti42@gmail.com', 94, 1269, '', '2019-12-13 11:33:42', NULL, NULL, 4),
	(96, 'Yace Muhamad Hidayat', 'analis', 'yacehidayat@pertanian.go.id', 95, 1270, '', '2019-12-13 11:34:44', NULL, NULL, 4),
	(97, 'Antonius Fransisco Nababan', 'analis', 'antoniusfrasisco@pertanian.go.id', 95, 1271, '', '2019-12-13 11:36:43', NULL, NULL, 4),
	(98, 'A. Abubakar', 'analis', 'a.abubakar@pertanian.go.id', 95, 1272, '', '2019-12-13 11:37:27', NULL, NULL, 4),
	(100, 'board tugas kimia', 'board tugas', 'silpo.board.kimia@outlook.com', -1, 1284, ' ', '2019-12-13 11:37:27', NULL, NULL, 1),
	(101, 'board tugas biologi', 'board tugas', 'silpo.board.biologi@outlook.com', -1, 1287, ' ', '2019-12-13 11:37:27', NULL, NULL, 2),
	(102, 'board tugas fisika', 'board tugas', 'silpo.board.fisika@outlook.com', -1, 1285, ' ', '2019-12-13 11:37:27', NULL, NULL, 3),
	(103, 'board tugas mineral', 'board tugas', 'silpo.board.mineral@outlook.com', -1, 1286, ' ', '2019-12-13 11:37:27', NULL, NULL, 4),
	(104, 'board tugas test', 'board tugas', 'silpo.board.test@outlook.com', -1, 1331, '', '2020-01-13 10:58:39', NULL, NULL, NULL);
/*!40000 ALTER TABLE `employeetbl` ENABLE KEYS */;

-- Dumping structure for table smlpob.genustbl
DROP TABLE IF EXISTS `genustbl`;
CREATE TABLE IF NOT EXISTS `genustbl` (
  `genusId` int(11) NOT NULL AUTO_INCREMENT,
  `genusName` varchar(100) NOT NULL,
  `Cost` decimal(12,2) NOT NULL,
  `comodityNo` int(11) NOT NULL,
  `creaBy` varchar(255) DEFAULT NULL,
  `creaDate` datetime DEFAULT NULL,
  `modBy` varchar(255) DEFAULT NULL,
  `modDate` datetime DEFAULT NULL,
  PRIMARY KEY (`genusId`),
  KEY `GenusPerComodityTbltoComodityTbl` (`comodityNo`),
  CONSTRAINT `GenusPerComodityTbltoComodityTbl` FOREIGN KEY (`comodityNo`) REFERENCES `comoditytbl` (`comodityNo`)
) ENGINE=InnoDB AUTO_INCREMENT=83 DEFAULT CHARSET=latin1;

-- Dumping data for table smlpob.genustbl: ~41 rows (approximately)
DELETE FROM `genustbl`;
/*!40000 ALTER TABLE `genustbl` DISABLE KEYS */;
INSERT INTO `genustbl` (`genusId`, `genusName`, `Cost`, `comodityNo`, `creaBy`, `creaDate`, `modBy`, `modDate`) VALUES
	(3, 'Total perhitungan cawan total (plate count) mikroba (aerob) ( Total Bakteri )', 150000.00, 19, NULL, NULL, NULL, NULL),
	(4, 'Total perhitungan cawan total (plate count) mikroba (anaerob)', 250000.00, 19, NULL, NULL, NULL, NULL),
	(24, 'Jumlah Rhizobium/Bradirhyzobium sp', 150000.00, 19, NULL, NULL, NULL, NULL),
	(25, 'Jumlah Azospirillum sp', 150000.00, 19, NULL, NULL, NULL, NULL),
	(26, 'Jumlah Azotobacter sp', 125000.00, 19, NULL, NULL, NULL, NULL),
	(27, 'Jumlah Pseudomonas sp', 125000.00, 19, NULL, NULL, NULL, NULL),
	(28, 'Jumlah Bacillus sp', 125000.00, 19, NULL, NULL, NULL, NULL),
	(29, 'Jumlah Lactobacillus sp', 125000.00, 19, NULL, NULL, NULL, NULL),
	(30, 'Total Coliform', 125000.00, 19, NULL, NULL, NULL, NULL),
	(31, 'Jumlah E.Coli', 150000.00, 19, NULL, NULL, NULL, NULL),
	(32, 'Jumlah Salmonella sp', 150000.00, 19, NULL, NULL, NULL, NULL),
	(33, 'Jumlah Bakteri Penambat Nitrogen', 125000.00, 19, NULL, NULL, NULL, NULL),
	(34, 'Jumlah Bakteri Pelarut Fosfat', 125000.00, 19, NULL, NULL, NULL, NULL),
	(35, 'Jumlah Bakteri Selulolitik', 125000.00, 19, NULL, NULL, NULL, NULL),
	(36, 'Jumlah Bakteri Kitinolitik', 125000.00, 19, NULL, NULL, NULL, NULL),
	(37, 'Jumlah Bakteri Lipolitik', 125000.00, 19, NULL, NULL, NULL, NULL),
	(38, 'Jumlah Bakteri Proteolitik', 125000.00, 19, NULL, NULL, NULL, NULL),
	(39, 'Jumlah Bakteri Cytophaga', 125000.00, 19, NULL, NULL, NULL, NULL),
	(40, 'Jumlah Bakteri Micrococcus', 125000.00, 19, NULL, NULL, NULL, NULL),
	(41, 'Total Fungi', 125000.00, 19, NULL, NULL, NULL, NULL),
	(42, 'Jumlah Mikoriza', 125000.00, 19, NULL, NULL, NULL, NULL),
	(43, 'Jumlah Trichoderma sp', 125000.00, 19, NULL, NULL, NULL, NULL),
	(44, 'Jumlah Aspergillus sp', 125000.00, 19, NULL, NULL, NULL, NULL),
	(45, 'Jumlah Saccharomyces sp', 125000.00, 19, NULL, NULL, NULL, NULL),
	(46, 'Jumlah Fungi Pelarut Fosfat', 125000.00, 19, NULL, NULL, NULL, NULL),
	(47, 'Jumlah Fungi Selulolitik', 125000.00, 19, NULL, NULL, NULL, NULL),
	(48, 'Total Fungi Lipolitik', 125000.00, 19, NULL, NULL, NULL, NULL),
	(49, 'Jumlah Fungi Proteolitik', 125000.00, 19, NULL, NULL, NULL, NULL),
	(50, 'Jumlah Fungi Lignolitik', 125000.00, 19, NULL, NULL, NULL, NULL),
	(51, 'Jumlah Actinomycetes', 125000.00, 19, NULL, NULL, NULL, NULL),
	(72, 'Jumlah Streptomyces sp', 125000.00, 19, NULL, NULL, NULL, NULL),
	(73, 'Uji Patogenitas pada tanaman', 150000.00, 19, NULL, NULL, NULL, NULL),
	(74, 'Aktivitas Reduksi Asetilen ( Kuantitatif)', 200000.00, 19, NULL, NULL, NULL, NULL),
	(75, 'Aktivitas Penambata N (Kualitatif)', 50000.00, 19, NULL, NULL, NULL, NULL),
	(76, 'Aktivitas Pelarut Fosfat (Kuantitatif)', 200000.00, 19, NULL, NULL, NULL, NULL),
	(77, 'Aktivitas Pelarutan Fosfat (Kualitatif)', 50000.00, 19, NULL, NULL, NULL, NULL),
	(78, 'Produksi Fitohormon IAA (Spektrofotometer)', 200000.00, 19, NULL, NULL, NULL, NULL),
	(79, 'Aktivitas Perombak Bahan Organik (Kualitatif)', 50000.00, 19, NULL, NULL, NULL, NULL),
	(80, 'pH', 15000.00, 19, NULL, NULL, NULL, NULL),
	(81, 'Kadar Air', 15000.00, 19, NULL, NULL, NULL, NULL),
	(82, 'Total perhitungan cawan total (plate count) mikroba (aerob) ( Total Bakteri )', 150000.00, 20, NULL, NULL, NULL, NULL);
/*!40000 ALTER TABLE `genustbl` ENABLE KEYS */;

-- Dumping structure for table smlpob.laboratoriumtbl
DROP TABLE IF EXISTS `laboratoriumtbl`;
CREATE TABLE IF NOT EXISTS `laboratoriumtbl` (
  `laboratoriumID` int(11) NOT NULL,
  `laboratoriumName` varchar(255) NOT NULL,
  `laboratoriumStatus` char(1) NOT NULL,
  `laboratoriumSymbol` char(3) DEFAULT NULL,
  PRIMARY KEY (`laboratoriumID`)
) ENGINE=InnoDB DEFAULT CHARSET=latin1;

-- Dumping data for table smlpob.laboratoriumtbl: ~4 rows (approximately)
DELETE FROM `laboratoriumtbl`;
/*!40000 ALTER TABLE `laboratoriumtbl` DISABLE KEYS */;
INSERT INTO `laboratoriumtbl` (`laboratoriumID`, `laboratoriumName`, `laboratoriumStatus`, `laboratoriumSymbol`) VALUES
	(1, 'Kimia', '1', 'K'),
	(2, 'Biologi', '1', 'B'),
	(3, 'Fisika', '1', 'F'),
	(4, 'Mineralogi', '1', 'M');
/*!40000 ALTER TABLE `laboratoriumtbl` ENABLE KEYS */;

-- Dumping structure for table smlpob.logtbl
DROP TABLE IF EXISTS `logtbl`;
CREATE TABLE IF NOT EXISTS `logtbl` (
  `logId` int(11) NOT NULL AUTO_INCREMENT,
  `source` varchar(255) DEFAULT NULL,
  `description` text,
  `creaBy` varchar(255) DEFAULT NULL,
  `creaDate` datetime DEFAULT NULL,
  PRIMARY KEY (`logId`)
) ENGINE=InnoDB AUTO_INCREMENT=1134 DEFAULT CHARSET=latin1;

-- Dumping data for table smlpob.logtbl: ~472 rows (approximately)
DELETE FROM `logtbl`;
/*!40000 ALTER TABLE `logtbl` DISABLE KEYS */;
INSERT INTO `logtbl` (`logId`, `source`, `description`, `creaBy`, `creaDate`) VALUES
	(560, 'AccountControls', 'An error occurred while updating the entries. See the inner exception for details.', '', '2019-12-12 12:00:59'),
	(561, 'AccountControls', 'An error occurred while updating the entries. See the inner exception for details.', '', '2019-12-12 12:13:49'),
	(562, 'AccountControls', 'An error occurred while executing the command definition. See the inner exception for details.', '', '2019-12-12 13:00:44'),
	(563, 'ASP.pages_public_login_aspx', 'Login error:An exception occurred. Please check the Event Log.', 'godrealm971@gmail.com', '2019-12-12 13:03:01'),
	(564, 'ASP.pages_public_login_aspx', 'Login error:An exception occurred. Please check the Event Log.', 'godrealm971@gmail.com', '2019-12-12 13:03:30'),
	(565, 'ASP.pages_public_login_aspx', 'Login error:An exception occurred. Please check the Event Log.', 'anna@gmail.com', '2019-12-12 13:08:56'),
	(566, 'ASP.pages_public_login_aspx', 'Login error:Unable to read data from the transport connection: A connection attempt failed because the connected party did not properly respond after a period of time, or established connection failed because connected host has failed to respond.', 'anna@gmail.com', '2019-12-12 13:09:42'),
	(567, 'ASP.pages_public_login_aspx', 'Login error:An exception occurred. Please check the Event Log.', 'anna@gmail.com', '2019-12-12 13:10:27'),
	(568, 'ASP.pages_public_login_aspx', 'Login error:Connection must be valid and open to rollback transaction', 'godrealm971@gmail.com', '2019-12-12 13:33:21'),
	(569, 'ASP.pages_public_login_aspx', 'Login error:An exception occurred. Please check the Event Log.', 'godrealm971@gmail.com', '2019-12-12 13:33:54'),
	(570, 'AccountControls', 'An error occurred while updating the entries. See the inner exception for details.', '', '2019-12-12 13:34:27'),
	(571, 'AccountControls', 'An error occurred while updating the entries. See the inner exception for details.', '', '2019-12-12 13:34:51'),
	(572, 'ASP.pages_public_login_aspx', 'Login error:The underlying provider failed on Open.', 'godrealm971@gmail.com', '2019-12-12 13:38:55'),
	(573, 'AccountControls', 'An error occurred while executing the command definition. See the inner exception for details.', '', '2019-12-12 13:40:35'),
	(574, 'ASP.pages_public_login_aspx', 'Login error:The underlying provider failed on Open.', 'anonymous', '2019-12-12 14:19:40'),
	(575, 'AccountControls', 'The underlying provider failed on Open.', '', '2019-12-12 14:50:03'),
	(576, 'AccountControls', 'System.IO.IOException: Unable to read data from the transport connection: A connection attempt failed because the connected party did not properly respond after a period of time, or established connection failed because connected host has failed to respond. ---> System.Net.Sockets.SocketException: A connection attempt failed because the connected party did not properly respond after a period of time, or established connection failed because connected host has failed to respond\r\n   at System.Net.Sockets.Socket.Receive(Byte[] buffer, Int32 offset, Int32 size, SocketFlags socketFlags)\r\n   at System.Net.Sockets.NetworkStream.Read(Byte[] buffer, Int32 offset, Int32 size)\r\n   --- End of inner exception stack trace ---\r\n   at System.Net.Sockets.NetworkStream.Read(Byte[] buffer, Int32 offset, Int32 size)\r\n   at MySql.Data.Common.MyNetworkStream.Read(Byte[] buffer, Int32 offset, Int32 count)', '', '2019-12-12 15:00:48'),
	(577, 'ASP.pages_public_registerform_aspx', 'fail to register user:Trial Version Expired!', 'anonymous', '2019-12-12 15:44:13'),
	(578, 'ASP.pages_public_registerform_aspx', 'fail to register user:Thread was being aborted.', 'anonymous', '2019-12-12 16:04:41'),
	(579, 'AccountControls', 'System.Data.Entity.Core.UpdateException: An error occurred while updating the entries. See the inner exception for details. ---> MySql.Data.MySqlClient.MySqlException: Cannot delete or update a parent row: a foreign key constraint fails ("smlpob"."employeetbl", CONSTRAINT "EmployeeTblAccountTbl" FOREIGN KEY ("accountNo") REFERENCES "accounttbl" ("accountNo"))\r\n   at MySql.Data.MySqlClient.MySqlStream.ReadPacket()\r\n   at MySql.Data.MySqlClient.NativeDriver.GetResult(Int32& affectedRow, Int64& insertedId)\r\n   at MySql.Data.MySqlClient.Driver.GetResult(Int32 statementId, Int32& affectedRows, Int64& insertedId)\r\n   at MySql.Data.MySqlClient.Driver.NextResult(Int32 statementId, Boolean force)\r\n   at MySql.Data.MySqlClient.MySqlDataReader.NextResult()\r\n   at MySql.Data.MySqlClient.MySqlCommand.ExecuteReader(CommandBehavior behavior)\r\n   at MySql.Data.MySqlClient.MySqlCommand.ExecuteNonQuery()\r\n   at MySql.Data.Entity.EFMySqlCommand.ExecuteNonQuery()\r\n   at System.Data.Common.DbCommand.ExecuteNonQueryAsync(CancellationToken cancellationToken)\r\n--- End of stack trace from previous location where exception was thrown ---\r\n   at System.Runtime.CompilerServices.TaskAwaiter.ThrowForNonSuccess(Task task)\r\n   at System.Runtime.CompilerServices.TaskAwaiter.HandleNonSuccessAndDebuggerNotification(Task task)\r\n   at System.Data.Entity.Utilities.TaskExtensions.CultureAwaiter`1.GetResult()\r\n   at System.Data.Entity.Core.Mapping.Update.Internal.DynamicUpdateCommand.<ExecuteAsync>d__0.MoveNext()\r\n--- End of stack trace from previous location where exception was thrown ---\r\n   at System.Runtime.CompilerServices.TaskAwaiter.ThrowForNonSuccess(Task task)\r\n   at System.Runtime.CompilerServices.TaskAwaiter.HandleNonSuccessAndDebuggerNotification(Task task)\r\n   at System.Data.Entity.Core.Mapping.Update.Internal.UpdateTranslator.<UpdateAsync>d__0.MoveNext()\r\n   --- End of inner exception stack trace ---\r\n   at System.Data.Entity.Core.Mapping.Update.Internal.UpdateTranslator.<UpdateAsync>d__0.MoveNext()\r\n--- End of stack trace from previous location where exception was thrown ---\r\n   at System.Runtime.CompilerServices.TaskAwaiter.ThrowForNonSuccess(Task task)\r\n   at System.Runtime.CompilerServices.TaskAwaiter.HandleNonSuccessAndDebuggerNotification(Task task)\r\n   at System.Data.Entity.Core.Objects.ObjectContext.<ExecuteInTransactionAsync>d__3d`1.MoveNext()\r\n--- End of stack trace from previous location where exception was thrown ---\r\n   at System.Runtime.CompilerServices.TaskAwaiter.ThrowForNonSuccess(Task task)\r\n   at System.Runtime.CompilerServices.TaskAwaiter.HandleNonSuccessAndDebuggerNotification(Task task)\r\n   at System.Data.Entity.Core.Objects.ObjectContext.<SaveChangesToStoreAsync>d__39.MoveNext()\r\n--- End of stack trace from previous location where exception was thrown ---\r\n   at System.Runtime.CompilerServices.TaskAwaiter.ThrowForNonSuccess(Task task)\r\n   at System.Runtime.CompilerServices.TaskAwaiter.HandleNonSuccessAndDebuggerNotification(Task task)\r\n   at System.Data.Entity.Core.Objects.ObjectContext.<SaveChangesInternalAsync>d__31.MoveNext()', '', '2019-12-12 16:27:57'),
	(580, 'AccountControls', 'System.Data.Entity.Core.UpdateException: An error occurred while updating the entries. See the inner exception for details. ---> MySql.Data.MySqlClient.MySqlException: Cannot delete or update a parent row: a foreign key constraint fails ("smlpob"."employeetbl", CONSTRAINT "EmployeeTblAccountTbl" FOREIGN KEY ("accountNo") REFERENCES "accounttbl" ("accountNo"))\r\n   at MySql.Data.MySqlClient.MySqlStream.ReadPacket()\r\n   at MySql.Data.MySqlClient.NativeDriver.GetResult(Int32& affectedRow, Int64& insertedId)\r\n   at MySql.Data.MySqlClient.Driver.GetResult(Int32 statementId, Int32& affectedRows, Int64& insertedId)\r\n   at MySql.Data.MySqlClient.Driver.NextResult(Int32 statementId, Boolean force)\r\n   at MySql.Data.MySqlClient.MySqlDataReader.NextResult()\r\n   at MySql.Data.MySqlClient.MySqlCommand.ExecuteReader(CommandBehavior behavior)\r\n   at MySql.Data.MySqlClient.MySqlCommand.ExecuteNonQuery()\r\n   at MySql.Data.Entity.EFMySqlCommand.ExecuteNonQuery()\r\n   at System.Data.Common.DbCommand.ExecuteNonQueryAsync(CancellationToken cancellationToken)\r\n--- End of stack trace from previous location where exception was thrown ---\r\n   at System.Runtime.CompilerServices.TaskAwaiter.ThrowForNonSuccess(Task task)\r\n   at System.Runtime.CompilerServices.TaskAwaiter.HandleNonSuccessAndDebuggerNotification(Task task)\r\n   at System.Data.Entity.Utilities.TaskExtensions.CultureAwaiter`1.GetResult()\r\n   at System.Data.Entity.Core.Mapping.Update.Internal.DynamicUpdateCommand.<ExecuteAsync>d__0.MoveNext()\r\n--- End of stack trace from previous location where exception was thrown ---\r\n   at System.Runtime.CompilerServices.TaskAwaiter.ThrowForNonSuccess(Task task)\r\n   at System.Runtime.CompilerServices.TaskAwaiter.HandleNonSuccessAndDebuggerNotification(Task task)\r\n   at System.Data.Entity.Core.Mapping.Update.Internal.UpdateTranslator.<UpdateAsync>d__0.MoveNext()\r\n   --- End of inner exception stack trace ---\r\n   at System.Data.Entity.Core.Mapping.Update.Internal.UpdateTranslator.<UpdateAsync>d__0.MoveNext()\r\n--- End of stack trace from previous location where exception was thrown ---\r\n   at System.Runtime.CompilerServices.TaskAwaiter.ThrowForNonSuccess(Task task)\r\n   at System.Runtime.CompilerServices.TaskAwaiter.HandleNonSuccessAndDebuggerNotification(Task task)\r\n   at System.Data.Entity.Core.Objects.ObjectContext.<ExecuteInTransactionAsync>d__3d`1.MoveNext()\r\n--- End of stack trace from previous location where exception was thrown ---\r\n   at System.Runtime.CompilerServices.TaskAwaiter.ThrowForNonSuccess(Task task)\r\n   at System.Runtime.CompilerServices.TaskAwaiter.HandleNonSuccessAndDebuggerNotification(Task task)\r\n   at System.Data.Entity.Core.Objects.ObjectContext.<SaveChangesToStoreAsync>d__39.MoveNext()\r\n--- End of stack trace from previous location where exception was thrown ---\r\n   at System.Runtime.CompilerServices.TaskAwaiter.ThrowForNonSuccess(Task task)\r\n   at System.Runtime.CompilerServices.TaskAwaiter.HandleNonSuccessAndDebuggerNotification(Task task)\r\n   at System.Data.Entity.Core.Objects.ObjectContext.<SaveChangesInternalAsync>d__31.MoveNext()', '', '2019-12-12 16:28:08'),
	(581, 'ASP.pages_public_registerform_aspx', 'fail to register user:The username is already in use.', 'godrealm971@gmail.com', '2019-12-12 16:28:16'),
	(582, 'ASP.pages_public_registerform_aspx', 'fail to register user:The username is already in use.', 'godrealm971@gmail.com', '2019-12-12 16:29:06'),
	(583, 'ASP.pages_public_registerform_aspx', 'fail to register user:The username is already in use.', 'godrealm971@gmail.com', '2019-12-12 16:29:11'),
	(584, 'ASP.pages_public_registerform_aspx', 'fail to register user:The username is already in use.', 'godrealm971@gmail.com', '2019-12-12 16:29:47'),
	(585, 'ASP.pages_public_registerform_aspx', 'fail to register user:The username is already in use.', 'godrealm971@gmail.com', '2019-12-12 16:29:56'),
	(586, 'ASP.pages_public_registerform_aspx', 'fail to register user:The username is already in use.', 'godrealm971@gmail.com', '2019-12-12 16:32:24'),
	(587, 'ASP.pages_public_registerform_aspx', 'fail to register user:The username is already in use.', 'anonymous', '2019-12-12 16:33:46'),
	(588, 'ASP.pages_public_registerform_aspx', 'fail to register user:The username is already in use.', 'anonymous', '2019-12-12 16:34:10'),
	(589, 'ASP.pages_public_registerform_aspx', 'fail to register user:The username is already in use.', 'anonymous', '2019-12-12 16:34:27'),
	(590, 'ASP.pages_public_registerform_aspx', 'fail to register user:The username is already in use.', 'godrealm971@gmail.com', '2019-12-12 16:37:43'),
	(591, 'ASP.pages_public_registerform_aspx', 'fail to register user:Trial Version Expired!', 'godrealm971@gmail.com', '2019-12-12 16:41:48'),
	(592, 'ASP.pages_public_registerform_aspx', 'fail to register user:Trial Version Expired!', 'godrealm971@gmail.com', '2019-12-12 16:47:00'),
	(593, 'ASP.pages_public_registerform_aspx', 'fail to register user:Trial Version Expired!', 'godrealm971@gmail.com', '2019-12-12 16:55:31'),
	(594, 'ASP.pages_public_registerform_aspx', 'fail to register user:The username is already in use.', 'anonymous', '2019-12-12 16:56:24'),
	(595, 'ASP.pages_public_registerform_aspx', 'fail to register user:Trial Version Expired!', 'godrealm971@gmail.com', '2019-12-12 17:00:29'),
	(596, 'StandardControls', 'An error occurred while executing the command definition. See the inner exception for details.', '', '2019-12-12 18:28:14'),
	(597, 'StandardControls', 'An error occurred while executing the command definition. See the inner exception for details.', '', '2019-12-12 18:36:07'),
	(598, 'StandardControls', 'An error occurred while executing the command definition. See the inner exception for details.', '', '2019-12-12 19:06:51'),
	(599, 'ASP.pages_public_registerform_aspx', 'fail to register user:Trial Version Expired!', 'anonymous', '2019-12-12 19:54:55'),
	(600, 'ASP.pages_public_registerform_aspx', 'fail to register user:Thread was being aborted.', 'anonymous', '2019-12-12 20:03:04'),
	(601, 'ASP.pages_private_cs_customerservicedetail_aspx', 'Error Set Penerimaan Sampel:Thread was being aborted.', 'cs1@gmail.com', '2019-12-12 20:52:00'),
	(602, 'ASP.pages_private_manager_managerdetailorder_aspx', 'Error Set PIC:Thread was being aborted.', 'manager1@gmail.com', '2019-12-12 21:01:38'),
	(603, 'ASP.pages_private_manager_managerdetailorder_aspx', 'Error Set PIC:Thread was being aborted.', 'manager1@gmail.com', '2019-12-13 09:34:42'),
	(604, 'ASP.pages_public_registerform_aspx', 'fail to register user:Trial Version Expired!', 'anonymous', '2019-12-13 09:34:50'),
	(605, 'ASP.pages_private_penyelia_rincian_aspx', 'Terjadi kesalahan:Thread was being aborted.', 'penyelia1@gmail.com', '2019-12-13 09:48:25'),
	(606, 'ASP.pages_private_evaluator_evaluasihasildetail_aspx', 'Terjadi kesalahan:Thread was being aborted.', 'evaluator1@gmail.com', '2019-12-13 09:58:05'),
	(607, 'ASP.pages_private_evaluator_evaluasihasildetail_aspx', 'Terjadi kesalahan:Thread was being aborted.', 'evaluator1@gmail.com', '2019-12-13 09:58:57'),
	(608, 'ASP.pages_public_registerform_aspx', 'fail to register user:Thread was being aborted.', 'anonymous', '2019-12-13 10:04:16'),
	(609, 'ASP.pages_private_cs_customerservicedetail_aspx', 'Error Set Penerimaan Sampel:Thread was being aborted.', 'cs1@gmail.com', '2019-12-13 10:13:25'),
	(610, 'ASP.pages_private_manager_managerdetailorder_aspx', 'Error Set PIC:Thread was being aborted.', 'manager1@gmail.com', '2019-12-13 10:31:35'),
	(611, 'ASP.pages_private_penyelia_rinciannonbatch_aspx', 'Terjadi kesalahan:Thread was being aborted.', 'penyelia1@gmail.com', '2019-12-13 10:48:15'),
	(612, 'ASP.pages_private_penyelia_rinciannonbatch_aspx', 'Terjadi kesalahan:Thread was being aborted.', 'penyelia1@gmail.com', '2019-12-13 10:48:33'),
	(613, 'ASP.pages_private_penyelia_rinciannonbatch_aspx', 'Terjadi kesalahan:Thread was being aborted.', 'penyelia1@gmail.com', '2019-12-13 10:48:50'),
	(614, 'ASP.pages_private_penyelia_rinciannonbatch_aspx', 'Terjadi kesalahan:Thread was being aborted.', 'penyelia1@gmail.com', '2019-12-13 10:49:15'),
	(615, 'ASP.pages_private_penyelia_rinciannonbatch_aspx', 'Terjadi kesalahan:Thread was being aborted.', 'penyelia1@gmail.com', '2019-12-13 10:50:54'),
	(616, 'ASP.pages_private_penyelia_rinciannonbatch_aspx', 'Terjadi kesalahan:Thread was being aborted.', 'penyelia1@gmail.com', '2019-12-13 10:51:08'),
	(617, 'ASP.pages_private_penyelia_rinciannonbatch_aspx', 'Terjadi kesalahan:Thread was being aborted.', 'penyelia1@gmail.com', '2019-12-13 10:52:13'),
	(618, 'ASP.pages_private_penyelia_rinciannonbatch_aspx', 'Terjadi kesalahan:Thread was being aborted.', 'penyelia1@gmail.com', '2019-12-13 10:53:10'),
	(619, 'ASP.pages_private_evaluator_evaluasihasildetail_aspx', 'Terjadi kesalahan:Thread was being aborted.', 'evaluator1@gmail.com', '2019-12-13 10:53:46'),
	(620, 'ASP.pages_private_penyelia_rinciannonbatch_aspx', 'Terjadi kesalahan:Thread was being aborted.', 'penyelia1@gmail.com', '2019-12-13 10:56:38'),
	(621, 'ASP.pages_private_penyelia_rinciannonbatch_aspx', 'Terjadi kesalahan:Thread was being aborted.', 'penyelia1@gmail.com', '2019-12-13 10:56:43'),
	(622, 'ASP.pages_private_evaluator_evaluasihasildetail_aspx', 'Terjadi kesalahan:Thread was being aborted.', 'evaluator1@gmail.com', '2019-12-13 11:02:31'),
	(623, 'ASP.pages_private_penyelia_rinciannonbatch_aspx', 'Terjadi kesalahan:Thread was being aborted.', 'penyelia1@gmail.com', '2019-12-13 11:23:28'),
	(624, 'ASP.pages_private_evaluator_evaluasihasildetail_aspx', 'Terjadi kesalahan:Thread was being aborted.', 'evaluator1@gmail.com', '2019-12-13 11:23:53'),
	(625, '<BlobPostAsync>d__0', 'The specified resource does not exist.', 'System', '2019-12-15 15:43:57'),
	(626, '<BlobPostAsync>d__0', 'The specified resource does not exist.', 'System', '2019-12-15 15:44:16'),
	(627, '<BlobPostAsync>d__0', 'The specified resource does not exist.', 'System', '2019-12-15 15:45:17'),
	(628, '<BlobPostAsync>d__0', 'The specified resource does not exist.', 'System', '2019-12-15 20:26:22'),
	(629, '<BlobPostAsync>d__0', 'The specified resource does not exist.', 'System', '2019-12-15 20:26:49'),
	(630, 'ASP.pages_private_cs_customerservicedetail_aspx', 'Error Set Penerimaan Sampel:Thread was being aborted.', 'cs1@gmail.com', '2019-12-15 20:31:00'),
	(631, 'ASP.pages_private_manager_managerdetailorder_aspx', 'Error Set PIC:Thread was being aborted.', 'manager1@gmail.com', '2019-12-15 20:37:04'),
	(632, '<BlobPostAsync>d__0', 'The specified resource does not exist.', 'System', '2019-12-15 20:38:47'),
	(633, '<BlobPostAsync>d__0', 'The specified resource does not exist.', 'System', '2019-12-15 20:38:49'),
	(634, 'ASP.pages_private_penyelia_rinciannonbatch_aspx', 'Terjadi kesalahan:Thread was being aborted.', 'penyelia1@gmail.com', '2019-12-15 21:10:23'),
	(635, 'ASP.pages_private_penyelia_rinciannonbatch_aspx', 'Terjadi kesalahan:Thread was being aborted.', 'penyelia1@gmail.com', '2019-12-15 21:12:28'),
	(636, 'ASP.pages_private_penyelia_rinciannonbatch_aspx', 'Terjadi kesalahan:Thread was being aborted.', 'penyelia1@gmail.com', '2019-12-15 21:13:06'),
	(637, 'ASP.pages_private_penyelia_rinciannonbatch_aspx', 'Terjadi kesalahan:Thread was being aborted.', 'penyelia1@gmail.com', '2019-12-15 21:13:32'),
	(638, 'ASP.pages_private_penyelia_rinciannonbatch_aspx', 'Terjadi kesalahan:Thread was being aborted.', 'penyelia1@gmail.com', '2019-12-15 21:17:49'),
	(639, 'ASP.pages_private_penyelia_rinciannonbatch_aspx', 'Terjadi kesalahan:Thread was being aborted.', 'penyelia1@gmail.com', '2019-12-15 21:18:37'),
	(640, 'ASP.pages_private_penyelia_rinciannonbatch_aspx', 'Terjadi kesalahan:Thread was being aborted.', 'penyelia1@gmail.com', '2019-12-15 21:19:04'),
	(641, 'ASP.pages_private_kasir_cetakinvoice_aspx', 'failed to print tanda terima kasir with the following error:An error occurred during local report processing.', 'kasir1@gmail.com', '2019-12-16 05:35:09'),
	(642, 'ASP.pages_private_cs_customerservicedetail_aspx', 'Error Set Penerimaan Sampel:Thread was being aborted.', 'cs1@gmail.com', '2019-12-16 08:44:04'),
	(643, 'ASP.pages_private_cs_customerservicedetail_aspx', 'Error Set Penerimaan Sampel:Thread was being aborted.', 'cs1@gmail.com', '2019-12-16 08:44:33'),
	(644, 'ASP.pages_private_cs_customerservicedetail_aspx', 'Error Set Penerimaan Sampel:Thread was being aborted.', 'cs1@gmail.com', '2019-12-16 08:44:55'),
	(645, 'ASP.pages_private_manager_managerdetailorder_aspx', 'Error Set PIC:Thread was being aborted.', 'manager1@gmail.com', '2019-12-16 09:06:49'),
	(646, 'ASP.pages_private_penyelia_rinciannonbatch_aspx', 'Terjadi kesalahan:Thread was being aborted.', 'penyelia1@gmail.com', '2019-12-16 09:08:27'),
	(647, 'ASP.pages_private_penyelia_rinciannonbatch_aspx', 'Terjadi kesalahan:Thread was being aborted.', 'penyelia1@gmail.com', '2019-12-16 09:11:34'),
	(648, 'ASP.pages_private_penyelia_rinciannonbatch_aspx', 'Terjadi kesalahan:Thread was being aborted.', 'penyelia1@gmail.com', '2019-12-16 09:31:40'),
	(649, 'ASP.pages_public_login_aspx', 'Login error:Unable to read data from the transport connection: A connection attempt failed because the connected party did not properly respond after a period of time, or established connection failed because connected host has failed to respond.', 'anonymous', '2019-12-16 10:20:57'),
	(650, 'ASP.pages_private_penyelia_rinciannonbatch_aspx', 'Terjadi kesalahan:Thread was being aborted.', 'penyelia1@gmail.com', '2019-12-16 10:39:43'),
	(651, 'ASP.pages_public_login_aspx', 'Login error:An exception occurred. Please check the Event Log.', 'penyelia1@gmail.com', '2019-12-16 11:06:38'),
	(652, 'OrderListControls', 'An error occurred while executing the command definition. See the inner exception for details.', '', '2019-12-16 11:08:28'),
	(653, 'OrderListControls', 'An error occurred while executing the command definition. See the inner exception for details.', '', '2019-12-16 11:12:43'),
	(654, 'ASP.pages_public_login_aspx', 'Login error:The underlying provider failed on Open.', 'penyelia1@gmail.com', '2019-12-16 11:14:57'),
	(655, 'OrderListControls', 'An error occurred while executing the command definition. See the inner exception for details.', '', '2019-12-16 11:15:25'),
	(656, 'OrderListControls', 'An error occurred while executing the command definition. See the inner exception for details.', '', '2019-12-16 11:16:43'),
	(657, 'ListGridMaster', 'An error occurred while executing the command definition. See the inner exception for details.', '', '2019-12-16 11:17:10'),
	(658, 'ListGridMaster', 'An error occurred while executing the command definition. See the inner exception for details.', '', '2019-12-16 11:18:29'),
	(659, 'OrderListControls', 'An error occurred while executing the command definition. See the inner exception for details.', '', '2019-12-16 11:20:47'),
	(660, 'OrderListControls', 'An error occurred while executing the command definition. See the inner exception for details.', '', '2019-12-16 11:21:19'),
	(661, 'ListGridMaster', 'An error occurred while executing the command definition. See the inner exception for details.', '', '2019-12-16 11:22:37'),
	(662, 'OrderListControls', 'An error occurred while executing the command definition. See the inner exception for details.', '', '2019-12-16 11:24:39'),
	(663, 'OrderListControls', 'An error occurred while executing the command definition. See the inner exception for details.', '', '2019-12-16 11:26:26'),
	(664, 'OrderListControls', 'An error occurred while executing the command definition. See the inner exception for details.', '', '2019-12-16 11:26:51'),
	(665, 'ListGridMaster', 'An error occurred while executing the command definition. See the inner exception for details.', '', '2019-12-16 11:27:58'),
	(666, '<BlobPostAsync>d__0', 'The specified resource does not exist.', 'System', '2019-12-16 11:45:33'),
	(667, 'ASP.pages_public_registerform_aspx', 'fail to register user:Thread was being aborted.', 'anonymous', '2019-12-16 13:58:45'),
	(668, 'ASP.pages_public_registerform_aspx', 'fail to register user:Thread was being aborted.', 'anonymous', '2019-12-16 13:58:54'),
	(669, 'ASP.pages_public_registerform_aspx', 'fail to register user:The username is already in use.', 'anonymous', '2019-12-16 14:03:19'),
	(670, 'ASP.pages_public_registerform_aspx', 'fail to register user:The username is already in use.', 'anonymous', '2019-12-16 14:03:44'),
	(671, 'ASP.pages_public_registerform_aspx', 'fail to register user:The username is already in use.', 'anonymous', '2019-12-16 14:03:54'),
	(672, 'ASP.pages_public_registerform_aspx', 'fail to register user:The username is already in use.', 'anonymous', '2019-12-16 14:04:35'),
	(673, 'ASP.pages_public_registerform_aspx', 'fail to register user:The username is already in use.', 'anonymous', '2019-12-16 14:06:18'),
	(674, 'ASP.pages_public_registerform_aspx', 'fail to register user:Thread was being aborted.', 'anonymous', '2019-12-16 14:09:55'),
	(675, '<BlobPostAsync>d__0', 'The specified resource does not exist.', 'System', '2019-12-16 14:28:46'),
	(676, '<BlobPostAsync>d__0', 'The specified resource does not exist.', 'System', '2019-12-16 14:30:04'),
	(677, '<BlobPostAsync>d__0', 'The specified resource does not exist.', 'System', '2019-12-16 14:31:57'),
	(678, 'ASP.pages_private_kasir_cetaktandaterima_aspx', 'failed to print tanda terima kasir with the following error:An error occurred during local report processing.', 'kasir1@gmail.com', '2019-12-16 14:36:56'),
	(679, 'ASP.pages_private_kasir_cetaktandaterima_aspx', 'failed to print tanda terima kasir with the following error:An error occurred during local report processing.', 'kasir1@gmail.com', '2019-12-16 14:37:37'),
	(680, 'ASP.pages_private_cs_customerservicedetail_aspx', 'Error Set Penerimaan Sampel:Thread was being aborted.', 'cs1@gmail.com', '2019-12-16 14:52:37'),
	(681, 'ASP.pages_private_cs_customerservicedetail_aspx', 'Error Set Penerimaan Sampel:Thread was being aborted.', 'cs1@gmail.com', '2019-12-17 20:34:58'),
	(682, 'ASP.pages_private_manager_managerdetailorder_aspx', 'Error Set PIC:Trial Version Expired!', 'manager1@gmail.com', '2019-12-17 22:07:46'),
	(683, 'ASP.pages_private_manager_managerdetailorder_aspx', 'Error Set PIC:Trial Version Expired!', 'manager1@gmail.com', '2019-12-17 22:08:00'),
	(684, 'ASP.pages_private_penyelia_rinciannonbatch_aspx', 'Terjadi kesalahan:Thread was being aborted.', 'penyelia1@gmail.com', '2019-12-18 09:38:17'),
	(685, 'ASP.pages_private_penyelia_rinciannonbatch_aspx', 'Terjadi kesalahan:Thread was being aborted.', 'penyelia1@gmail.com', '2019-12-18 09:38:56'),
	(686, 'ASP.pages_private_cs_customerservicedetail_aspx', 'Error Set Penerimaan Sampel:Thread was being aborted.', 'cs1@gmail.com', '2019-12-18 15:23:06'),
	(687, 'AccountControls', 'System.Data.Entity.Core.UpdateException: An error occurred while updating the entries. See the inner exception for details. ---> MySql.Data.MySqlClient.MySqlException: Cannot delete or update a parent row: a foreign key constraint fails (`smlpob`.`customertbl`, CONSTRAINT `CustomerTblAccountTbl` FOREIGN KEY (`accountNo`) REFERENCES `accounttbl` (`accountNo`))\r\n   at MySql.Data.MySqlClient.MySqlStream.ReadPacket()\r\n   at MySql.Data.MySqlClient.NativeDriver.GetResult(Int32& affectedRow, Int64& insertedId)\r\n   at MySql.Data.MySqlClient.Driver.GetResult(Int32 statementId, Int32& affectedRows, Int64& insertedId)\r\n   at MySql.Data.MySqlClient.Driver.NextResult(Int32 statementId, Boolean force)\r\n   at MySql.Data.MySqlClient.MySqlDataReader.NextResult()\r\n   at MySql.Data.MySqlClient.MySqlCommand.ExecuteReader(CommandBehavior behavior)\r\n   at MySql.Data.MySqlClient.MySqlCommand.ExecuteNonQuery()\r\n   at MySql.Data.Entity.EFMySqlCommand.ExecuteNonQuery()\r\n   at System.Data.Common.DbCommand.ExecuteNonQueryAsync(CancellationToken cancellationToken)\r\n--- End of stack trace from previous location where exception was thrown ---\r\n   at System.Runtime.CompilerServices.TaskAwaiter.ThrowForNonSuccess(Task task)\r\n   at System.Runtime.CompilerServices.TaskAwaiter.HandleNonSuccessAndDebuggerNotification(Task task)\r\n   at System.Data.Entity.Utilities.TaskExtensions.CultureAwaiter`1.GetResult()\r\n   at System.Data.Entity.Core.Mapping.Update.Internal.DynamicUpdateCommand.<ExecuteAsync>d__0.MoveNext()\r\n--- End of stack trace from previous location where exception was thrown ---\r\n   at System.Runtime.CompilerServices.TaskAwaiter.ThrowForNonSuccess(Task task)\r\n   at System.Runtime.CompilerServices.TaskAwaiter.HandleNonSuccessAndDebuggerNotification(Task task)\r\n   at System.Data.Entity.Core.Mapping.Update.Internal.UpdateTranslator.<UpdateAsync>d__0.MoveNext()\r\n   --- End of inner exception stack trace ---\r\n   at System.Data.Entity.Core.Mapping.Update.Internal.UpdateTranslator.<UpdateAsync>d__0.MoveNext()\r\n--- End of stack trace from previous location where exception was thrown ---\r\n   at System.Runtime.CompilerServices.TaskAwaiter.ThrowForNonSuccess(Task task)\r\n   at System.Runtime.CompilerServices.TaskAwaiter.HandleNonSuccessAndDebuggerNotification(Task task)\r\n   at System.Data.Entity.Core.Objects.ObjectContext.<ExecuteInTransactionAsync>d__3d`1.MoveNext()\r\n--- End of stack trace from previous location where exception was thrown ---\r\n   at System.Runtime.CompilerServices.TaskAwaiter.ThrowForNonSuccess(Task task)\r\n   at System.Runtime.CompilerServices.TaskAwaiter.HandleNonSuccessAndDebuggerNotification(Task task)\r\n   at System.Data.Entity.Core.Objects.ObjectContext.<SaveChangesToStoreAsync>d__39.MoveNext()\r\n--- End of stack trace from previous location where exception was thrown ---\r\n   at System.Runtime.CompilerServices.TaskAwaiter.ThrowForNonSuccess(Task task)\r\n   at System.Runtime.CompilerServices.TaskAwaiter.HandleNonSuccessAndDebuggerNotification(Task task)\r\n   at System.Data.Entity.Core.Objects.ObjectContext.<SaveChangesInternalAsync>d__31.MoveNext()', '', '2019-12-19 14:38:08'),
	(688, 'ASP.pages_private_penyelia_rinciannonbatch_aspx', 'Terjadi kesalahan:Thread was being aborted.', 'penyelia1@gmail.com', '2019-12-22 18:31:49'),
	(689, 'ASP.pages_private_penyelia_rinciannonbatch_aspx', 'Terjadi kesalahan:Thread was being aborted.', 'penyelia1@gmail.com', '2019-12-22 18:34:52'),
	(690, 'ASP.pages_private_penyelia_rinciannonbatch_aspx', 'Terjadi kesalahan:Thread was being aborted.', 'penyelia1@gmail.com', '2019-12-22 18:39:39'),
	(691, 'ASP.pages_private_penyelia_rinciannonbatch_aspx', 'Terjadi kesalahan:Thread was being aborted.', 'penyelia1@gmail.com', '2019-12-22 18:42:06'),
	(692, 'ASP.pages_private_manager_managerdetailorder_aspx', 'Error Set PIC:Trial Version Expired!', 'manager1@gmail.com', '2019-12-22 18:45:11'),
	(693, 'ASP.pages_private_manager_managerdetailorder_aspx', 'Error Set PIC:Trial Version Expired!', 'manager1@gmail.com', '2019-12-22 18:45:20'),
	(694, 'ASP.pages_private_manager_managerdetailorder_aspx', 'Error Set PIC:Trial Version Expired!', 'manager1@gmail.com', '2019-12-22 18:45:30'),
	(695, 'ASP.pages_private_penyelia_rinciannonbatch_aspx', 'Terjadi kesalahan:Thread was being aborted.', 'penyelia1@gmail.com', '2019-12-22 19:29:50'),
	(696, 'ASP.pages_private_cs_customerservicedetail_aspx', 'Error Set Penerimaan Sampel:Thread was being aborted.', 'cs1@gmail.com', '2019-12-22 20:14:03'),
	(697, 'ASP.pages_private_penyelia_rinciannonbatch_aspx', 'Terjadi kesalahan:Thread was being aborted.', 'penyelia1@gmail.com', '2019-12-22 21:22:44'),
	(698, 'ASP.pages_private_penyelia_rinciannonbatch_aspx', 'Terjadi kesalahan:Thread was being aborted.', 'penyelia1@gmail.com', '2019-12-22 21:25:35'),
	(699, 'ASP.pages_private_cs_customerservicedetail_aspx', 'Error Set Penerimaan Sampel:Thread was being aborted.', 'cs1@gmail.com', '2019-12-22 21:28:45'),
	(700, 'ASP.pages_private_penyelia_rinciannonbatch_aspx', 'Terjadi kesalahan:Thread was being aborted.', 'penyelia1@gmail.com', '2019-12-23 15:19:33'),
	(701, 'ASP.pages_private_cs_customerservicedetail_aspx', 'Error Set Penerimaan Sampel:Thread was being aborted.', 'cs1@gmail.com', '2019-12-24 14:11:07'),
	(702, 'ASP.pages_private_cs_customerservicedetail_aspx', 'Error Set Penerimaan Sampel:Thread was being aborted.', 'cs1@gmail.com', '2019-12-24 14:28:01'),
	(703, 'ASP.pages_private_cs_customerservicedetail_aspx', 'Error Set Penerimaan Sampel:Thread was being aborted.', 'cs1@gmail.com', '2019-12-24 14:28:24'),
	(704, 'ASP.pages_private_cs_customerservicedetail_aspx', 'Error Set Penerimaan Sampel:Thread was being aborted.', 'cs1@gmail.com', '2019-12-24 14:29:41'),
	(705, 'ASP.pages_private_penyelia_rinciannonbatch_aspx', 'Terjadi kesalahan:Thread was being aborted.', 'penyelia1@gmail.com', '2019-12-24 14:52:22'),
	(706, 'ASP.pages_private_cs_customerservicedetail_aspx', 'Error Set Penerimaan Sampel:Thread was being aborted.', 'cs1@gmail.com', '2019-12-24 16:33:22'),
	(707, 'ASP.pages_private_manager_managerdetailorder_aspx', 'Error Set PIC:Trial Version Expired!', 'manager1@gmail.com', '2019-12-24 16:43:18'),
	(708, 'ASP.pages_private_manager_managerdetailorder_aspx', 'Error Set PIC:Trial Version Expired!', 'manager1@gmail.com', '2019-12-24 16:43:31'),
	(709, 'ASP.pages_private_manager_managerdetailorder_aspx', 'Error Set PIC:Trial Version Expired!', 'manager1@gmail.com', '2019-12-24 16:43:46'),
	(710, 'ASP.pages_private_manager_managerdetailorder_aspx', 'Error Set PIC:Trial Version Expired!', 'manager1@gmail.com', '2019-12-24 16:44:08'),
	(711, 'ASP.pages_private_penyelia_rinciannonbatch_aspx', 'Terjadi kesalahan:Thread was being aborted.', 'penyelia1@gmail.com', '2019-12-24 20:14:10'),
	(712, 'ASP.pages_private_penyelia_rinciannonbatch_aspx', 'Terjadi kesalahan:Thread was being aborted.', 'penyelia1@gmail.com', '2019-12-24 20:14:42'),
	(713, 'ASP.pages_private_penyelia_rinciannonbatch_aspx', 'Terjadi kesalahan:Thread was being aborted.', 'penyelia1@gmail.com', '2019-12-24 20:39:41'),
	(714, 'ASP.pages_private_penyelia_rinciannonbatch_aspx', 'Terjadi kesalahan:Thread was being aborted.', 'penyelia1@gmail.com', '2019-12-24 20:40:07'),
	(715, 'ASP.pages_private_cs_customerservicedetail_aspx', 'Error Set Penerimaan Sampel:Thread was being aborted.', 'cs1@gmail.com', '2019-12-24 20:45:05'),
	(716, 'ASP.pages_private_cs_customerservicedetail_aspx', 'Error Set Penerimaan Sampel:Thread was being aborted.', 'cs1@gmail.com', '2019-12-24 20:45:26'),
	(717, 'ASP.pages_private_penyelia_rinciannonbatch_aspx', 'Terjadi kesalahan:Thread was being aborted.', 'penyelia1@gmail.com', '2019-12-24 20:47:31'),
	(718, 'ASP.pages_private_penyelia_rinciannonbatch_aspx', 'Terjadi kesalahan:Thread was being aborted.', 'penyelia1@gmail.com', '2019-12-24 20:49:07'),
	(719, 'ASP.pages_private_cs_customerservicedetail_aspx', 'Error Set Penerimaan Sampel:Thread was being aborted.', 'cs1@gmail.com', '2019-12-24 20:53:45'),
	(720, 'ASP.pages_private_cs_customerservicedetail_aspx', 'Error Set Penerimaan Sampel:Thread was being aborted.', 'cs1@gmail.com', '2019-12-24 20:54:00'),
	(721, 'ASP.pages_private_cs_customerservicedetail_aspx', 'Error Set Penerimaan Sampel:Thread was being aborted.', 'cs1@gmail.com', '2019-12-24 20:55:03'),
	(722, 'ASP.pages_private_kasir_cetakinvoice_aspx', 'failed to print tanda terima kasir with the following error:An error occurred during local report processing.', 'kasir1@gmail.com', '2019-12-24 20:59:14'),
	(723, 'ASP.pages_private_kasir_cetakinvoice_aspx', 'failed to print tanda terima kasir with the following error:An error occurred during local report processing.', 'kasir1@gmail.com', '2019-12-24 20:59:14'),
	(724, 'ASP.pages_private_kasir_cetakinvoice_aspx', 'failed to print tanda terima kasir with the following error:An error occurred during local report processing.', 'kasir1@gmail.com', '2019-12-24 20:59:21'),
	(725, 'ASP.pages_private_kasir_cetakinvoice_aspx', 'failed to print tanda terima kasir with the following error:An error occurred during local report processing.', 'kasir1@gmail.com', '2019-12-24 21:05:10'),
	(726, 'ASP.pages_private_kasir_cetakinvoice_aspx', 'failed to print tanda terima kasir with the following error:An error occurred during local report processing.', 'kasir1@gmail.com', '2019-12-24 21:05:11'),
	(727, 'ASP.pages_private_kasir_cetakinvoice_aspx', 'failed to print tanda terima kasir with the following error:An error occurred during local report processing.', 'kasir1@gmail.com', '2019-12-24 21:05:17'),
	(728, 'ASP.pages_private_kasir_cetakinvoice_aspx', 'failed to print tanda terima kasir with the following error:An error occurred during local report processing.', 'kasir1@gmail.com', '2019-12-24 21:06:26'),
	(729, 'ASP.pages_private_kasir_cetakinvoice_aspx', 'failed to print tanda terima kasir with the following error:An error occurred during local report processing.', 'kasir1@gmail.com', '2019-12-24 21:06:34'),
	(730, 'ASP.pages_private_kasir_cetakinvoice_aspx', 'failed to print tanda terima kasir with the following error:An error occurred during local report processing.', 'kasir1@gmail.com', '2019-12-24 21:06:37'),
	(731, 'ASP.pages_private_kasir_cetakinvoice_aspx', 'failed to print tanda terima kasir with the following error:An error occurred during local report processing.', 'kasir1@gmail.com', '2019-12-24 21:06:44'),
	(732, 'ASP.pages_private_kasir_cetakinvoice_aspx', 'failed to print tanda terima kasir with the following error:An error occurred during local report processing.', 'kasir1@gmail.com', '2019-12-24 21:07:16'),
	(733, 'ASP.pages_private_kasir_cetakinvoice_aspx', 'failed to print tanda terima kasir with the following error:An error occurred during local report processing.', 'kasir1@gmail.com', '2019-12-24 21:07:21'),
	(734, 'ASP.pages_private_kasir_cetakinvoice_aspx', 'failed to print tanda terima kasir with the following error:An error occurred during local report processing.', 'kasir1@gmail.com', '2019-12-24 21:07:21'),
	(735, 'ASP.pages_private_kasir_cetakinvoice_aspx', 'failed to print tanda terima kasir with the following error:An error occurred during local report processing.', 'kasir1@gmail.com', '2019-12-24 21:07:30'),
	(736, 'ASP.pages_private_kasir_cetakinvoice_aspx', 'failed to print tanda terima kasir with the following error:An error occurred during local report processing.', 'kasir1@gmail.com', '2019-12-24 21:09:36'),
	(737, 'ASP.pages_private_kasir_cetakinvoice_aspx', 'failed to print tanda terima kasir with the following error:An error occurred during local report processing.', 'kasir1@gmail.com', '2019-12-24 21:09:37'),
	(738, 'ASP.pages_private_kasir_cetakinvoice_aspx', 'failed to print tanda terima kasir with the following error:An error occurred during local report processing.', 'kasir1@gmail.com', '2019-12-24 21:09:42'),
	(739, 'ASP.pages_private_kasir_cetakinvoice_aspx', 'failed to print tanda terima kasir with the following error:An error occurred during local report processing.', 'kasir1@gmail.com', '2019-12-24 21:12:07'),
	(740, 'ASP.pages_private_kasir_cetakinvoice_aspx', 'failed to print tanda terima kasir with the following error:An error occurred during local report processing.', 'kasir1@gmail.com', '2019-12-24 21:12:07'),
	(741, 'ASP.pages_private_kasir_cetakinvoice_aspx', 'failed to print tanda terima kasir with the following error:An error occurred during local report processing.', 'kasir1@gmail.com', '2019-12-24 21:12:10'),
	(742, 'ASP.pages_private_kasir_cetakinvoice_aspx', 'failed to print tanda terima kasir with the following error:An error occurred during local report processing.', 'kasir1@gmail.com', '2019-12-24 21:13:00'),
	(743, 'ASP.pages_private_kasir_cetakinvoice_aspx', 'failed to print tanda terima kasir with the following error:An error occurred during local report processing.', 'kasir1@gmail.com', '2019-12-24 22:22:01'),
	(744, 'ASP.pages_private_cs_customerservicedetail_aspx', 'Error Set Penerimaan Sampel:Thread was being aborted.', 'cs1@gmail.com', '2019-12-24 22:22:59'),
	(745, 'ASP.pages_private_cs_customerservicedetail_aspx', 'Error Set Penerimaan Sampel:Thread was being aborted.', 'cs1@gmail.com', '2019-12-24 22:23:12'),
	(746, 'ASP.pages_private_manager_managerdetailorder_aspx', 'Error Set PIC:Trial Version Expired!', 'manager1@gmail.com', '2019-12-24 22:25:10'),
	(747, 'ASP.pages_private_manager_managerdetailorder_aspx', 'Error Set PIC:Trial Version Expired!', 'manager1@gmail.com', '2019-12-25 15:55:40'),
	(748, 'ASP.pages_private_manager_managerdetailorder_aspx', 'Error Set PIC:Trial Version Expired!', 'manager1@gmail.com', '2019-12-25 15:55:46'),
	(749, 'ASP.pages_private_penyelia_rinciannonbatch_aspx', 'Terjadi kesalahan:Thread was being aborted.', 'penyelia1@gmail.com', '2019-12-25 16:37:33'),
	(750, 'ASP.pages_private_evaluator_evaluasihasildetail_aspx', 'Terjadi kesalahan:Thread was being aborted.', 'evaluator1@gmail.com', '2019-12-26 10:04:32'),
	(751, 'ASP.pages_private_evaluator_evaluasihasildetail_aspx', 'Terjadi kesalahan:Thread was being aborted.', 'evaluator1@gmail.com', '2019-12-26 10:09:26'),
	(752, 'ASP.pages_private_evaluator_evaluasihasildetail_aspx', 'Terjadi kesalahan:Thread was being aborted.', 'evaluator1@gmail.com', '2019-12-26 10:09:41'),
	(753, 'ASP.pages_private_evaluator_evaluasihasildetail_aspx', 'Terjadi kesalahan:Thread was being aborted.', 'evaluator1@gmail.com', '2019-12-26 10:09:57'),
	(754, 'ASP.pages_private_evaluator_evaluasihasildetail_aspx', 'Terjadi kesalahan:Thread was being aborted.', 'evaluator1@gmail.com', '2019-12-26 10:12:56'),
	(755, 'ASP.pages_private_penyelia_rinciannonbatch_aspx', 'Terjadi kesalahan:Thread was being aborted.', 'penyelia1@gmail.com', '2019-12-26 10:17:37'),
	(756, 'ASP.pages_private_penyelia_rinciannonbatch_aspx', 'Terjadi kesalahan:Thread was being aborted.', 'penyelia1@gmail.com', '2019-12-26 10:17:46'),
	(757, 'ASP.pages_private_evaluator_evaluasihasildetail_aspx', 'Terjadi kesalahan:Thread was being aborted.', 'evaluator1@gmail.com', '2019-12-26 10:20:05'),
	(758, 'ASP.pages_private_penyelia_rinciannonbatch_aspx', 'Terjadi kesalahan:Thread was being aborted.', 'penyelia1@gmail.com', '2019-12-26 10:24:09'),
	(759, 'ASP.pages_private_penyelia_rinciannonbatch_aspx', 'Terjadi kesalahan:Thread was being aborted.', 'penyelia1@gmail.com', '2019-12-26 10:24:46'),
	(760, 'ASP.pages_private_penyelia_rinciannonbatch_aspx', 'Terjadi kesalahan:Thread was being aborted.', 'penyelia1@gmail.com', '2019-12-26 10:25:01'),
	(761, 'ASP.pages_private_penyelia_rinciannonbatch_aspx', 'Terjadi kesalahan:Thread was being aborted.', 'penyelia1@gmail.com', '2019-12-26 10:26:40'),
	(762, 'ASP.pages_private_penyelia_rinciannonbatch_aspx', 'Terjadi kesalahan:Thread was being aborted.', 'penyelia1@gmail.com', '2019-12-26 10:30:59'),
	(763, 'ASP.pages_private_penyelia_rinciannonbatch_aspx', 'Terjadi kesalahan:Thread was being aborted.', 'penyelia1@gmail.com', '2019-12-26 10:34:48'),
	(764, 'ASP.pages_private_penyelia_rinciannonbatch_aspx', 'Terjadi kesalahan:Thread was being aborted.', 'penyelia1@gmail.com', '2019-12-26 10:39:34'),
	(765, 'ASP.pages_private_penyelia_rinciannonbatch_aspx', 'Terjadi kesalahan:Thread was being aborted.', 'penyelia1@gmail.com', '2019-12-26 10:44:34'),
	(766, 'ASP.pages_private_kasir_cetakinvoice_aspx', 'failed to print tanda terima kasir with the following error:An error occurred during local report processing.', 'kasir1@gmail.com', '2019-12-27 14:49:51'),
	(767, 'ASP.pages_private_cs_customerservicedetail_aspx', 'Error Set Penerimaan Sampel:Thread was being aborted.', 'cs1@gmail.com', '2019-12-27 15:03:10'),
	(768, 'ASP.pages_private_manager_managerdetailorder_aspx', 'Error Set PIC:Trial Version Expired!', 'manager1@gmail.com', '2019-12-27 15:16:25'),
	(769, 'ASP.pages_private_evaluator_evaluasihasildetail_aspx', 'Terjadi kesalahan:Thread was being aborted.', 'evaluator1@gmail.com', '2019-12-27 16:15:14'),
	(770, 'ASP.pages_private_evaluator_evaluasihasildetail_aspx', 'Terjadi kesalahan:Thread was being aborted.', 'evaluator1@gmail.com', '2019-12-27 16:16:49'),
	(771, 'ASP.pages_public_registerform_aspx', 'fail to register user:Thread was being aborted.', 'anonymous', '2019-12-27 19:58:41'),
	(772, 'ASP.pages_public_registerform_aspx', 'fail to register user:Thread was being aborted.', 'anonymous', '2019-12-27 20:17:55'),
	(773, 'ASP.pages_private_cs_customerservicedetail_aspx', 'Error Set Penerimaan Sampel:Thread was being aborted.', 'cs1@gmail.com', '2019-12-28 17:14:51'),
	(774, 'ASP.pages_private_manager_managerdetailorder_aspx', 'Error Set PIC:Trial Version Expired!', 'manager1@gmail.com', '2019-12-28 17:32:12'),
	(775, 'ASP.pages_private_cs_customerservicedetail_aspx', 'Error Set Penerimaan Sampel:Thread was being aborted.', 'cs1@gmail.com', '2019-12-29 13:43:12'),
	(776, 'ASP.pages_private_manager_managerdetailorder_aspx', 'Error Set PIC:Trial Version Expired!', 'manager1@gmail.com', '2019-12-30 23:26:38'),
	(777, 'ASP.pages_private_manager_managerdetailorder_aspx', 'Error Set PIC:Trial Version Expired!', 'manager1@gmail.com', '2019-12-31 11:17:27'),
	(778, 'ASP.pages_private_manager_managerdetailorder_aspx', 'Error Set PIC:Trial Version Expired!', 'manager1@gmail.com', '2019-12-31 11:17:41'),
	(779, 'ASP.pages_private_cs_customerservicedetail_aspx', 'Error Set Penerimaan Sampel:Thread was being aborted.', 'CS1@gmail.com', '2020-01-02 15:10:23'),
	(780, 'ASP.pages_private_cs_customerservicedetail_aspx', 'Error Set Penerimaan Sampel:Thread was being aborted.', 'CS1@gmail.com', '2020-01-02 15:13:11'),
	(781, 'ASP.pages_private_manager_managerdetailorder_aspx', 'Error Set PIC:Trial Version Expired!', 'manager1@gmail.com', '2020-01-02 15:26:55'),
	(782, 'ASP.pages_private_manager_managerdetailorder_aspx', 'Error Set PIC:Trial Version Expired!', 'manager1@gmail.com', '2020-01-02 15:27:04'),
	(783, 'ASP.pages_private_cs_customerservicedetail_aspx', 'Error Set Penerimaan Sampel:Thread was being aborted.', 'CS1@gmail.com', '2020-01-02 16:45:21'),
	(784, 'ASP.pages_private_cs_customerservicedetail_aspx', 'Error Set Penerimaan Sampel:Thread was being aborted.', 'CS1@gmail.com', '2020-01-02 16:49:07'),
	(785, 'ListGridMaster', 'An error occurred while reading from the store provider\'s data reader. See the inner exception for details.', '', '2020-01-02 17:54:58'),
	(786, 'ASP.pages_public_registerform_aspx', 'fail to register user:Trial Version Expired!', 'anonymous', '2020-01-06 13:32:42'),
	(787, 'ASP.pages_private_cs_customerservicedetail_aspx', 'Error Set Penerimaan Sampel:Thread was being aborted.', 'midahpratama@gmail.com', '2020-01-06 14:28:51'),
	(788, 'ASP.pages_public_registerform_aspx', 'fail to register user:Trial Version Expired!', 'anonymous', '2020-01-06 14:59:58'),
	(789, 'AccountControls', 'System.Data.Entity.Core.UpdateException: An error occurred while updating the entries. See the inner exception for details. ---> MySql.Data.MySqlClient.MySqlException: Cannot delete or update a parent row: a foreign key constraint fails (`smlpob`.`customertbl`, CONSTRAINT `CustomerTblAccountTbl` FOREIGN KEY (`accountNo`) REFERENCES `accounttbl` (`accountNo`))\r\n   at MySql.Data.MySqlClient.MySqlStream.ReadPacket()\r\n   at MySql.Data.MySqlClient.NativeDriver.GetResult(Int32& affectedRow, Int64& insertedId)\r\n   at MySql.Data.MySqlClient.Driver.GetResult(Int32 statementId, Int32& affectedRows, Int64& insertedId)\r\n   at MySql.Data.MySqlClient.Driver.NextResult(Int32 statementId, Boolean force)\r\n   at MySql.Data.MySqlClient.MySqlDataReader.NextResult()\r\n   at MySql.Data.MySqlClient.MySqlCommand.ExecuteReader(CommandBehavior behavior)\r\n   at MySql.Data.MySqlClient.MySqlCommand.ExecuteNonQuery()\r\n   at MySql.Data.Entity.EFMySqlCommand.ExecuteNonQuery()\r\n   at System.Data.Common.DbCommand.ExecuteNonQueryAsync(CancellationToken cancellationToken)\r\n--- End of stack trace from previous location where exception was thrown ---\r\n   at System.Runtime.CompilerServices.TaskAwaiter.ThrowForNonSuccess(Task task)\r\n   at System.Runtime.CompilerServices.TaskAwaiter.HandleNonSuccessAndDebuggerNotification(Task task)\r\n   at System.Data.Entity.Utilities.TaskExtensions.CultureAwaiter`1.GetResult()\r\n   at System.Data.Entity.Core.Mapping.Update.Internal.DynamicUpdateCommand.<ExecuteAsync>d__0.MoveNext()\r\n--- End of stack trace from previous location where exception was thrown ---\r\n   at System.Runtime.CompilerServices.TaskAwaiter.ThrowForNonSuccess(Task task)\r\n   at System.Runtime.CompilerServices.TaskAwaiter.HandleNonSuccessAndDebuggerNotification(Task task)\r\n   at System.Data.Entity.Core.Mapping.Update.Internal.UpdateTranslator.<UpdateAsync>d__0.MoveNext()\r\n   --- End of inner exception stack trace ---\r\n   at System.Data.Entity.Core.Mapping.Update.Internal.UpdateTranslator.<UpdateAsync>d__0.MoveNext()\r\n--- End of stack trace from previous location where exception was thrown ---\r\n   at System.Runtime.CompilerServices.TaskAwaiter.ThrowForNonSuccess(Task task)\r\n   at System.Runtime.CompilerServices.TaskAwaiter.HandleNonSuccessAndDebuggerNotification(Task task)\r\n   at System.Data.Entity.Core.Objects.ObjectContext.<ExecuteInTransactionAsync>d__3d`1.MoveNext()\r\n--- End of stack trace from previous location where exception was thrown ---\r\n   at System.Runtime.CompilerServices.TaskAwaiter.ThrowForNonSuccess(Task task)\r\n   at System.Runtime.CompilerServices.TaskAwaiter.HandleNonSuccessAndDebuggerNotification(Task task)\r\n   at System.Data.Entity.Core.Objects.ObjectContext.<SaveChangesToStoreAsync>d__39.MoveNext()\r\n--- End of stack trace from previous location where exception was thrown ---\r\n   at System.Runtime.CompilerServices.TaskAwaiter.ThrowForNonSuccess(Task task)\r\n   at System.Runtime.CompilerServices.TaskAwaiter.HandleNonSuccessAndDebuggerNotification(Task task)\r\n   at System.Data.Entity.Core.Objects.ObjectContext.<SaveChangesInternalAsync>d__31.MoveNext()', '', '2020-01-06 19:56:34'),
	(790, 'AccountControls', 'System.Data.Entity.Core.UpdateException: An error occurred while updating the entries. See the inner exception for details. ---> MySql.Data.MySqlClient.MySqlException: Cannot delete or update a parent row: a foreign key constraint fails ("smlpob"."customertbl", CONSTRAINT "CustomerTblAccountTbl" FOREIGN KEY ("accountNo") REFERENCES "accounttbl" ("accountNo"))\r\n   at MySql.Data.MySqlClient.MySqlStream.ReadPacket()\r\n   at MySql.Data.MySqlClient.NativeDriver.GetResult(Int32& affectedRow, Int64& insertedId)\r\n   at MySql.Data.MySqlClient.Driver.GetResult(Int32 statementId, Int32& affectedRows, Int64& insertedId)\r\n   at MySql.Data.MySqlClient.Driver.NextResult(Int32 statementId, Boolean force)\r\n   at MySql.Data.MySqlClient.MySqlDataReader.NextResult()\r\n   at MySql.Data.MySqlClient.MySqlCommand.ExecuteReader(CommandBehavior behavior)\r\n   at MySql.Data.MySqlClient.MySqlCommand.ExecuteNonQuery()\r\n   at MySql.Data.Entity.EFMySqlCommand.ExecuteNonQuery()\r\n   at System.Data.Common.DbCommand.ExecuteNonQueryAsync(CancellationToken cancellationToken)\r\n--- End of stack trace from previous location where exception was thrown ---\r\n   at System.Runtime.CompilerServices.TaskAwaiter.ThrowForNonSuccess(Task task)\r\n   at System.Runtime.CompilerServices.TaskAwaiter.HandleNonSuccessAndDebuggerNotification(Task task)\r\n   at System.Data.Entity.Utilities.TaskExtensions.CultureAwaiter`1.GetResult()\r\n   at System.Data.Entity.Core.Mapping.Update.Internal.DynamicUpdateCommand.<ExecuteAsync>d__0.MoveNext()\r\n--- End of stack trace from previous location where exception was thrown ---\r\n   at System.Runtime.CompilerServices.TaskAwaiter.ThrowForNonSuccess(Task task)\r\n   at System.Runtime.CompilerServices.TaskAwaiter.HandleNonSuccessAndDebuggerNotification(Task task)\r\n   at System.Data.Entity.Core.Mapping.Update.Internal.UpdateTranslator.<UpdateAsync>d__0.MoveNext()\r\n   --- End of inner exception stack trace ---\r\n   at System.Data.Entity.Core.Mapping.Update.Internal.UpdateTranslator.<UpdateAsync>d__0.MoveNext()\r\n--- End of stack trace from previous location where exception was thrown ---\r\n   at System.Runtime.CompilerServices.TaskAwaiter.ThrowForNonSuccess(Task task)\r\n   at System.Runtime.CompilerServices.TaskAwaiter.HandleNonSuccessAndDebuggerNotification(Task task)\r\n   at System.Data.Entity.Core.Objects.ObjectContext.<ExecuteInTransactionAsync>d__3d`1.MoveNext()\r\n--- End of stack trace from previous location where exception was thrown ---\r\n   at System.Runtime.CompilerServices.TaskAwaiter.ThrowForNonSuccess(Task task)\r\n   at System.Runtime.CompilerServices.TaskAwaiter.HandleNonSuccessAndDebuggerNotification(Task task)\r\n   at System.Data.Entity.Core.Objects.ObjectContext.<SaveChangesToStoreAsync>d__39.MoveNext()\r\n--- End of stack trace from previous location where exception was thrown ---\r\n   at System.Runtime.CompilerServices.TaskAwaiter.ThrowForNonSuccess(Task task)\r\n   at System.Runtime.CompilerServices.TaskAwaiter.HandleNonSuccessAndDebuggerNotification(Task task)\r\n   at System.Data.Entity.Core.Objects.ObjectContext.<SaveChangesInternalAsync>d__31.MoveNext()', '', '2020-01-06 19:56:34'),
	(791, 'ASP.pages_public_registerform_aspx', 'fail to register user:Trial Version Expired!', 'anonymous', '2020-01-06 20:00:25'),
	(792, 'ASP.pages_public_registerform_aspx', 'fail to register user:The username is already in use.', 'anonymous', '2020-01-06 20:10:19'),
	(793, 'ASP.pages_public_registerform_aspx', 'fail to register user:Trial Version Expired!', 'anonymous', '2020-01-08 08:08:15'),
	(794, 'ASP.pages_public_registerform_aspx', 'fail to register user:Trial Version Expired!', 'anonymous', '2020-01-08 10:05:22'),
	(795, 'ASP.pages_public_registerform_aspx', 'fail to register user:Trial Version Expired!', 'anonymous', '2020-01-08 10:07:08'),
	(796, 'ASP.pages_public_registerform_aspx', 'fail to register user:The username is already in use.', 'anonymous', '2020-01-08 10:30:41'),
	(797, 'ASP.pages_public_registerform_aspx', 'fail to register user:The username is already in use.', 'anonymous', '2020-01-08 10:32:15'),
	(798, 'ASP.pages_public_registerform_aspx', 'fail to register user:The username is already in use.', 'anonymous', '2020-01-08 10:35:08'),
	(799, 'ASP.pages_public_registerform_aspx', 'fail to register user:The username is already in use.', 'anonymous', '2020-01-08 10:38:11'),
	(800, 'ASP.pages_public_registerform_aspx', 'fail to register user:The username is already in use.', 'anonymous', '2020-01-08 10:53:56'),
	(801, 'ASP.pages_public_registerform_aspx', 'fail to register user:The username is already in use.', 'anonymous', '2020-01-08 10:54:57'),
	(802, 'ASP.pages_public_registerform_aspx', 'fail to register user:Trial Version Expired!', 'anonymous', '2020-01-08 10:55:19'),
	(803, 'ASP.pages_public_registerform_aspx', 'fail to register user:Trial Version Expired!', 'anonymous', '2020-01-08 11:11:14'),
	(804, 'ASP.pages_public_registerform_aspx', 'fail to register user:The username is already in use.', 'anonymous', '2020-01-08 11:38:07'),
	(805, 'BalitTanahPelayanan.Helpers.EmailService', 'failed to send email with the following error:The SMTP host was not specified.', 'anonymous', '2020-01-08 14:51:41'),
	(806, 'RegisterControls', 'Sequence contains more than one element', '', '2020-01-09 07:33:25'),
	(807, 'ASP.pages_public_registerform_aspx', 'fail to register user:Value cannot be null.\r\nParameter name: roleName', 'anonymous', '2020-01-09 07:33:25'),
	(808, 'RegisterControls', 'Sequence contains more than one element', '', '2020-01-09 07:37:08'),
	(809, 'ASP.pages_public_registerform_aspx', 'fail to register user:Value cannot be null.\r\nParameter name: roleName', 'anonymous', '2020-01-09 07:37:08'),
	(810, 'RegisterControls', 'Sequence contains more than one element', '', '2020-01-09 07:41:31'),
	(811, 'RegisterControls', 'Sequence contains more than one element', '', '2020-01-09 07:44:57'),
	(812, 'RegisterControls', 'Sequence contains more than one element', '', '2020-01-09 07:52:35'),
	(813, 'ASP.pages_public_registerform_aspx', 'fail to register user:The username is already in use.', 'anonymous', '2020-01-09 07:58:37'),
	(814, 'ASP.pages_public_registerform_aspx', 'fail to register user:The username is already in use.', 'anonymous', '2020-01-09 07:58:37'),
	(815, 'ASP.pages_public_registerform_aspx', 'fail to register user:Duplicate entry \'183-3\' for key \'PRIMARY\'', 'anonymous', '2020-01-09 07:58:38'),
	(816, 'ASP.pages_public_registerform_aspx', 'fail to register user:Duplicate entry \'183-3\' for key \'PRIMARY\'', 'anonymous', '2020-01-09 07:58:38'),
	(817, 'ASP.pages_public_registerform_aspx', 'fail to register user:Trial Version Expired!', 'anonymous', '2020-01-09 07:58:38'),
	(818, 'ASP.pages_public_registerform_aspx', 'fail to register user:Trial Version Expired!', 'anonymous', '2020-01-09 08:09:42'),
	(819, 'ASP.pages_public_registerform_aspx', 'fail to register user:Trial Version Expired!', 'anonymous', '2020-01-09 08:20:38'),
	(820, 'ASP.pages_private_manager_managerdetailorder_aspx', 'Error Set PIC:Thread was being aborted.', 'land_nn@yahoo.com', '2020-01-09 11:33:42'),
	(821, 'ASP.pages_private_penyelia_rincian_aspx', 'Terjadi kesalahan:Thread was being aborted.', 'hestiekatantika@gmail.com', '2020-01-09 11:37:34'),
	(822, 'ASP.pages_private_penyelia_rincian_aspx', 'Terjadi kesalahan:Thread was being aborted.', 'hestiekatantika@gmail.com', '2020-01-09 11:39:40'),
	(823, 'BalitTanahPelayanan.Helpers.EmailService', 'failed to send email with the following error:Failure sending mail.', 'anonymous', '2020-01-10 10:52:17'),
	(824, 'ASP.pages_private_manager_managerdetailorder_aspx', 'Error Set PIC:Thread was being aborted.', 'land_nn@yahoo.com', '2020-01-10 12:17:19'),
	(825, 'ASP.pages_private_cs_customerservicedetail_aspx', 'Error Set Penerimaan Sampel:Thread was being aborted.', 'cs1@gmail.com', '2020-01-10 14:32:34'),
	(826, 'BalitTanahPelayanan.Helpers.EmailService', 'failed to send email with the following error:Failure sending mail.', 'manager1@gmail.com', '2020-01-10 14:54:11'),
	(827, 'ASP.pages_private_manager_managerdetailorder_aspx', 'Error Set PIC:Thread was being aborted.', 'manager1@gmail.com', '2020-01-10 14:54:11'),
	(828, 'ASP.pages_private_penyelia_rincian_aspx', 'Terjadi kesalahan:Thread was being aborted.', 'penyelia1@gmail.com', '2020-01-13 09:08:35'),
	(829, 'RoleControls', 'Role name already exists.', '', '2020-01-13 10:20:19'),
	(830, 'RoleControls', 'An error occurred while updating the entries. See the inner exception for details.', '', '2020-01-13 10:21:22'),
	(831, 'ASP.pages_private_evaluator_evaluasihasildetail_aspx', 'Terjadi kesalahan:Thread was being aborted.', 'evaluator1@gmail.com', '2020-01-13 13:26:01'),
	(832, 'ASP.pages_private_penyelia_rincian_aspx', 'Terjadi kesalahan:Thread was being aborted.', 'penyelia1@gmail.com', '2020-01-13 13:29:08'),
	(833, 'ASP.pages_private_penyelia_rincian_aspx', 'Terjadi kesalahan:Thread was being aborted.', 'penyelia1@gmail.com', '2020-01-13 13:40:40'),
	(834, 'ASP.pages_private_penyelia_rincian_aspx', 'Terjadi kesalahan:Thread was being aborted.', 'penyelia1@gmail.com', '2020-01-13 13:49:58'),
	(835, 'ASP.pages_private_penyelia_rincian_aspx', 'Terjadi kesalahan:Thread was being aborted.', 'penyelia1@gmail.com', '2020-01-13 13:53:16'),
	(836, 'BalitTanahPelayanan.Helpers.EmailService', 'failed to send email with the following error:Failure sending mail.', 'cs1@gmail.com', '2020-01-13 14:09:04'),
	(837, 'ASP.pages_private_cs_customerservicedetail_aspx', 'Error Set Penerimaan Sampel:Thread was being aborted.', 'cs1@gmail.com', '2020-01-13 15:59:11'),
	(838, 'ASP.pages_private_cs_customerservicedetail_aspx', 'Error Set Penerimaan Sampel:Thread was being aborted.', 'cs1@gmail.com', '2020-01-13 16:25:11'),
	(839, 'CustomerControls', 'An error occurred while updating the entries. See the inner exception for details.', '', '2020-01-14 13:56:33'),
	(840, 'BalitTanahPelayanan.Helpers.SmsService', 'failed to send sms with the following error:There is an error in XML document (1, 40).', 'anonymous', '2020-01-21 09:21:56'),
	(841, 'BalitTanahPelayanan.Helpers.SmsService', 'failed to send sms with the following error:Userkey / Passkey Salah', 'anonymous', '2020-01-21 09:29:30'),
	(842, 'BalitTanahPelayanan.Helpers.EmailService', 'failed to send email with the following error:Failure sending mail.', 'anonymous', '2020-01-21 15:47:53'),
	(843, 'ASP.pages_public_registerform_aspx', 'fail to register user:Thread was being aborted.', 'anonymous', '2020-01-21 16:30:05'),
	(844, 'ASP.pages_public_registerform_aspx', 'fail to register user:Thread was being aborted.', 'anonymous', '2020-01-21 16:35:24'),
	(845, 'BalitTanahPelayanan.Helpers.EmailService', 'failed to send email with the following error:Failure sending mail.', 'anonymous', '2020-01-21 16:50:18'),
	(846, 'BalitTanahPelayanan.Helpers.EmailService', 'failed to send email with the following error:Failure sending mail.', 'anonymous', '2020-01-23 13:03:38'),
	(847, 'ElementServicesControls', 'Store update, insert, or delete statement affected an unexpected number of rows (0). Entities may have been modified or deleted since entities were loaded. See http://go.microsoft.com/fwlink/?LinkId=472540 for information on understanding and handling optimistic concurrency exceptions.', '', '2020-01-28 10:01:13'),
	(848, 'ElementServicesControls', 'Store update, insert, or delete statement affected an unexpected number of rows (0). Entities may have been modified or deleted since entities were loaded. See http://go.microsoft.com/fwlink/?LinkId=472540 for information on understanding and handling optimistic concurrency exceptions.', '', '2020-01-28 10:01:21'),
	(849, 'ElementServicesControls', 'Store update, insert, or delete statement affected an unexpected number of rows (0). Entities may have been modified or deleted since entities were loaded. See http://go.microsoft.com/fwlink/?LinkId=472540 for information on understanding and handling optimistic concurrency exceptions.', '', '2020-01-28 10:01:26'),
	(850, 'ElementServicesControls', 'Store update, insert, or delete statement affected an unexpected number of rows (0). Entities may have been modified or deleted since entities were loaded. See http://go.microsoft.com/fwlink/?LinkId=472540 for information on understanding and handling optimistic concurrency exceptions.', '', '2020-01-28 10:01:51'),
	(851, 'ElementServicesControls', 'Store update, insert, or delete statement affected an unexpected number of rows (0). Entities may have been modified or deleted since entities were loaded. See http://go.microsoft.com/fwlink/?LinkId=472540 for information on understanding and handling optimistic concurrency exceptions.', '', '2020-01-28 10:14:38'),
	(852, 'ElementServicesControls', 'Store update, insert, or delete statement affected an unexpected number of rows (0). Entities may have been modified or deleted since entities were loaded. See http://go.microsoft.com/fwlink/?LinkId=472540 for information on understanding and handling optimistic concurrency exceptions.', '', '2020-01-28 10:17:16'),
	(853, 'ElementServicesControls', 'Store update, insert, or delete statement affected an unexpected number of rows (0). Entities may have been modified or deleted since entities were loaded. See http://go.microsoft.com/fwlink/?LinkId=472540 for information on understanding and handling optimistic concurrency exceptions.', '', '2020-01-28 10:23:58'),
	(854, 'ElementServicesControls', 'Store update, insert, or delete statement affected an unexpected number of rows (0). Entities may have been modified or deleted since entities were loaded. See http://go.microsoft.com/fwlink/?LinkId=472540 for information on understanding and handling optimistic concurrency exceptions.', '', '2020-01-28 10:25:24'),
	(855, 'ElementServicesControls', 'Store update, insert, or delete statement affected an unexpected number of rows (0). Entities may have been modified or deleted since entities were loaded. See http://go.microsoft.com/fwlink/?LinkId=472540 for information on understanding and handling optimistic concurrency exceptions.', '', '2020-01-28 10:31:56'),
	(856, 'ElementServicesControls', 'Store update, insert, or delete statement affected an unexpected number of rows (0). Entities may have been modified or deleted since entities were loaded. See http://go.microsoft.com/fwlink/?LinkId=472540 for information on understanding and handling optimistic concurrency exceptions.', '', '2020-01-28 10:33:42'),
	(857, 'ElementServicesControls', 'Store update, insert, or delete statement affected an unexpected number of rows (0). Entities may have been modified or deleted since entities were loaded. See http://go.microsoft.com/fwlink/?LinkId=472540 for information on understanding and handling optimistic concurrency exceptions.', '', '2020-01-28 10:44:13'),
	(858, 'ElementServicesControls', 'Store update, insert, or delete statement affected an unexpected number of rows (0). Entities may have been modified or deleted since entities were loaded. See http://go.microsoft.com/fwlink/?LinkId=472540 for information on understanding and handling optimistic concurrency exceptions.', '', '2020-01-28 10:46:01'),
	(859, 'ElementServicesControls', 'Store update, insert, or delete statement affected an unexpected number of rows (0). Entities may have been modified or deleted since entities were loaded. See http://go.microsoft.com/fwlink/?LinkId=472540 for information on understanding and handling optimistic concurrency exceptions.', '', '2020-01-28 10:52:05'),
	(860, 'ASP.pages_public_registerform_aspx', 'fail to register user:The username is already in use.', 'anonymous', '2020-01-28 10:53:49'),
	(861, 'ASP.pages_public_registerform_aspx', 'fail to register user:The username is already in use.', 'anonymous', '2020-01-28 10:53:53'),
	(862, 'ASP.pages_private_kasir_cetakinvoice_aspx', 'failed to print tanda terima kasir with the following error:An error occurred during local report processing.', 'auliarisma102@gmail.com', '2020-01-30 10:04:45'),
	(863, 'ASP.pages_private_cs_customerservicedetail_aspx', 'Error Set Penerimaan Sampel:Thread was being aborted.', 'didik.suristyo@gmail.com', '2020-02-04 12:25:32'),
	(864, 'ASP.pages_private_cs_customerservicedetail_aspx', 'Error Set Penerimaan Sampel:Thread was being aborted.', 'cs1@gmail.com', '2020-02-06 17:38:58'),
	(865, 'ASP.pages_private_manager_managerdetailorder_aspx', 'Error Set PIC:Thread was being aborted.', 'manager1@gmail.com', '2020-02-06 17:56:58'),
	(866, 'ASP.pages_public_registerform_aspx', 'fail to register user:The username is already in use.', 'anonymous', '2020-02-07 08:40:27'),
	(867, 'ASP.pages_public_registerform_aspx', 'fail to register user:The username is already in use.', 'anonymous', '2020-02-07 08:51:13'),
	(868, 'ASP.pages_public_registerform_aspx', 'fail to register user:The username is already in use.', 'anonymous', '2020-02-07 08:51:30'),
	(869, 'ASP.pages_public_registerform_aspx', 'fail to register user:The username is already in use.', 'anonymous', '2020-02-07 08:59:05'),
	(870, 'ASP.pages_public_registerform_aspx', 'fail to register user:The username is already in use.', 'anonymous', '2020-02-07 09:00:18'),
	(871, 'ASP.pages_public_registerform_aspx', 'fail to register user:The username is already in use.', 'anonymous', '2020-02-10 10:56:20'),
	(872, 'ASP.pages_public_registerform_aspx', 'fail to register user:The username is already in use.', 'anonymous', '2020-02-10 10:56:54'),
	(873, 'ASP.pages_public_registerform_aspx', 'fail to register user:The username is already in use.', 'anonymous', '2020-02-10 10:57:16'),
	(874, 'ASP.pages_public_registerform_aspx', 'fail to register user:The username is already in use.', 'anonymous', '2020-02-10 10:57:37'),
	(875, 'ASP.pages_public_registerform_aspx', 'fail to register user:The username is already in use.', 'anonymous', '2020-02-10 10:57:58'),
	(876, 'ASP.pages_public_registerform_aspx', 'fail to register user:The username is already in use.', 'anonymous', '2020-02-10 10:58:13'),
	(877, 'ASP.pages_public_registerform_aspx', 'fail to register user:The username is already in use.', 'anonymous', '2020-02-10 10:59:04'),
	(878, 'ASP.pages_public_registerform_aspx', 'fail to register user:The username is already in use.', 'anonymous', '2020-02-10 10:59:35'),
	(879, 'PesananCustomerControls', 'Object reference not set to an instance of an object.', 'galihyprtm@gmail.com', '2020-02-13 10:33:44'),
	(880, 'PesananCustomerControls', 'Sequence contains more than one element', 'galihyprtm@gmail.com', '2020-02-13 11:15:50'),
	(881, 'PesananCustomerControls', 'Sequence contains more than one element', 'galihyprtm@gmail.com', '2020-02-13 11:16:29'),
	(882, 'PesananCustomerControls', 'Sequence contains more than one element', 'galihyprtm@gmail.com', '2020-02-13 11:17:56'),
	(883, 'PesananCustomerControls', 'Sequence contains more than one element', 'galihyprtm@gmail.com', '2020-02-13 11:19:06'),
	(884, 'PesananCustomerControls', 'Sequence contains more than one element', 'galihyprtm@gmail.com', '2020-02-13 11:21:38'),
	(885, 'PesananCustomerControls', 'Object reference not set to an instance of an object.', 'kustomer1@outlook.co.id', '2020-02-14 11:49:45'),
	(886, 'PesananCustomerControls', 'Object reference not set to an instance of an object.', 'kustomer1@outlook.co.id', '2020-02-14 11:49:50'),
	(887, 'PesananCustomerControls', 'Object reference not set to an instance of an object.', 'kustomer1@outlook.co.id', '2020-02-14 11:50:13'),
	(888, 'PesananCustomerControls', 'Object reference not set to an instance of an object.', 'kustomer1@outlook.co.id', '2020-02-14 11:51:21'),
	(889, 'PesananCustomerControls', 'Object reference not set to an instance of an object.', 'galihyprtm@gmail.com', '2020-02-14 13:52:36'),
	(890, 'PesananCustomerControls', 'The operation cannot be completed because the DbContext has been disposed.', 'galihyprtm@gmail.com', '2020-02-14 13:54:14'),
	(891, 'PesananCustomerControls', 'Object reference not set to an instance of an object.', 'galihyprtm@gmail.com', '2020-02-14 13:54:29'),
	(892, 'PesananCustomerControls', 'LINQ to Entities does not recognize the method \'Int32 Parse(System.String)\' method, and this method cannot be translated into a store expression.', 'galihyprtm@gmail.com', '2020-02-14 13:54:30'),
	(893, 'PesananCustomerControls', 'Object reference not set to an instance of an object.', 'galihyprtm@gmail.com', '2020-02-14 13:55:30'),
	(894, 'PesananCustomerControls', 'LINQ to Entities does not recognize the method \'Int32 Parse(System.String)\' method, and this method cannot be translated into a store expression.', 'galihyprtm@gmail.com', '2020-02-14 13:55:31'),
	(895, 'PesananCustomerControls', 'Object reference not set to an instance of an object.', 'galihyprtm@gmail.com', '2020-02-14 13:57:30'),
	(896, 'PesananCustomerControls', 'Object reference not set to an instance of an object.', 'galihyprtm@gmail.com', '2020-02-14 13:57:33'),
	(897, 'PesananCustomerControls', 'LINQ to Entities does not recognize the method \'Int32 Parse(System.String)\' method, and this method cannot be translated into a store expression.', 'galihyprtm@gmail.com', '2020-02-14 13:57:34'),
	(898, 'PesananCustomerControls', 'Object reference not set to an instance of an object.', 'galihyprtm@gmail.com', '2020-02-14 14:00:29'),
	(899, 'PesananCustomerControls', 'Object reference not set to an instance of an object.', 'galihyprtm@gmail.com', '2020-02-14 14:00:34'),
	(900, 'PesananCustomerControls', 'The operation cannot be completed because the DbContext has been disposed.', 'galihyprtm@gmail.com', '2020-02-14 14:10:31'),
	(901, 'PesananCustomerControls', 'LINQ to Entities does not recognize the method \'Int32 Parse(System.String)\' method, and this method cannot be translated into a store expression.', 'galihyprtm@gmail.com', '2020-02-14 14:15:32'),
	(902, 'PesananCustomerControls', 'LINQ to Entities does not recognize the method \'Int32 Parse(System.String)\' method, and this method cannot be translated into a store expression.', 'galihyprtm@gmail.com', '2020-02-14 14:15:37'),
	(903, 'PesananCustomerControls', 'LINQ to Entities does not recognize the method \'Int32 Parse(System.String)\' method, and this method cannot be translated into a store expression.', 'galihyprtm@gmail.com', '2020-02-14 14:17:58'),
	(904, 'PesananCustomerControls', 'LINQ to Entities does not recognize the method \'Int32 Parse(System.String)\' method, and this method cannot be translated into a store expression.', 'galihyprtm@gmail.com', '2020-02-14 14:17:59'),
	(905, 'PesananCustomerControls', 'LINQ to Entities does not recognize the method \'Int32 Parse(System.String)\' method, and this method cannot be translated into a store expression.', 'galihyprtm@gmail.com', '2020-02-14 14:19:20'),
	(906, 'PesananCustomerControls', 'LINQ to Entities does not recognize the method \'Int32 Parse(System.String)\' method, and this method cannot be translated into a store expression.', 'galihyprtm@gmail.com', '2020-02-14 14:19:27'),
	(907, 'PesananCustomerControls', 'LINQ to Entities does not recognize the method \'Int32 Parse(System.String)\' method, and this method cannot be translated into a store expression.', 'kustomer1@outlook.co.id', '2020-02-14 14:43:53'),
	(908, 'PesananCustomerControls', 'LINQ to Entities does not recognize the method \'Int32 Parse(System.String)\' method, and this method cannot be translated into a store expression.', 'kustomer1@outlook.co.id', '2020-02-14 14:44:47'),
	(909, 'PesananCustomerControls', 'LINQ to Entities does not recognize the method \'Int32 Parse(System.String)\' method, and this method cannot be translated into a store expression.', 'kustomer1@outlook.co.id', '2020-02-14 14:49:18'),
	(910, 'ASP.pages_public_registerform_aspx', 'fail to register user:The username is already in use.', 'anonymous', '2020-02-17 08:24:23'),
	(911, 'ASP.pages_public_registerform_aspx', 'fail to register user:The username is already in use.', 'anonymous', '2020-02-17 08:24:43'),
	(912, 'ASP.pages_public_registerform_aspx', 'fail to register user:The username is already in use.', 'anonymous', '2020-02-17 08:25:16'),
	(913, 'ASP.pages_public_registerform_aspx', 'fail to register user:The username is already in use.', 'anonymous', '2020-02-17 08:26:12'),
	(914, 'ASP.pages_public_registerform_aspx', 'fail to register user:The username is already in use.', 'anonymous', '2020-02-17 08:27:51'),
	(915, 'PesananCustomerControls', 'Input string was not in a correct format.', 'galihyprtm@gmail.com', '2020-02-24 10:16:15'),
	(916, 'PesananCustomerControls', 'Input string was not in a correct format.', 'galihyprtm@gmail.com', '2020-02-24 10:17:55'),
	(917, 'ASP.pages_private_cs_customerservicedetail_aspx', 'Error Set Penerimaan Sampel:Thread was being aborted.', 'cs1@gmail.com', '2020-02-24 10:55:23'),
	(918, 'ASP.pages_private_cs_customerservicedetail_aspx', 'Error Set Penerimaan Sampel:Thread was being aborted.', 'cs1@gmail.com', '2020-02-24 11:45:39'),
	(919, 'ASP.pages_private_cs_customerservicedetail_aspx', 'Error Set Penerimaan Sampel:Thread was being aborted.', 'cs1@gmail.com', '2020-02-24 11:45:48'),
	(920, 'BalitTanahPelayanan.Helpers.EmailService', 'failed to send email with the following error:Failure sending mail.', 'manager1@gmail.com', '2020-02-24 11:59:14'),
	(921, 'ASP.pages_private_manager_managerdetailorder_aspx', 'Error Set PIC:Thread was being aborted.', 'manager1@gmail.com', '2020-02-24 11:59:14'),
	(922, 'ASP.pages_private_cs_customerservicedetail_aspx', 'Error Set Penerimaan Sampel:Thread was being aborted.', 'cs1@gmail.com', '2020-02-25 10:08:24'),
	(923, 'PesananCustomerControls', 'The underlying provider failed on Open.', 'galihyprtm@gmail.com', '2020-02-25 11:26:51'),
	(924, 'PesananCustomerControls', 'Input string was not in a correct format.', 'galihyprtm@gmail.com', '2020-02-25 14:33:49'),
	(925, 'PesananCustomerControls', 'Input string was not in a correct format.', 'galihyprtm@gmail.com', '2020-02-25 14:59:04'),
	(926, 'ASP.pages_private_cs_customerservicedetail_aspx', 'Error Set Penerimaan Sampel:Thread was being aborted.', 'cs1@gmail.com', '2020-03-16 22:31:01'),
	(927, 'BalitTanahPelayanan.Helpers.EmailService', 'failed to send email with the following error:The SMTP server requires a secure connection or the client was not authenticated. The server response was: 5.7.57 SMTP; Client was not authenticated to send anonymous mail during MAIL FROM [SGAP274CA0005.SGPP274.PROD.OUTLOOK.COM]', 'manager1@gmail.com', '2020-03-16 22:39:51'),
	(928, 'ASP.pages_private_manager_managerdetailorder_aspx', 'Error Set PIC:Thread was being aborted.', 'manager1@gmail.com', '2020-03-16 22:39:51'),
	(929, 'BalitTanahPelayanan.Helpers.EmailService', 'failed to send email with the following error:The SMTP server requires a secure connection or the client was not authenticated. The server response was: 5.7.57 SMTP; Client was not authenticated to send anonymous mail during MAIL FROM [SG2P153CA0012.APCP153.PROD.OUTLOOK.COM]', 'evaluator1@gmail.com', '2020-03-16 22:57:03'),
	(930, 'ASP.pages_private_evaluator_evaluasihasildetail_aspx', 'Terjadi kesalahan:Thread was being aborted.', 'evaluator1@gmail.com', '2020-03-16 22:57:04'),
	(931, 'ASP.pages_private_evaluator_evaluasihasildetail_aspx', 'Terjadi kesalahan:Thread was being aborted.', 'evaluator1@gmail.com', '2020-03-16 22:58:08'),
	(932, 'ASP.pages_private_evaluator_evaluasihasildetail_aspx', 'Terjadi kesalahan:Thread was being aborted.', 'evaluator1@gmail.com', '2020-03-16 22:58:15'),
	(933, 'ASP.pages_private_penyelia_rincian_aspx', 'Terjadi kesalahan:Thread was being aborted.', 'penyelia1@gmail.com', '2020-03-16 23:00:03'),
	(934, 'ASP.pages_private_penyelia_rincian_aspx', 'Terjadi kesalahan:Thread was being aborted.', 'penyelia1@gmail.com', '2020-03-16 23:00:15'),
	(935, 'ASP.pages_private_penyelia_rincian_aspx', 'Terjadi kesalahan:Thread was being aborted.', 'penyelia1@gmail.com', '2020-03-16 23:00:51'),
	(936, 'ASP.pages_private_penyelia_rincian_aspx', 'Terjadi kesalahan:Thread was being aborted.', 'penyelia1@gmail.com', '2020-03-16 23:00:57'),
	(937, 'ASP.pages_private_penyelia_rincian_aspx', 'Terjadi kesalahan:Thread was being aborted.', 'penyelia1@gmail.com', '2020-03-16 23:01:06'),
	(938, 'BalitTanahPelayanan.Helpers.EmailService', 'failed to send email with the following error:The SMTP server requires a secure connection or the client was not authenticated. The server response was: 5.7.57 SMTP; Client was not authenticated to send anonymous mail during MAIL FROM [SG2PR06CA0207.apcprd06.prod.outlook.com]', 'manager1@gmail.com', '2020-03-16 23:01:43'),
	(939, 'ASP.pages_private_manager_managerdetailorder_aspx', 'Error Set PIC:Thread was being aborted.', 'manager1@gmail.com', '2020-03-16 23:01:43'),
	(940, 'ASP.pages_private_evaluator_evaluasihasildetail_aspx', 'Terjadi kesalahan:Thread was being aborted.', 'evaluator1@gmail.com', '2020-03-16 23:02:18'),
	(941, 'ASP.pages_private_evaluator_evaluasihasildetail_aspx', 'Terjadi kesalahan:Thread was being aborted.', 'evaluator1@gmail.com', '2020-03-16 23:02:22'),
	(942, 'ASP.pages_private_evaluator_evaluasihasildetail_aspx', 'Terjadi kesalahan:Thread was being aborted.', 'evaluator1@gmail.com', '2020-03-16 23:02:28'),
	(943, 'ASP.pages_private_cs_customerservicedetail_aspx', 'Error Set Penerimaan Sampel:Thread was being aborted.', 'cs1@gmail.com', '2020-03-17 10:29:11'),
	(944, 'ASP.pages_private_penyelia_rincian_aspx', 'Terjadi kesalahan:Thread was being aborted.', 'penyelia1@gmail.com', '2020-03-17 10:33:37'),
	(945, 'BalitTanahPelayanan.Helpers.EmailService', 'failed to send email with the following error:The SMTP server requires a secure connection or the client was not authenticated. The server response was: 5.7.57 SMTP; Client was not authenticated to send anonymous mail during MAIL FROM [SG2PR03CA0104.apcprd03.prod.outlook.com]', 'manager1@gmail.com', '2020-03-17 10:36:42'),
	(946, 'ASP.pages_private_manager_managerdetailorder_aspx', 'Error Set PIC:Thread was being aborted.', 'manager1@gmail.com', '2020-03-17 10:36:42'),
	(947, 'ASP.pages_private_cs_customerservicedetail_aspx', 'Error Set Penerimaan Sampel:Thread was being aborted.', 'cs1@gmail.com', '2020-03-17 10:38:05'),
	(948, 'ASP.pages_private_cs_customerservicedetail_aspx', 'Error Set Penerimaan Sampel:Thread was being aborted.', 'cs1@gmail.com', '2020-03-17 10:38:19'),
	(949, 'ASP.pages_private_cs_customerservicedetail_aspx', 'Error Set Penerimaan Sampel:Thread was being aborted.', 'cs1@gmail.com', '2020-03-17 10:39:00'),
	(950, 'ASP.pages_private_cs_customerservicedetail_aspx', 'Error Set Penerimaan Sampel:Thread was being aborted.', 'cs1@gmail.com', '2020-03-17 10:39:08'),
	(951, 'ASP.pages_private_cs_customerservicedetail_aspx', 'Error Set Penerimaan Sampel:Thread was being aborted.', 'cs1@gmail.com', '2020-03-17 10:40:37'),
	(952, 'ASP.pages_private_cs_customerservicedetail_aspx', 'Error Set Penerimaan Sampel:Thread was being aborted.', 'cs1@gmail.com', '2020-03-17 10:40:57'),
	(953, 'ASP.pages_private_cs_customerservicedetail_aspx', 'Error Set Penerimaan Sampel:Thread was being aborted.', 'cs1@gmail.com', '2020-03-17 10:41:36'),
	(954, 'ASP.pages_private_cs_customerservicedetail_aspx', 'Error Set Penerimaan Sampel:Thread was being aborted.', 'cs1@gmail.com', '2020-03-17 10:42:02'),
	(955, 'ASP.pages_private_cs_customerservicedetail_aspx', 'Error Set Penerimaan Sampel:Thread was being aborted.', 'cs1@gmail.com', '2020-03-17 10:42:18'),
	(956, 'ASP.pages_private_cs_customerservicedetail_aspx', 'Error Set Penerimaan Sampel:Thread was being aborted.', 'cs1@gmail.com', '2020-03-17 10:42:31'),
	(957, 'BalitTanahPelayanan.Helpers.EmailService', 'failed to send email with the following error:The SMTP server requires a secure connection or the client was not authenticated. The server response was: 5.7.57 SMTP; Client was not authenticated to send anonymous mail during MAIL FROM [SG2PR04CA0177.apcprd04.prod.outlook.com]', 'manager1@gmail.com', '2020-03-17 10:42:57'),
	(958, 'ASP.pages_private_manager_managerdetailorder_aspx', 'Error Set PIC:Thread was being aborted.', 'manager1@gmail.com', '2020-03-17 10:42:57'),
	(959, 'BalitTanahPelayanan.Helpers.EmailService', 'failed to send email with the following error:The SMTP server requires a secure connection or the client was not authenticated. The server response was: 5.7.57 SMTP; Client was not authenticated to send anonymous mail during MAIL FROM [SG2PR04CA0186.apcprd04.prod.outlook.com]', 'manager1@gmail.com', '2020-03-17 10:43:31'),
	(960, 'ASP.pages_private_manager_managerdetailorder_aspx', 'Error Set PIC:Thread was being aborted.', 'manager1@gmail.com', '2020-03-17 10:43:31'),
	(961, 'ASP.pages_private_penyelia_rincian_aspx', 'Terjadi kesalahan:Thread was being aborted.', 'penyelia1@gmail.com', '2020-03-17 10:44:56'),
	(962, 'ASP.pages_private_penyelia_rincian_aspx', 'Terjadi kesalahan:Thread was being aborted.', 'penyelia1@gmail.com', '2020-03-17 10:45:03'),
	(963, 'ASP.pages_private_penyelia_rincian_aspx', 'Terjadi kesalahan:Thread was being aborted.', 'hestiekatantika@gmail.com', '2020-03-17 10:45:07'),
	(964, 'ASP.pages_private_penyelia_rincian_aspx', 'Terjadi kesalahan:Thread was being aborted.', 'usman_randika@yahoo.com', '2020-03-17 11:03:47'),
	(965, 'ASP.pages_private_penyelia_rincian_aspx', 'Terjadi kesalahan:Thread was being aborted.', 'usman_randika@yahoo.com', '2020-03-17 11:04:04'),
	(966, 'BalitTanahPelayanan.Helpers.EmailService', 'failed to send email with the following error:The SMTP server requires a secure connection or the client was not authenticated. The server response was: 5.7.57 SMTP; Client was not authenticated to send anonymous mail during MAIL FROM [SG2PR06CA0184.apcprd06.prod.outlook.com]', 'manager1@gmail.com', '2020-03-17 11:27:42'),
	(967, 'ASP.pages_private_manager_managerdetailorder_aspx', 'Error Set PIC:Thread was being aborted.', 'manager1@gmail.com', '2020-03-17 11:27:42'),
	(968, 'ASP.pages_private_penyelia_rincian_aspx', 'Terjadi kesalahan:Thread was being aborted.', 'pujiningrum@gmail.com', '2020-03-17 11:28:54'),
	(969, 'ASP.pages_private_penyelia_rincian_aspx', 'Terjadi kesalahan:Thread was being aborted.', 'iindwisurhati85@gmail.com', '2020-03-17 11:29:06'),
	(970, 'ASP.pages_private_penyelia_rincian_aspx', 'Terjadi kesalahan:Thread was being aborted.', 'iindwisurhati85@gmail.com', '2020-03-17 11:30:05'),
	(971, 'ASP.pages_private_penyelia_rincian_aspx', 'Terjadi kesalahan:Thread was being aborted.', 'penyelia1@gmail.com', '2020-03-17 11:30:33'),
	(972, 'ASP.pages_private_analis_orderdetail_aspx', 'Terjadi kesalahan:Thread was being aborted.', 'zulfikarp24@gmail.com', '2020-03-17 11:30:50'),
	(973, 'ASP.pages_private_penyelia_rincian_aspx', 'Terjadi kesalahan:Thread was being aborted.', 'iindwisurhati85@gmail.com', '2020-03-17 11:31:29'),
	(974, 'ASP.pages_private_analis_orderdetail_aspx', 'Terjadi kesalahan:Thread was being aborted.', 'analis1@gmail.com', '2020-03-17 11:31:40'),
	(975, 'ASP.pages_private_penyelia_rincian_aspx', 'Terjadi kesalahan:Thread was being aborted.', 'iindwisurhati85@gmail.com', '2020-03-17 11:32:16'),
	(976, 'BalitTanahPelayanan.Helpers.EmailService', 'failed to send email with the following error:The SMTP server requires a secure connection or the client was not authenticated. The server response was: 5.7.57 SMTP; Client was not authenticated to send anonymous mail during MAIL FROM [SG2PR01CA0147.apcprd01.prod.exchangelabs.com]', 'erny_yuniarti@yahoo.com', '2020-03-17 11:32:40'),
	(977, 'ASP.pages_private_manager_managerdetailorder_aspx', 'Error Set PIC:Thread was being aborted.', 'erny_yuniarti@yahoo.com', '2020-03-17 11:32:40'),
	(978, 'ASP.pages_private_penyelia_rincian_aspx', 'Terjadi kesalahan:Thread was being aborted.', 'iindwisurhati85@gmail.com', '2020-03-17 11:32:45'),
	(979, 'BalitTanahPelayanan.Helpers.EmailService', 'failed to send email with the following error:The SMTP server requires a secure connection or the client was not authenticated. The server response was: 5.7.57 SMTP; Client was not authenticated to send anonymous mail during MAIL FROM [SG2PR01CA0135.apcprd01.prod.exchangelabs.com]', 'erny_yuniarti@yahoo.com', '2020-03-17 11:32:51'),
	(980, 'ASP.pages_private_manager_managerdetailorder_aspx', 'Error Set PIC:Thread was being aborted.', 'erny_yuniarti@yahoo.com', '2020-03-17 11:32:51'),
	(981, 'BalitTanahPelayanan.Helpers.EmailService', 'failed to send email with the following error:The SMTP server requires a secure connection or the client was not authenticated. The server response was: 5.7.57 SMTP; Client was not authenticated to send anonymous mail during MAIL FROM [SG2PR01CA0152.apcprd01.prod.exchangelabs.com]', 'erny_yuniarti@yahoo.com', '2020-03-17 11:33:03'),
	(982, 'ASP.pages_private_manager_managerdetailorder_aspx', 'Error Set PIC:Thread was being aborted.', 'erny_yuniarti@yahoo.com', '2020-03-17 11:33:03'),
	(983, 'ASP.pages_private_penyelia_rincian_aspx', 'Terjadi kesalahan:Thread was being aborted.', 'iindwisurhati85@gmail.com', '2020-03-17 11:33:04'),
	(984, 'BalitTanahPelayanan.Helpers.EmailService', 'failed to send email with the following error:The SMTP server requires a secure connection or the client was not authenticated. The server response was: 5.7.57 SMTP; Client was not authenticated to send anonymous mail during MAIL FROM [SG2PR01CA0151.apcprd01.prod.exchangelabs.com]', 'erny_yuniarti@yahoo.com', '2020-03-17 11:34:14'),
	(985, 'ASP.pages_private_manager_managerdetailorder_aspx', 'Error Set PIC:Thread was being aborted.', 'erny_yuniarti@yahoo.com', '2020-03-17 11:34:14'),
	(986, 'ASP.pages_private_penyelia_rincian_aspx', 'Terjadi kesalahan:Thread was being aborted.', 'penyelia1@gmail.com', '2020-03-17 11:34:28'),
	(987, 'ASP.pages_private_penyelia_rincian_aspx', 'Terjadi kesalahan:Thread was being aborted.', 'iindwisurhati85@gmail.com', '2020-03-17 11:34:45'),
	(988, 'ASP.pages_private_penyelia_rincian_aspx', 'Terjadi kesalahan:Thread was being aborted.', 'penyelia1@gmail.com', '2020-03-17 11:34:46'),
	(989, 'ASP.pages_private_evaluator_evaluasihasildetail_aspx', 'Terjadi kesalahan:Thread was being aborted.', 'evaluator1@gmail.com', '2020-03-17 11:35:27'),
	(990, 'ASP.pages_private_penyelia_rincian_aspx', 'Terjadi kesalahan:Thread was being aborted.', 'penyelia1@gmail.com', '2020-03-17 11:37:02'),
	(991, 'ASP.pages_private_penyelia_rincian_aspx', 'Terjadi kesalahan:Thread was being aborted.', 'iindwisurhati85@gmail.com', '2020-03-17 11:39:54'),
	(992, 'ASP.pages_private_penyelia_rincian_aspx', 'Terjadi kesalahan:Thread was being aborted.', 'iindwisurhati85@gmail.com', '2020-03-17 11:41:16'),
	(993, 'ASP.pages_private_cs_customerservicedetail_aspx', 'Error Set Penerimaan Sampel:Thread was being aborted.', 'cs1@gmail.com', '2020-03-17 11:47:22'),
	(994, 'ASP.pages_private_cs_customerservicedetail_aspx', 'Error Set Penerimaan Sampel:Thread was being aborted.', 'cs1@gmail.com', '2020-03-17 11:47:29'),
	(995, 'BalitTanahPelayanan.Helpers.EmailService', 'failed to send email with the following error:The SMTP server requires a secure connection or the client was not authenticated. The server response was: 5.7.57 SMTP; Client was not authenticated to send anonymous mail during MAIL FROM [SGBP274CA0015.SGPP274.PROD.OUTLOOK.COM]', 'land_nn@yahoo.com', '2020-03-17 11:49:04'),
	(996, 'ASP.pages_private_manager_managerdetailorder_aspx', 'Error Set PIC:Thread was being aborted.', 'land_nn@yahoo.com', '2020-03-17 11:49:04'),
	(997, 'BalitTanahPelayanan.Helpers.EmailService', 'failed to send email with the following error:The SMTP server requires a secure connection or the client was not authenticated. The server response was: 5.7.57 SMTP; Client was not authenticated to send anonymous mail during MAIL FROM [SGBP274CA0017.SGPP274.PROD.OUTLOOK.COM]', 'land_nn@yahoo.com', '2020-03-17 11:49:43'),
	(998, 'ASP.pages_private_manager_managerdetailorder_aspx', 'Error Set PIC:Thread was being aborted.', 'land_nn@yahoo.com', '2020-03-17 11:49:43'),
	(999, 'BalitTanahPelayanan.Helpers.EmailService', 'failed to send email with the following error:The SMTP server requires a secure connection or the client was not authenticated. The server response was: 5.7.57 SMTP; Client was not authenticated to send anonymous mail during MAIL FROM [SGBP274CA0023.SGPP274.PROD.OUTLOOK.COM]', 'land_nn@yahoo.com', '2020-03-17 11:50:23'),
	(1000, 'ASP.pages_private_manager_managerdetailorder_aspx', 'Error Set PIC:Thread was being aborted.', 'land_nn@yahoo.com', '2020-03-17 11:50:23'),
	(1001, 'BalitTanahPelayanan.Helpers.EmailService', 'failed to send email with the following error:The SMTP server requires a secure connection or the client was not authenticated. The server response was: 5.7.57 SMTP; Client was not authenticated to send anonymous mail during MAIL FROM [SGBP274CA0023.SGPP274.PROD.OUTLOOK.COM]', 'markusandas@yahoo.com', '2020-03-17 11:50:48'),
	(1002, 'ASP.pages_private_manager_managerdetailorder_aspx', 'Error Set PIC:Thread was being aborted.', 'markusandas@yahoo.com', '2020-03-17 11:50:48'),
	(1003, 'BalitTanahPelayanan.Helpers.EmailService', 'failed to send email with the following error:The SMTP server requires a secure connection or the client was not authenticated. The server response was: 5.7.57 SMTP; Client was not authenticated to send anonymous mail during MAIL FROM [SG2PR02CA0088.apcprd02.prod.outlook.com]', 'ratri.ariani@gmail.com', '2020-03-17 11:51:19'),
	(1004, 'ASP.pages_private_manager_managerdetailorder_aspx', 'Error Set PIC:Thread was being aborted.', 'ratri.ariani@gmail.com', '2020-03-17 11:51:19'),
	(1005, 'BalitTanahPelayanan.Helpers.EmailService', 'failed to send email with the following error:The SMTP server requires a secure connection or the client was not authenticated. The server response was: 5.7.57 SMTP; Client was not authenticated to send anonymous mail during MAIL FROM [SG2PR02CA0076.apcprd02.prod.outlook.com]', 'land_nn@yahoo.com', '2020-03-17 11:53:00'),
	(1006, 'ASP.pages_private_manager_managerdetailorder_aspx', 'Error Set PIC:Thread was being aborted.', 'land_nn@yahoo.com', '2020-03-17 11:53:01'),
	(1007, 'ASP.pages_private_penyelia_rincian_aspx', 'Terjadi kesalahan:Thread was being aborted.', 'iindwisurhati85@gmail.com', '2020-03-17 11:56:23'),
	(1008, 'BalitTanahPelayanan.Helpers.EmailService', 'failed to send email with the following error:The SMTP server requires a secure connection or the client was not authenticated. The server response was: 5.7.57 SMTP; Client was not authenticated to send anonymous mail during MAIL FROM [SG2PR0601CA0015.apcprd06.prod.outlook.com]', 'erny_yuniarti@yahoo.com', '2020-03-17 12:04:58'),
	(1009, 'ASP.pages_private_manager_managerdetailorder_aspx', 'Error Set PIC:Thread was being aborted.', 'erny_yuniarti@yahoo.com', '2020-03-17 12:04:58'),
	(1010, 'ASP.pages_private_penyelia_rinciannonbatch_aspx', 'Terjadi kesalahan:Thread was being aborted.', 'elsantianti21@gmail.com', '2020-03-17 12:05:36'),
	(1011, 'ASP.pages_private_penyelia_rinciannonbatch_aspx', 'Terjadi kesalahan:Thread was being aborted.', 'elsantianti21@gmail.com', '2020-03-17 12:05:53'),
	(1012, 'ASP.pages_private_penyelia_rinciannonbatch_aspx', 'Terjadi kesalahan:Thread was being aborted.', 'elsantianti21@gmail.com', '2020-03-17 12:06:18'),
	(1013, 'ASP.pages_private_penyelia_rinciannonbatch_aspx', 'Terjadi kesalahan:Thread was being aborted.', 'elsantianti21@gmail.com', '2020-03-17 12:07:28'),
	(1014, 'ASP.pages_private_analis_orderdetail_aspx', 'Terjadi kesalahan:Thread was being aborted.', 'margi.hastuti@gmail.com', '2020-03-17 12:12:37'),
	(1015, 'ASP.pages_private_cs_customerservicedetail_aspx', 'Error Set Penerimaan Sampel:Thread was being aborted.', 'cs1@gmail.com', '2020-03-17 12:50:09'),
	(1016, 'ASP.pages_private_cs_customerservicedetail_aspx', 'Error Set Penerimaan Sampel:Thread was being aborted.', 'cs1@gmail.com', '2020-03-17 12:50:24'),
	(1017, 'ASP.pages_private_cs_customerservicedetail_aspx', 'Error Set Penerimaan Sampel:Thread was being aborted.', 'cs1@gmail.com', '2020-03-17 12:50:40'),
	(1018, 'ASP.pages_private_cs_customerservicedetail_aspx', 'Error Set Penerimaan Sampel:Thread was being aborted.', 'cs1@gmail.com', '2020-03-17 12:50:57'),
	(1019, 'ASP.pages_private_cs_customerservicedetail_aspx', 'Error Set Penerimaan Sampel:Thread was being aborted.', 'cs1@gmail.com', '2020-03-17 12:51:24'),
	(1020, 'BalitTanahPelayanan.Helpers.EmailService', 'failed to send email with the following error:The SMTP server requires a secure connection or the client was not authenticated. The server response was: 5.7.57 SMTP; Client was not authenticated to send anonymous mail during MAIL FROM [SG2PR03CA0101.apcprd03.prod.outlook.com]', 'land_nn@yahoo.com', '2020-03-17 13:27:41'),
	(1021, 'ASP.pages_private_manager_managerdetailorder_aspx', 'Error Set PIC:Thread was being aborted.', 'land_nn@yahoo.com', '2020-03-17 13:27:42'),
	(1022, 'BalitTanahPelayanan.Helpers.EmailService', 'failed to send email with the following error:The SMTP server requires a secure connection or the client was not authenticated. The server response was: 5.7.57 SMTP; Client was not authenticated to send anonymous mail during MAIL FROM [SG2PR03CA0105.apcprd03.prod.outlook.com]', 'land_nn@yahoo.com', '2020-03-17 13:28:39'),
	(1023, 'ASP.pages_private_manager_managerdetailorder_aspx', 'Error Set PIC:Thread was being aborted.', 'land_nn@yahoo.com', '2020-03-17 13:28:39'),
	(1024, 'BalitTanahPelayanan.Helpers.EmailService', 'failed to send email with the following error:The SMTP server requires a secure connection or the client was not authenticated. The server response was: 5.7.57 SMTP; Client was not authenticated to send anonymous mail during MAIL FROM [SG2PR03CA0085.apcprd03.prod.outlook.com]', 'land_nn@yahoo.com', '2020-03-17 13:29:06'),
	(1025, 'ASP.pages_private_manager_managerdetailorder_aspx', 'Error Set PIC:Thread was being aborted.', 'land_nn@yahoo.com', '2020-03-17 13:29:06'),
	(1026, 'BalitTanahPelayanan.Helpers.EmailService', 'failed to send email with the following error:The SMTP server requires a secure connection or the client was not authenticated. The server response was: 5.7.57 SMTP; Client was not authenticated to send anonymous mail during MAIL FROM [SG2PR03CA0104.apcprd03.prod.outlook.com]', 'land_nn@yahoo.com', '2020-03-17 13:29:30'),
	(1027, 'ASP.pages_private_manager_managerdetailorder_aspx', 'Error Set PIC:Thread was being aborted.', 'land_nn@yahoo.com', '2020-03-17 13:29:30'),
	(1028, 'BalitTanahPelayanan.Helpers.EmailService', 'failed to send email with the following error:The SMTP server requires a secure connection or the client was not authenticated. The server response was: 5.7.57 SMTP; Client was not authenticated to send anonymous mail during MAIL FROM [SG2PR06CA0122.apcprd06.prod.outlook.com]', 'land_nn@yahoo.com', '2020-03-17 13:29:54'),
	(1029, 'ASP.pages_private_manager_managerdetailorder_aspx', 'Error Set PIC:Thread was being aborted.', 'land_nn@yahoo.com', '2020-03-17 13:29:54'),
	(1030, 'ASP.pages_private_penyelia_rincian_aspx', 'Terjadi kesalahan:Thread was being aborted.', 'iindwisurhati85@gmail.com', '2020-03-17 13:32:53'),
	(1031, 'ASP.pages_private_penyelia_rinciannonbatch_aspx', 'Terjadi kesalahan:Thread was being aborted.', 'elsantianti21@gmail.com', '2020-03-17 13:34:43'),
	(1032, 'ASP.pages_private_penyelia_rincian_aspx', 'Terjadi kesalahan:Thread was being aborted.', 'iindwisurhati85@gmail.com', '2020-03-17 13:35:00'),
	(1033, 'ASP.pages_private_penyelia_rincian_aspx', 'Terjadi kesalahan:Thread was being aborted.', 'iindwisurhati85@gmail.com', '2020-03-17 13:35:14'),
	(1034, 'ASP.pages_private_penyelia_rincian_aspx', 'Terjadi kesalahan:Thread was being aborted.', 'iindwisurhati85@gmail.com', '2020-03-17 13:36:19'),
	(1035, 'ASP.pages_private_penyelia_rincian_aspx', 'Terjadi kesalahan:Thread was being aborted.', 'usman_randika@yahoo.com', '2020-03-17 13:40:08'),
	(1036, 'ASP.pages_private_analis_orderdetail_aspx', 'Terjadi kesalahan:Thread was being aborted.', 'zulfikarp24@gmail.com', '2020-03-17 13:43:41'),
	(1037, 'ASP.pages_private_penyelia_rincian_aspx', 'Terjadi kesalahan:Thread was being aborted.', 'penyelia1@gmail.com', '2020-03-17 13:47:45'),
	(1038, 'ASP.pages_private_penyelia_rincian_aspx', 'Terjadi kesalahan:Thread was being aborted.', 'penyelia1@gmail.com', '2020-03-17 13:48:58'),
	(1039, 'ASP.pages_private_penyelia_rincian_aspx', 'Terjadi kesalahan:Thread was being aborted.', 'hestiekatantika@gmail.com', '2020-03-17 14:04:20'),
	(1040, 'ASP.pages_private_penyelia_rincian_aspx', 'Terjadi kesalahan:Thread was being aborted.', 'penyelia1@gmail.com', '2020-03-17 14:07:56'),
	(1041, 'ASP.pages_private_penyelia_rincian_aspx', 'Terjadi kesalahan:Thread was being aborted.', 'penyelia1@gmail.com', '2020-03-17 14:08:14'),
	(1042, 'ASP.pages_private_penyelia_rincian_aspx', 'Terjadi kesalahan:Thread was being aborted.', 'iindwisurhati85@gmail.com', '2020-03-17 14:08:18'),
	(1043, 'ASP.pages_private_penyelia_rincian_aspx', 'Terjadi kesalahan:Thread was being aborted.', 'penyelia1@gmail.com', '2020-03-17 14:08:37'),
	(1044, 'ASP.pages_private_penyelia_rincian_aspx', 'Terjadi kesalahan:Thread was being aborted.', 'usman_randika@yahoo.com', '2020-03-17 14:08:55'),
	(1045, 'ASP.pages_private_analis_orderdetail_aspx', 'Terjadi kesalahan:Thread was being aborted.', 'analis1@gmail.com', '2020-03-17 14:09:24'),
	(1046, 'ASP.pages_private_penyelia_rincian_aspx', 'Terjadi kesalahan:Thread was being aborted.', 'penyelia1@gmail.com', '2020-03-17 14:10:00'),
	(1047, 'ASP.pages_private_penyelia_rincian_aspx', 'Terjadi kesalahan:Thread was being aborted.', 'penyelia1@gmail.com', '2020-03-17 14:10:13'),
	(1048, 'ASP.pages_private_penyelia_rincian_aspx', 'Terjadi kesalahan:Thread was being aborted.', 'penyelia1@gmail.com', '2020-03-17 14:10:24'),
	(1049, 'ASP.pages_private_penyelia_rincian_aspx', 'Terjadi kesalahan:Thread was being aborted.', 'penyelia1@gmail.com', '2020-03-17 14:10:34'),
	(1050, 'ASP.pages_private_penyelia_rincian_aspx', 'Terjadi kesalahan:Thread was being aborted.', 'penyelia1@gmail.com', '2020-03-17 14:10:45'),
	(1051, 'ASP.pages_private_penyelia_rincian_aspx', 'Terjadi kesalahan:Thread was being aborted.', 'penyelia1@gmail.com', '2020-03-17 14:10:58'),
	(1052, 'ASP.pages_private_penyelia_rincian_aspx', 'Terjadi kesalahan:Thread was being aborted.', 'penyelia1@gmail.com', '2020-03-17 14:11:09'),
	(1053, 'ASP.pages_private_penyelia_rincian_aspx', 'Terjadi kesalahan:Thread was being aborted.', 'penyelia1@gmail.com', '2020-03-17 14:11:19'),
	(1054, 'ASP.pages_private_analis_orderdetail_aspx', 'Terjadi kesalahan:Thread was being aborted.', 'analis1@gmail.com', '2020-03-17 14:11:54'),
	(1055, 'ASP.pages_private_penyelia_rincian_aspx', 'Terjadi kesalahan:Thread was being aborted.', 'penyelia1@gmail.com', '2020-03-17 14:12:51'),
	(1056, 'ASP.pages_private_evaluator_evaluasihasildetail_aspx', 'Terjadi kesalahan:Thread was being aborted.', 'evaluator1@gmail.com', '2020-03-17 14:15:54'),
	(1057, 'ASP.pages_private_evaluator_evaluasihasildetail_aspx', 'Terjadi kesalahan:Thread was being aborted.', 'evaluator1@gmail.com', '2020-03-17 14:16:56'),
	(1058, 'ASP.pages_private_penyelia_rincian_aspx', 'Terjadi kesalahan:Thread was being aborted.', 'iindwisurhati85@gmail.com', '2020-03-17 14:18:46'),
	(1059, 'ASP.pages_private_penyelia_rincian_aspx', 'Terjadi kesalahan:Thread was being aborted.', 'iindwisurhati85@gmail.com', '2020-03-17 14:20:17'),
	(1060, 'ASP.pages_private_penyelia_rincian_aspx', 'Terjadi kesalahan:Thread was being aborted.', 'iindwisurhati85@gmail.com', '2020-03-17 14:20:25'),
	(1061, 'ASP.pages_private_penyelia_rincian_aspx', 'Terjadi kesalahan:Thread was being aborted.', 'iindwisurhati85@gmail.com', '2020-03-17 14:21:07'),
	(1062, 'ASP.pages_private_penyelia_rincian_aspx', 'Terjadi kesalahan:Thread was being aborted.', 'iindwisurhati85@gmail.com', '2020-03-17 14:21:31'),
	(1063, 'ASP.pages_private_penyelia_rincian_aspx', 'Terjadi kesalahan:Thread was being aborted.', 'iindwisurhati85@gmail.com', '2020-03-17 14:22:34'),
	(1064, 'ASP.pages_private_penyelia_rincian_aspx', 'Terjadi kesalahan:Thread was being aborted.', 'iindwisurhati85@gmail.com', '2020-03-17 14:24:00'),
	(1065, 'ASP.pages_private_penyelia_rincian_aspx', 'Terjadi kesalahan:Thread was being aborted.', 'iindwisurhati85@gmail.com', '2020-03-17 14:24:12'),
	(1066, 'ASP.pages_private_penyelia_rincian_aspx', 'Terjadi kesalahan:Thread was being aborted.', 'iindwisurhati85@gmail.com', '2020-03-17 14:25:47'),
	(1067, 'ASP.pages_private_penyelia_rinciannonbatch_aspx', 'Terjadi kesalahan:Thread was being aborted.', 'tentremtiti42@gmail.com', '2020-03-17 14:26:47'),
	(1068, 'ASP.pages_private_penyelia_rinciannonbatch_aspx', 'Terjadi kesalahan:Thread was being aborted.', 'arifbudiyantobudiyanto@yahoo.co.id', '2020-03-17 14:26:57'),
	(1069, 'ASP.pages_private_penyelia_rincian_aspx', 'Terjadi kesalahan:Thread was being aborted.', 'iindwisurhati85@gmail.com', '2020-03-17 14:27:49'),
	(1070, 'ASP.pages_private_penyelia_rinciannonbatch_aspx', 'Terjadi kesalahan:Thread was being aborted.', 'arifbudiyantobudiyanto@yahoo.co.id', '2020-03-17 14:28:17'),
	(1071, 'ASP.pages_private_penyelia_rinciannonbatch_aspx', 'Terjadi kesalahan:Thread was being aborted.', 'tentremtiti42@gmail.com', '2020-03-17 14:29:11'),
	(1072, 'ASP.pages_private_penyelia_rincian_aspx', 'Terjadi kesalahan:Thread was being aborted.', 'iindwisurhati85@gmail.com', '2020-03-17 14:30:21'),
	(1073, 'ASP.pages_private_penyelia_rinciannonbatch_aspx', 'Terjadi kesalahan:Thread was being aborted.', 'tentremtiti42@gmail.com', '2020-03-17 14:34:52'),
	(1074, 'ASP.pages_private_evaluator_evaluasihasildetail_aspx', 'Terjadi kesalahan:Thread was being aborted.', 'evaluator1@gmail.com', '2020-03-17 14:49:02'),
	(1075, 'ASP.pages_private_penyelia_rinciannonbatch_aspx', 'Terjadi kesalahan:Thread was being aborted.', 'tentremtiti42@gmail.com', '2020-03-17 14:51:49'),
	(1076, 'ASP.pages_private_penyelia_rincian_aspx', 'Terjadi kesalahan:Thread was being aborted.', 'iindwisurhati85@gmail.com', '2020-03-17 14:53:00'),
	(1077, 'ASP.pages_private_penyelia_rincian_aspx', 'Terjadi kesalahan:Thread was being aborted.', 'iindwisurhati85@gmail.com', '2020-03-17 14:53:23'),
	(1078, 'ASP.pages_private_penyelia_rincian_aspx', 'Terjadi kesalahan:Thread was being aborted.', 'iindwisurhati85@gmail.com', '2020-03-17 14:55:14'),
	(1079, 'ASP.pages_private_penyelia_rincian_aspx', 'Terjadi kesalahan:Thread was being aborted.', 'iindwisurhati85@gmail.com', '2020-03-17 14:57:08'),
	(1080, 'ASP.pages_private_penyelia_rincian_aspx', 'Terjadi kesalahan:Thread was being aborted.', 'iindwisurhati85@gmail.com', '2020-03-17 14:57:18'),
	(1081, 'ASP.pages_private_penyelia_rincian_aspx', 'Terjadi kesalahan:Thread was being aborted.', 'iindwisurhati85@gmail.com', '2020-03-17 14:58:02'),
	(1082, 'BalitTanahPelayanan.Helpers.EmailService', 'failed to send email with the following error:The specified string is not in the form required for an e-mail address.', 'anonymous', '2020-03-19 11:00:03'),
	(1083, 'BalitTanahPelayanan.Helpers.EmailService', 'failed to send email with the following error:The SMTP server requires a secure connection or the client was not authenticated. The server response was: 5.7.57 SMTP; Client was not authenticated to send anonymous mail during MAIL FROM [SG2PR06CA0239.apcprd06.prod.outlook.com]', 'anonymous', '2020-03-19 11:03:22'),
	(1084, 'BalitTanahPelayanan.Helpers.EmailService', 'failed to send email with the following error:The SMTP server requires a secure connection or the client was not authenticated. The server response was: 5.7.57 SMTP; Client was not authenticated to send anonymous mail during MAIL FROM [PN1PR0101CA0058.INDPRD01.PROD.OUTLOOK.COM]', 'anonymous', '2020-06-22 14:46:17'),
	(1085, 'ASP.pages_public_forgotpasswordform_aspx', 'Gagal reset password user:Thread was being aborted.', 'anonymous', '2020-06-22 14:47:54'),
	(1086, 'BalitTanahPelayanan.Helpers.SmsService', 'failed to send sms with the following error:Credit anda tidak mencukupi', 'anonymous', '2020-06-22 14:47:55'),
	(1087, 'ASP.pages_public_registerform_aspx', 'fail to register user:The username is already in use.', 'anonymous', '2020-06-22 15:40:12'),
	(1088, 'BalitTanahPelayanan.Helpers.EmailService', 'failed to send email with the following error:The SMTP server requires a secure connection or the client was not authenticated. The server response was: 5.7.57 SMTP; Client was not authenticated to send anonymous mail during MAIL FROM [SG2PR02CA0031.apcprd02.prod.outlook.com]', 'anonymous', '2020-06-24 14:33:37'),
	(1089, 'BalitTanahPelayanan.Helpers.SmsService', 'failed to send sms with the following error:Credit anda tidak mencukupi', 'anonymous', '2020-06-24 14:33:39'),
	(1090, 'BalitTanahPelayanan.Helpers.EmailService', 'failed to send email with the following error:The SMTP server requires a secure connection or the client was not authenticated. The server response was: 5.7.57 SMTP; Client was not authenticated to send anonymous mail during MAIL FROM [SG2PR01CA0116.apcprd01.prod.exchangelabs.com]', 'anonymous', '2020-06-24 15:26:52'),
	(1091, 'BalitTanahPelayanan.Helpers.SmsService', 'failed to send sms with the following error:Credit anda tidak mencukupi', 'anonymous', '2020-06-24 15:26:53'),
	(1092, 'ASP.pages_public_registerform_aspx', 'fail to register user:The username is already in use.', 'anonymous', '2020-07-02 09:51:27'),
	(1093, 'ASP.pages_public_registerform_aspx', 'fail to register user:The username is already in use.', 'anonymous', '2020-07-02 09:51:47'),
	(1094, 'ASP.pages_public_registerform_aspx', 'fail to register user:The username is already in use.', 'anonymous', '2020-07-02 09:52:04'),
	(1095, 'ASP.pages_public_registerform_aspx', 'fail to register user:The username is already in use.', 'anonymous', '2020-07-02 09:52:19'),
	(1096, 'ASP.pages_public_registerform_aspx', 'fail to register user:The username is already in use.', 'anonymous', '2020-07-02 10:02:50'),
	(1097, 'ASP.pages_public_registerform_aspx', 'fail to register user:The username is already in use.', 'anonymous', '2020-07-02 10:03:00'),
	(1098, 'ASP.pages_public_registerform_aspx', 'fail to register user:The username is already in use.', 'anonymous', '2020-07-02 10:05:11'),
	(1099, 'ASP.pages_public_registerform_aspx', 'fail to register user:The username is already in use.', 'anonymous', '2020-07-02 10:05:17'),
	(1100, 'ASP.pages_public_registerform_aspx', 'fail to register user:The username is already in use.', 'anonymous', '2020-07-02 10:05:20'),
	(1101, 'ASP.pages_public_registerform_aspx', 'fail to register user:The username is already in use.', 'anonymous', '2020-07-02 10:06:07'),
	(1102, 'ASP.pages_public_registerform_aspx', 'fail to register user:The username is already in use.', 'anonymous', '2020-07-02 10:07:04'),
	(1103, 'ASP.pages_public_registerform_aspx', 'fail to register user:The username is already in use.', 'anonymous', '2020-07-02 10:07:31'),
	(1104, 'ASP.pages_public_registerform_aspx', 'fail to register user:The username is already in use.', 'anonymous', '2020-07-02 10:07:40'),
	(1105, 'ASP.pages_public_registerform_aspx', 'fail to register user:The username is already in use.', 'anonymous', '2020-07-02 10:09:41'),
	(1106, 'ASP.pages_public_registerform_aspx', 'fail to register user:The username is already in use.', 'anonymous', '2020-07-02 10:16:49'),
	(1107, 'ASP.pages_public_registerform_aspx', 'fail to register user:The username is already in use.', 'anonymous', '2020-07-02 10:16:53'),
	(1108, 'ASP.pages_public_registerform_aspx', 'fail to register user:The username is already in use.', 'anonymous', '2020-07-02 10:17:16'),
	(1109, 'ASP.pages_public_registerform_aspx', 'fail to register user:The username is already in use.', 'anonymous', '2020-07-02 10:17:36'),
	(1110, 'ASP.pages_public_registerform_aspx', 'fail to register user:The username is already in use.', 'anonymous', '2020-07-02 10:18:01'),
	(1111, 'ASP.pages_public_registerform_aspx', 'fail to register user:The username is already in use.', 'anonymous', '2020-07-02 10:18:25'),
	(1112, 'ASP.pages_public_registerform_aspx', 'fail to register user:The username is already in use.', 'anonymous', '2020-07-02 10:20:41'),
	(1113, 'ASP.pages_public_registerform_aspx', 'fail to register user:The username is already in use.', 'anonymous', '2020-07-02 10:20:51'),
	(1114, 'ASP.pages_public_registerform_aspx', 'fail to register user:The username is already in use.', 'anonymous', '2020-07-02 10:20:56'),
	(1115, 'ASP.pages_public_registerform_aspx', 'fail to register user:The username is already in use.', 'anonymous', '2020-07-02 10:25:21'),
	(1116, 'BalitTanahPelayanan.Helpers.EmailService', 'failed to send email with the following error:Failure sending mail.', 'anonymous', '2020-07-02 10:33:28'),
	(1117, 'ASP.pages_public_registerform_aspx', 'fail to register user:User is already in role.', 'anonymous', '2020-07-02 10:53:57'),
	(1118, 'BalitTanahPelayanan.Helpers.SmsService', 'failed to send sms with the following error:Credit anda tidak mencukupi', 'anonymous', '2020-07-02 11:53:41'),
	(1119, 'BalitTanahPelayanan.Helpers.EmailService', 'failed to send email with the following error:The SMTP server requires a secure connection or the client was not authenticated. The server response was: 5.7.57 SMTP; Client was not authenticated to send anonymous mail during MAIL FROM [SG2PR04CA0187.apcprd04.prod.outlook.com]', 'anonymous', '2020-07-02 13:43:27'),
	(1120, 'BalitTanahPelayanan.Helpers.SmsService', 'failed to send sms with the following error:Credit anda tidak mencukupi', 'anonymous', '2020-07-02 13:43:29'),
	(1121, 'BalitTanahPelayanan.Helpers.EmailService', 'failed to send email with the following error:The SMTP server requires a secure connection or the client was not authenticated. The server response was: 5.7.57 SMTP; Client was not authenticated to send anonymous mail during MAIL FROM [SG2PR0302CA0006.apcprd03.prod.outlook.com]', 'anonymous', '2020-07-02 13:57:14'),
	(1122, 'BalitTanahPelayanan.Helpers.EmailService', 'failed to send email with the following error:The SMTP server requires a secure connection or the client was not authenticated. The server response was: 5.7.57 SMTP; Client was not authenticated to send anonymous mail during MAIL FROM [SG2PR06CA0103.apcprd06.prod.outlook.com]', 'anonymous', '2020-07-02 14:06:29'),
	(1123, 'BalitTanahPelayanan.Helpers.EmailService', 'failed to send email with the following error:The SMTP server requires a secure connection or the client was not authenticated. The server response was: 5.7.57 SMTP; Client was not authenticated to send anonymous mail during MAIL FROM [SG2PR04CA0154.apcprd04.prod.outlook.com]', 'anonymous', '2020-07-02 15:00:33'),
	(1124, 'BalitTanahPelayanan.Helpers.EmailService', 'failed to send email with the following error:The SMTP server requires a secure connection or the client was not authenticated. The server response was: 5.7.57 SMTP; Client was not authenticated to send anonymous mail during MAIL FROM [SG2PR02CA0095.apcprd02.prod.outlook.com]', 'anonymous', '2020-07-08 09:33:09'),
	(1125, 'BalitTanahPelayanan.Helpers.EmailService', 'failed to send email with the following error:The SMTP server requires a secure connection or the client was not authenticated. The server response was: 5.7.57 SMTP; Client was not authenticated to send anonymous mail during MAIL FROM [SG2PR01CA0086.apcprd01.prod.exchangelabs.com]', 'anonymous', '2020-07-08 09:38:16'),
	(1126, 'BalitTanahPelayanan.Helpers.EmailService', 'failed to send email with the following error:The SMTP server requires a secure connection or the client was not authenticated. The server response was: 5.7.57 SMTP; Client was not authenticated to send anonymous mail during MAIL FROM [BM1PR01CA0138.INDPRD01.PROD.OUTLOOK.COM]', 'anonymous', '2020-07-08 12:15:39'),
	(1127, 'BalitTanahPelayanan.Helpers.EmailService', 'failed to send email with the following error:The SMTP server requires a secure connection or the client was not authenticated. The server response was: 5.7.57 SMTP; Client was not authenticated to send anonymous mail during MAIL FROM [PN1PR0101CA0041.INDPRD01.PROD.OUTLOOK.COM]', 'anonymous', '2020-07-10 01:02:02'),
	(1128, 'BalitTanahPelayanan.Helpers.EmailService', 'failed to send email with the following error:The SMTP server requires a secure connection or the client was not authenticated. The server response was: 5.7.57 SMTP; Client was not authenticated to send anonymous mail during MAIL FROM [SG2PR06CA0167.apcprd06.prod.outlook.com]', 'anonymous', '2020-07-14 14:27:34'),
	(1129, 'ASP.pages_public_forgotpasswordform_aspx', 'Gagal reset password user:Thread was being aborted.', 'anonymous', '2020-07-14 14:29:20'),
	(1130, 'BalitTanahPelayanan.Helpers.EmailService', 'failed to send email with the following error:The SMTP server requires a secure connection or the client was not authenticated. The server response was: 5.7.57 SMTP; Client was not authenticated to send anonymous mail during MAIL FROM [SG2PR06CA0168.apcprd06.prod.outlook.com]', 'anonymous', '2020-07-14 14:29:24'),
	(1131, 'ASP.pages_public_forgotpasswordform_aspx', 'Gagal reset password user:Thread was being aborted.', 'anonymous', '2020-07-14 14:31:05'),
	(1132, 'BalitTanahPelayanan.Helpers.EmailService', 'failed to send email with the following error:The SMTP server requires a secure connection or the client was not authenticated. The server response was: 5.7.57 SMTP; Client was not authenticated to send anonymous mail during MAIL FROM [BMXPR01CA0065.INDPRD01.PROD.OUTLOOK.COM]', 'anonymous', '2020-07-14 14:34:40'),
	(1133, 'ASP.pages_public_forgotpasswordform_aspx', 'Gagal reset password user:Thread was being aborted.', 'anonymous', '2020-07-14 14:36:20');
/*!40000 ALTER TABLE `logtbl` ENABLE KEYS */;

-- Dumping structure for table smlpob.mysql_membership
DROP TABLE IF EXISTS `mysql_membership`;
CREATE TABLE IF NOT EXISTS `mysql_membership` (
  `PKID` varchar(36) NOT NULL,
  `Username` varchar(255) NOT NULL,
  `ApplicationName` varchar(255) NOT NULL,
  `Email` varchar(128) DEFAULT NULL,
  `Comment` varchar(255) DEFAULT NULL,
  `Password` varchar(128) NOT NULL,
  `PasswordKey` char(32) DEFAULT NULL,
  `PasswordFormat` tinyint(4) DEFAULT NULL,
  `PasswordQuestion` varchar(255) DEFAULT NULL,
  `PasswordAnswer` varchar(255) DEFAULT NULL,
  `IsApproved` tinyint(1) DEFAULT NULL,
  `LastActivityDate` datetime DEFAULT NULL,
  `LastLoginDate` datetime DEFAULT NULL,
  `LastPasswordChangedDate` datetime DEFAULT NULL,
  `CreationDate` datetime DEFAULT NULL,
  `IsOnline` tinyint(1) DEFAULT NULL,
  `IsLockedOut` tinyint(1) DEFAULT NULL,
  `LastLockedOutDate` datetime DEFAULT NULL,
  `FailedPasswordAttemptCount` int(10) unsigned DEFAULT NULL,
  `FailedPasswordAttemptWindowStart` datetime DEFAULT NULL,
  `FailedPasswordAnswerAttemptCount` int(10) unsigned DEFAULT NULL,
  `FailedPasswordAnswerAttemptWindowStart` datetime DEFAULT NULL,
  PRIMARY KEY (`PKID`)
) ENGINE=InnoDB DEFAULT CHARSET=latin1 COMMENT='2';

-- Dumping data for table smlpob.mysql_membership: ~0 rows (approximately)
DELETE FROM `mysql_membership`;
/*!40000 ALTER TABLE `mysql_membership` DISABLE KEYS */;
/*!40000 ALTER TABLE `mysql_membership` ENABLE KEYS */;

-- Dumping structure for table smlpob.my_aspnet_applications
DROP TABLE IF EXISTS `my_aspnet_applications`;
CREATE TABLE IF NOT EXISTS `my_aspnet_applications` (
  `id` int(11) NOT NULL AUTO_INCREMENT,
  `name` varchar(256) DEFAULT NULL,
  `description` varchar(256) DEFAULT NULL,
  PRIMARY KEY (`id`)
) ENGINE=InnoDB AUTO_INCREMENT=2 DEFAULT CHARSET=latin1;

-- Dumping data for table smlpob.my_aspnet_applications: ~0 rows (approximately)
DELETE FROM `my_aspnet_applications`;
/*!40000 ALTER TABLE `my_aspnet_applications` DISABLE KEYS */;
INSERT INTO `my_aspnet_applications` (`id`, `name`, `description`) VALUES
	(1, 'SILPO', 'MySQL default application');
/*!40000 ALTER TABLE `my_aspnet_applications` ENABLE KEYS */;

-- Dumping structure for table smlpob.my_aspnet_membership
DROP TABLE IF EXISTS `my_aspnet_membership`;
CREATE TABLE IF NOT EXISTS `my_aspnet_membership` (
  `userId` int(11) NOT NULL,
  `Email` varchar(128) DEFAULT NULL,
  `Comment` varchar(255) DEFAULT NULL,
  `Password` varchar(128) NOT NULL,
  `PasswordKey` char(32) DEFAULT NULL,
  `PasswordFormat` tinyint(4) DEFAULT NULL,
  `PasswordQuestion` varchar(255) DEFAULT NULL,
  `PasswordAnswer` varchar(255) DEFAULT NULL,
  `IsApproved` tinyint(1) DEFAULT NULL,
  `LastActivityDate` datetime DEFAULT NULL,
  `LastLoginDate` datetime DEFAULT NULL,
  `LastPasswordChangedDate` datetime DEFAULT NULL,
  `CreationDate` datetime DEFAULT NULL,
  `IsLockedOut` tinyint(1) DEFAULT NULL,
  `LastLockedOutDate` datetime DEFAULT NULL,
  `FailedPasswordAttemptCount` int(10) unsigned DEFAULT NULL,
  `FailedPasswordAttemptWindowStart` datetime DEFAULT NULL,
  `FailedPasswordAnswerAttemptCount` int(10) unsigned DEFAULT NULL,
  `FailedPasswordAnswerAttemptWindowStart` datetime DEFAULT NULL,
  PRIMARY KEY (`userId`)
) ENGINE=InnoDB DEFAULT CHARSET=latin1 COMMENT='2';

-- Dumping data for table smlpob.my_aspnet_membership: ~114 rows (approximately)
DELETE FROM `my_aspnet_membership`;
/*!40000 ALTER TABLE `my_aspnet_membership` DISABLE KEYS */;
INSERT INTO `my_aspnet_membership` (`userId`, `Email`, `Comment`, `Password`, `PasswordKey`, `PasswordFormat`, `PasswordQuestion`, `PasswordAnswer`, `IsApproved`, `LastActivityDate`, `LastLoginDate`, `LastPasswordChangedDate`, `CreationDate`, `IsLockedOut`, `LastLockedOutDate`, `FailedPasswordAttemptCount`, `FailedPasswordAttemptWindowStart`, `FailedPasswordAnswerAttemptCount`, `FailedPasswordAnswerAttemptWindowStart`) VALUES
	(41, 'manager1@gmail.com', '', '123qweasd', 'U4PgSeRTQnmUgh4dOEv+tQ==', 0, NULL, NULL, 1, '2020-08-10 07:39:01', '2020-08-10 07:39:01', '2019-09-02 02:58:06', '2019-09-02 02:58:06', 0, '2019-09-02 02:58:06', 2, '2020-06-25 03:25:50', 0, '2019-09-02 02:58:06'),
	(42, 'analis1@gmail.com', '', '123qweasd', '4e+6/+eIubtLztJJa+kfqw==', 0, NULL, NULL, 1, '2020-03-17 07:11:37', '2020-03-17 07:11:37', '2019-09-02 02:59:36', '2019-09-02 02:59:36', 0, '2019-09-02 02:59:36', 2, '2020-01-09 04:17:21', 0, '2019-09-02 02:59:36'),
	(43, 'evaluator1@gmail.com', '', '123qweasd', '3M+yKOmFAZT1Cjhudvn4Vg==', 0, NULL, NULL, 1, '2020-03-17 07:49:18', '2020-03-17 07:49:18', '2019-09-02 03:04:32', '2019-09-02 03:04:32', 0, '2019-09-02 03:04:32', 2, '2019-10-16 09:12:22', 0, '2019-09-02 03:04:32'),
	(44, 'kasir1@gmail.com', '', '123qweasd', 'oFSYm2v6u/2C+f/iRt+w0g==', 0, NULL, NULL, 1, '2020-03-17 05:49:04', '2020-03-17 05:49:04', '2019-09-02 03:06:52', '2019-09-02 03:06:52', 0, '2019-09-02 03:06:52', 2, '2020-02-07 03:04:37', 0, '2019-09-02 03:06:52'),
	(45, 'cs1@gmail.com', '', '123qweasd', 'zDlNVErmrU4twWMK1MVeOw==', 0, NULL, NULL, 1, '2020-07-21 07:15:52', '2020-07-21 07:15:52', '2019-09-02 03:07:53', '2019-09-02 03:07:53', 0, '2019-09-02 03:07:53', 2, '2020-01-06 11:40:28', 0, '2019-09-02 03:07:53'),
	(46, 'penyelia1@gmail.com', '', '123qweasd', 'wVaDj6mGAYA7g35Jw6NONA==', 0, NULL, NULL, 1, '2020-07-21 07:15:58', '2020-07-21 07:15:58', '2019-09-02 03:44:53', '2019-09-02 03:44:53', 0, '2019-09-02 03:44:53', 2, '2020-03-17 04:36:28', 0, '2019-09-02 03:44:53'),
	(63, 'galih.yuani@trilogi.ac.id', '', '123qweasd', 'TnHXnSIN3PvK8FbR0wF3WA==', 0, NULL, NULL, 1, '2020-01-06 12:53:20', '2020-01-06 12:53:20', '2019-11-08 06:26:38', '2019-11-08 06:26:38', 0, '2019-11-08 06:26:38', 0, '2019-11-08 06:26:38', 0, '2019-11-08 06:26:38'),
	(64, 'fitrahrahmawati82@gmail.com', '', 'fitri11', '1k+T53SqyEGqtYJ8IOgacQ==', 0, NULL, NULL, 1, '2019-12-03 13:32:46', '2019-12-03 13:32:46', '2019-12-03 13:32:46', '2019-12-03 13:32:46', 0, '2019-12-03 13:32:46', 0, '2019-12-03 13:32:46', 0, '2019-12-03 13:32:46'),
	(65, 'fitrahrahmawati51@yahoo.com', '', 'fitri11', 'D/mJwl/3PUu7aB5Hq21CLQ==', 0, NULL, NULL, 1, '2019-12-03 13:41:20', '2019-12-03 13:41:20', '2019-12-03 13:41:20', '2019-12-03 13:41:20', 0, '2019-12-03 13:41:20', 0, '2019-12-03 13:41:20', 0, '2019-12-03 13:41:20'),
	(67, 'administrator@pertanian.go.id', '', '123qweasd', 'XEyZvTRS/uEuKwR5Kv5+qg==', 0, NULL, NULL, 1, '2020-03-17 03:35:40', '2020-03-17 03:35:40', '2019-12-10 05:44:55', '2019-12-10 05:44:55', 0, '2020-01-09 00:24:36', 4, '2020-01-28 03:52:38', 0, '2019-12-10 05:44:55'),
	(69, 'erny_yuniarti@yahoo.com', '', '123qweasd', 'SFaTjlNdN4FxocKI7yeDNg==', 0, NULL, NULL, 1, '2020-03-17 07:17:34', '2020-03-17 07:17:34', '2019-12-10 04:36:09', '2019-12-10 04:36:09', 0, '2019-12-10 04:36:09', 4, '2020-03-17 03:07:51', 0, '2019-12-10 04:36:09'),
	(70, 'elsantianti21@gmail.com', '', '123qweasd', 'xNcKdlRBUKkkzcyLzbuFuw==', 0, NULL, NULL, 1, '2020-03-17 07:21:05', '2020-03-17 07:21:05', '2019-12-10 04:43:22', '2019-12-10 04:43:22', 0, '2019-12-10 04:43:22', 0, '2019-12-10 04:43:22', 0, '2019-12-10 04:43:22'),
	(71, 'eepsyaiful64@gmail.com', '', '123qweasd', '3E7uPbrQ00Fpa6hx5gpIHg==', 0, NULL, NULL, 1, '2019-12-10 04:57:59', '2019-12-10 04:57:59', '2019-12-10 04:57:59', '2019-12-10 04:57:59', 0, '2019-12-10 04:57:59', 0, '2019-12-10 04:57:59', 0, '2019-12-10 04:57:59'),
	(72, 'Jjumena17@gmail.com', '', '123qweasd', 'iDAlJr0S7f3+eLgDypS3vw==', 0, NULL, NULL, 1, '2020-03-17 07:18:10', '2020-03-17 07:18:10', '2019-12-10 05:00:36', '2019-12-10 05:00:36', 0, '2019-12-10 05:00:36', 0, '2019-12-10 05:00:36', 0, '2019-12-10 05:00:36'),
	(73, 'aramadh3@gmail.com', '', '123qweasd', '9vUP68TYqqmKMqUCeAzKzg==', 0, NULL, NULL, 1, '2019-12-10 05:01:41', '2019-12-10 05:01:41', '2019-12-10 05:01:41', '2019-12-10 05:01:41', 0, '2019-12-10 05:01:41', 0, '2019-12-10 05:01:41', 0, '2019-12-10 05:01:41'),
	(74, 'ratri.ariani@gmail.com', '', '123qweasd', 'PgFRhxP7irxDpHjV5bbZdQ==', 0, NULL, NULL, 1, '2020-03-17 06:39:03', '2020-03-17 06:39:03', '2019-12-10 05:03:51', '2019-12-10 05:03:51', 0, '2019-12-10 05:03:51', 0, '2019-12-10 05:03:51', 0, '2019-12-10 05:03:51'),
	(75, 'arifbudiyantobudiyanto@yahoo.co.id', '', '123qweasd', 'hTyvU9rKMLuA1oa7QgtsPw==', 0, NULL, NULL, 1, '2020-03-17 07:22:15', '2020-03-17 07:22:15', '2019-12-10 05:31:49', '2019-12-10 05:31:49', 0, '2019-12-10 05:31:49', 0, '2019-12-10 05:31:49', 0, '2019-12-10 05:31:49'),
	(76, 'atinkurdiana@gmail.com', '', '123qweasd', 'wqhVPDND7VM+u5JUH/cD4g==', 0, NULL, NULL, 1, '2019-12-10 05:33:36', '2019-12-10 05:33:36', '2019-12-10 05:33:36', '2019-12-10 05:33:36', 0, '2019-12-10 05:33:36', 0, '2019-12-10 05:33:36', 0, '2019-12-10 05:33:36'),
	(77, 'gatiyogasuripto@gmail.com', '', '123qweasd', 'Ez+iWdKMr2h2pj91SfXQJQ==', 0, NULL, NULL, 1, '2019-12-10 05:34:24', '2019-12-10 05:34:24', '2019-12-10 05:34:24', '2019-12-10 05:34:24', 0, '2019-12-10 05:34:24', 0, '2019-12-10 05:34:24', 0, '2019-12-10 05:34:24'),
	(78, 'musrahman36153@gmail.com', '', '123qweasd', 'pEgR2LaYd6wwYYXLKTcH1Q==', 0, NULL, NULL, 1, '2019-12-10 05:35:40', '2019-12-10 05:35:40', '2019-12-10 05:35:40', '2019-12-10 05:35:40', 0, '2019-12-10 05:35:40', 0, '2019-12-10 05:35:40', 0, '2019-12-10 05:35:40'),
	(79, 'jamaldul4634@gmail.com', '', '123qweasd', '006ZCJWwDqofrKqcdUNbqw==', 0, NULL, NULL, 1, '2019-12-10 05:36:24', '2019-12-10 05:36:24', '2019-12-10 05:36:24', '2019-12-10 05:36:24', 0, '2019-12-10 05:36:24', 0, '2019-12-10 05:36:24', 0, '2019-12-10 05:36:24'),
	(80, 'leanfa.la3ll@gmail.com', '', '123qweasd', 'YDYeyqkGPKhaIEVlBUjEBQ==', 0, NULL, NULL, 1, '2020-03-17 06:54:13', '2020-03-17 06:54:13', '2020-03-17 03:18:24', '2019-12-10 05:37:55', 0, '2019-12-10 05:37:55', 0, '2019-12-10 05:37:55', 0, '2019-12-10 05:37:55'),
	(81, 'firman_geo11@yahoo.co.id', '', '123qweasd', '+n5h7VqV0joIJCgWNAyR+w==', 0, NULL, NULL, 1, '2020-03-17 06:46:47', '2020-03-17 06:46:47', '2019-12-10 05:38:42', '2019-12-10 05:38:42', 0, '2019-12-10 05:38:42', 0, '2019-12-10 05:38:42', 0, '2019-12-10 05:38:42'),
	(84, 'land_nn@yahoo.com', '', '123qweasd', 'xi+3vUEFrsMRnGNvJ0zfxA==', 0, NULL, NULL, 1, '2020-03-17 06:39:48', '2020-03-17 06:39:48', '2019-12-12 13:59:09', '2019-12-12 13:59:09', 0, '2019-12-12 13:59:09', 2, '2020-03-17 06:39:43', 0, '2019-12-12 13:59:09'),
	(86, 'hestiekatantika@gmail.com', '', '123qweasd', 'PeUSokosUTQuGcwptVVdIQ==', 0, NULL, NULL, 1, '2020-03-17 07:03:21', '2020-03-17 07:03:21', '2019-12-12 14:02:17', '2019-12-12 14:02:17', 0, '2019-12-12 14:02:17', 0, '2019-12-12 14:02:17', 0, '2019-12-12 14:02:17'),
	(87, 'pujiningrum@gmail.com', '', '123qweasd', 'kZQgbofPkS96SvllRFdHYQ==', 0, NULL, NULL, 1, '2020-03-17 06:50:01', '2020-03-17 06:50:01', '2019-12-12 14:03:42', '2019-12-12 14:03:42', 0, '2019-12-12 14:03:42', 0, '2019-12-12 14:03:42', 0, '2019-12-12 14:03:42'),
	(88, 'iindwisurhati85@gmail.com', '', '123qweasd', '2Z9es0cSsugGyvQ+cEUMyg==', 0, NULL, NULL, 1, '2020-03-17 07:52:29', '2020-03-17 07:52:29', '2019-12-12 14:04:54', '2019-12-12 14:04:54', 0, '2019-12-12 14:04:54', 0, '2019-12-12 14:04:54', 0, '2019-12-12 14:04:54'),
	(89, 'usman_randika@yahoo.com', '', '123qweasd', 'fs1enjT+cqGRvJ5NWNjhCg==', 0, NULL, NULL, 1, '2020-03-17 07:49:50', '2020-03-17 07:49:50', '2019-12-12 14:07:24', '2019-12-12 14:07:24', 0, '2019-12-12 14:07:24', 0, '2019-12-12 14:07:24', 0, '2019-12-12 14:07:24'),
	(90, 'margi.hastuti@gmail.com', '', '123qweasd', 'Z6i56rjBJ7J7TAelaw8yoA==', 0, NULL, NULL, 1, '2020-03-17 07:54:25', '2020-03-17 07:54:25', '2019-12-12 14:10:18', '2019-12-12 14:10:18', 0, '2019-12-12 14:10:18', 0, '2019-12-12 14:10:18', 0, '2019-12-12 14:10:18'),
	(91, 'ekaindrasetiaman2425@gmail.com', '', '123qweasd', 'D+22wKVXiPVscL7v0cAB0A==', 0, NULL, NULL, 1, '2020-03-17 05:05:58', '2020-03-17 05:05:58', '2019-12-12 14:23:45', '2019-12-12 14:23:45', 0, '2019-12-12 14:23:45', 0, '2019-12-12 14:23:45', 0, '2019-12-12 14:23:45'),
	(92, 'fajarachmad.2009@gmail.com', '', '123qweasd', 'cstMUUn3mddLjbiL1Iv1Aw==', 0, NULL, NULL, 1, '2019-12-12 14:27:19', '2019-12-12 14:27:19', '2019-12-12 14:27:19', '2019-12-12 14:27:19', 0, '2019-12-12 14:27:19', 0, '2019-12-12 14:27:19', 0, '2019-12-12 14:27:19'),
	(93, 'analis_iindwisurhati85@gmail.com', '', '123qweasd', 'VNrcZdxfgnV4JXZZLvqR6A==', 0, NULL, NULL, 1, '2020-03-17 06:51:23', '2020-03-17 06:51:23', '2019-12-12 14:32:38', '2019-12-12 14:32:38', 0, '2019-12-12 14:32:38', 0, '2019-12-12 14:32:38', 0, '2019-12-12 14:32:38'),
	(94, 'awp1146@gmail.com', '', '123qweasd', '/VNwTttrDn2SS4m/GZoABw==', 0, NULL, NULL, 1, '2019-12-12 14:45:45', '2019-12-12 14:45:45', '2019-12-12 14:45:45', '2019-12-12 14:45:45', 0, '2019-12-12 14:45:45', 0, '2019-12-12 14:45:45', 0, '2019-12-12 14:45:45'),
	(95, 'yadialamtirta@gmail.com', '', '123qweasd', 'H7g2XbDOcy5cbx3etH8ZiQ==', 0, NULL, NULL, 1, '2019-12-12 14:52:37', '2019-12-12 14:52:37', '2019-12-12 14:52:37', '2019-12-12 14:52:37', 0, '2019-12-12 14:52:37', 0, '2019-12-12 14:52:37', 0, '2019-12-12 14:52:37'),
	(96, 'audilanandisya@gmail.com', '', '123qweasd', 'sQ7Uoj3NTJyGg595Vac9uQ==', 0, NULL, NULL, 1, '2019-12-12 15:07:23', '2019-12-12 15:07:23', '2019-12-12 15:07:23', '2019-12-12 15:07:23', 0, '2019-12-12 15:07:23', 0, '2019-12-12 15:07:23', 0, '2019-12-12 15:07:23'),
	(97, 'analis_pujiningrum@gmail.com', '', '123qweasd', 'ixxWu4voAMtyOc2U+AOvDg==', 0, NULL, NULL, 1, '2020-03-17 05:03:02', '2020-03-17 05:03:02', '2019-12-12 15:34:34', '2019-12-12 15:34:34', 0, '2019-12-12 15:34:34', 0, '2019-12-12 15:34:34', 0, '2019-12-12 15:34:34'),
	(98, 'zulfikarp24@gmail.com', '', '123qweasd', 's285n7KJDd98OH70DRbxkw==', 0, NULL, NULL, 1, '2020-03-17 06:51:13', '2020-03-17 06:51:13', '2019-12-12 15:35:38', '2019-12-12 15:35:38', 0, '2019-12-12 15:35:38', 2, '2020-01-13 07:57:26', 0, '2019-12-12 15:35:38'),
	(100, 'firnas.muldiansyah@gmail.com', '', '123qweasd', 'JrdK+xcpwyF9KWCleSI0Cg==', 0, NULL, NULL, 1, '2019-12-12 15:36:45', '2019-12-12 15:36:45', '2019-12-12 15:36:45', '2019-12-12 15:36:45', 0, '2019-12-12 15:36:45', 0, '2019-12-12 15:36:45', 0, '2019-12-12 15:36:45'),
	(101, 'marisyakurniasari@gmail.com', '', '123qweasd', 'MvO8BJg0IjFGSwn4wIRZFQ==', 0, NULL, NULL, 1, '2019-12-12 15:37:39', '2019-12-12 15:37:39', '2019-12-12 15:37:39', '2019-12-12 15:37:39', 0, '2019-12-12 15:37:39', 0, '2019-12-12 15:37:39', 0, '2019-12-12 15:37:39'),
	(102, 'debbynuksm@gmail.com', '', '123qweasd', 'k4qLGcl/pV82o47KnULuAg==', 0, NULL, NULL, 1, '2019-12-12 15:38:21', '2019-12-12 15:38:21', '2019-12-12 15:38:21', '2019-12-12 15:38:21', 0, '2019-12-12 15:38:21', 0, '2019-12-12 15:38:21', 0, '2019-12-12 15:38:21'),
	(103, 'sunarya.sr@gmail.com', '', '123qweasd', 'P/D0iGzCAF7ZW88vDXm15Q==', 0, NULL, NULL, 1, '2019-12-12 15:39:23', '2019-12-12 15:39:23', '2019-12-12 15:39:23', '2019-12-12 15:39:23', 0, '2019-12-12 15:39:23', 0, '2019-12-12 15:39:23', 0, '2019-12-12 15:39:23'),
	(104, 'ramafadli20@gmail.com', '', '123qweasd', 'l9Wvs8jbzajmALLDM+6dig==', 0, NULL, NULL, 1, '2019-12-12 15:42:33', '2019-12-12 15:42:33', '2019-12-12 15:42:33', '2019-12-12 15:42:33', 0, '2019-12-12 15:42:33', 0, '2019-12-12 15:42:33', 0, '2019-12-12 15:42:33'),
	(105, 'rini.prihatini.rp@gmail.com', '', '123qweasd', '6xpO57g8CHhc2l2HGFDK6w==', 0, NULL, NULL, 1, '2019-12-12 15:43:52', '2019-12-12 15:43:52', '2019-12-12 15:43:52', '2019-12-12 15:43:52', 0, '2019-12-12 15:43:52', 0, '2019-12-12 15:43:52', 0, '2019-12-12 15:43:52'),
	(107, 'anggrainirenyta@gmail.com', '', '123qweasd', 'eAstkjv8ghxThT9tu1ah3A==', 0, NULL, NULL, 1, '2020-03-17 06:45:00', '2020-03-17 06:45:00', '2019-12-12 15:44:35', '2019-12-12 15:44:35', 0, '2019-12-12 15:44:35', 0, '2019-12-12 15:44:35', 0, '2019-12-12 15:44:35'),
	(109, 'novie.ekaps@gmail.com', '', '123qweasd', 'v7IIU0HL7u23NdbNZUhnig==', 0, NULL, NULL, 1, '2019-12-12 16:08:26', '2019-12-12 16:08:26', '2019-12-12 16:08:26', '2019-12-12 16:08:26', 0, '2019-12-12 16:08:26', 0, '2019-12-12 16:08:26', 0, '2019-12-12 16:08:26'),
	(110, 'marig.hastuti@gmail.com', '', '123qweasd', 'FhHBrWbJIzT3k85EsLmRuw==', 0, NULL, NULL, 1, '2019-12-12 16:09:29', '2019-12-12 16:09:29', '2019-12-12 16:09:29', '2019-12-12 16:09:29', 0, '2019-12-12 16:09:29', 0, '2019-12-12 16:09:29', 0, '2019-12-12 16:09:29'),
	(111, 'ikhwan.labkim@gmail.com', '', '123qweasd', 'sz0R60hsg1Mrn0+abfCLqw==', 0, NULL, NULL, 1, '2020-01-31 03:42:14', '2020-01-31 03:42:14', '2019-12-12 16:12:55', '2019-12-12 16:12:55', 0, '2019-12-12 16:12:55', 4, '2020-01-09 04:26:03', 0, '2019-12-12 16:12:55'),
	(112, 'roni.labkim@gmail.com', '', '123qweasd', 'cfDMatiN9HLrf+zVc9AbVg==', 0, NULL, NULL, 1, '2019-12-12 16:13:46', '2019-12-12 16:13:46', '2019-12-12 16:13:46', '2019-12-12 16:13:46', 0, '2019-12-12 16:13:46', 0, '2019-12-12 16:13:46', 0, '2019-12-12 16:13:46'),
	(113, 'prayudi.labkim@gmail.com', '', '123qweasd', '8afViTL+XlOvQt3ueVG2Gw==', 0, NULL, NULL, 1, '2019-12-12 16:15:24', '2019-12-12 16:15:24', '2019-12-12 16:15:24', '2019-12-12 16:15:24', 0, '2019-12-12 16:15:24', 0, '2019-12-12 16:15:24', 0, '2019-12-12 16:15:24'),
	(117, 'midahpratama@gmail.com', '', '123qweasd', 'gum96MR9AT9D3lje2ds0dw==', 0, NULL, NULL, 1, '2020-06-25 01:16:33', '2020-06-25 01:16:33', '2019-12-12 16:30:35', '2019-12-12 16:30:35', 0, '2019-12-12 16:30:35', 0, '2019-12-12 16:30:35', 0, '2019-12-12 16:30:35'),
	(118, 'didik.suristyo@gmail.com', '', '123qweasd', 'CJSZYJ2S4BTEV9qHeD5L6A==', 0, NULL, NULL, 1, '2020-07-07 01:09:57', '2020-07-07 01:09:57', '2019-12-12 16:36:35', '2019-12-12 16:36:35', 0, '2019-12-12 16:36:35', 0, '2019-12-12 16:36:35', 0, '2019-12-12 16:36:35'),
	(119, 'ikamurdikas@gmail.com', '', '123qweasd', 'HtpafzHD7tsPfyaJxHED4g==', 0, NULL, NULL, 1, '2020-07-23 02:30:02', '2020-07-23 02:30:02', '2019-12-12 16:38:27', '2019-12-12 16:38:27', 0, '2019-12-12 16:38:27', 0, '2019-12-12 16:38:27', 0, '2019-12-12 16:38:27'),
	(122, 'auliarisma102@gmail.com', '', '123qweasd', 'ZDR0JCUcj6VFPXKA0dUe7w==', 0, NULL, NULL, 1, '2020-06-18 01:43:50', '2020-06-18 01:43:50', '2019-12-12 16:42:00', '2019-12-12 16:42:00', 0, '2019-12-12 16:42:00', 0, '2019-12-12 16:42:00', 0, '2019-12-12 16:42:00'),
	(123, 'idede1465@gmail.com', '', '123qweasd', 'fTQahl1iV089rNdR6P+Z5g==', 0, NULL, NULL, 1, '2019-12-12 16:45:55', '2019-12-12 16:45:55', '2019-12-12 16:45:55', '2019-12-12 16:45:55', 0, '2019-12-12 16:45:55', 0, '2019-12-12 16:45:55', 0, '2019-12-12 16:45:55'),
	(125, 'dedisu931@gmail.com', '', '123qweasd', 'OudfgwMzzolcZxnAPWyu8w==', 0, NULL, NULL, 1, '2019-12-12 16:47:38', '2019-12-12 16:47:38', '2019-12-12 16:47:38', '2019-12-12 16:47:38', 0, '2019-12-12 16:47:38', 0, '2019-12-12 16:47:38', 0, '2019-12-12 16:47:38'),
	(126, 'supriadiadi320@gmail.com', '', '123qweasd', 'bpqQDjkaMhATUwMHi0vR+g==', 0, NULL, NULL, 1, '2019-12-12 16:49:31', '2019-12-12 16:49:31', '2019-12-12 16:49:31', '2019-12-12 16:49:31', 0, '2019-12-12 16:49:31', 0, '2019-12-12 16:49:31', 0, '2019-12-12 16:49:31'),
	(127, 'andiandi666666666@gmail.com', '', '123qweasd', 'dO0gAuhh4DvmUXbI25L+Fg==', 0, NULL, NULL, 1, '2019-12-12 16:51:32', '2019-12-12 16:51:32', '2019-12-12 16:51:32', '2019-12-12 16:51:32', 0, '2019-12-12 16:51:32', 0, '2019-12-12 16:51:32', 0, '2019-12-12 16:51:32'),
	(130, 'scarletwitchd28@gmail.com', '', 'uhuyahud', 'kPY/WRr/4dTfDK4sNBxQQw==', 0, NULL, NULL, 1, '2019-12-16 09:08:07', '2019-12-16 09:06:49', '2019-12-12 12:54:54', '2019-12-12 12:54:54', 0, '2019-12-12 12:54:54', 2, '2019-12-13 15:48:14', 0, '2019-12-12 12:54:54'),
	(132, 'haisany@outlook.com', '', 'uhuyahud', 'ecTCUk/YouWDnwTHwEy/FA==', 0, NULL, NULL, 1, '2020-01-02 06:28:05', '2020-01-02 06:28:05', '2019-12-13 02:34:49', '2019-12-13 02:34:49', 0, '2019-12-13 02:34:49', 0, '2019-12-13 02:34:49', 0, '2019-12-13 02:34:49'),
	(133, 'kustomer1@outlook.co.id', '', '123qweasd', 'SWvtojld4Mdn+gAjAhoGzQ==', 0, NULL, NULL, 1, '2020-03-17 04:50:37', '2020-03-17 04:50:37', '2019-12-13 10:04:13', '2019-12-13 10:04:13', 0, '2019-12-13 10:04:55', 2, '2020-06-25 03:43:40', 0, '2019-12-13 10:04:13'),
	(134, 'markusandas@yahoo.com', '', '123qweasd', 'ZFWVO8CopUqTsqtSra/hQg==', 0, NULL, NULL, 1, '2020-03-17 07:42:43', '2020-03-17 07:42:43', '2019-12-13 04:27:31', '2019-12-13 04:27:31', 0, '2019-12-13 04:27:31', 0, '2019-12-13 04:27:31', 0, '2019-12-13 04:27:31'),
	(135, 'tentremtiti42@gmail.com', '', '123qweasd', '7Ab1reD4EYaR3afqb6HJEg==', 0, NULL, NULL, 1, '2020-03-17 07:40:36', '2020-03-17 07:40:36', '2019-12-13 04:32:34', '2019-12-13 04:32:34', 0, '2019-12-13 04:32:34', 0, '2019-12-13 04:32:34', 0, '2019-12-13 04:32:34'),
	(136, 'yacehidayat@pertanian.go.id', '', '123qweasd', 'Hju2h+URbk5i3Xx1fVdhCg==', 0, NULL, NULL, 1, '2019-12-13 04:34:13', '2019-12-13 04:34:13', '2019-12-13 04:34:13', '2019-12-13 04:34:13', 0, '2019-12-13 04:34:13', 0, '2019-12-13 04:34:13', 0, '2019-12-13 04:34:13'),
	(137, 'antoniusfrasisco@pertanian.go.id', '', '123qweasd', 'xGeCSDu5hkk1ey18Maqqtw==', 0, NULL, NULL, 1, '2020-03-17 07:27:21', '2020-03-17 07:27:21', '2019-12-13 04:36:15', '2019-12-13 04:36:15', 0, '2019-12-13 04:36:15', 0, '2019-12-13 04:36:15', 0, '2019-12-13 04:36:15'),
	(138, 'a.abubakar@pertanian.go.id', '', '123qweasd', 'II6yW6mJM66pA2+w/ZYbvQ==', 0, NULL, NULL, 1, '2019-12-13 04:37:02', '2019-12-13 04:37:02', '2019-12-13 04:37:02', '2019-12-13 04:37:02', 0, '2019-12-13 04:37:02', 0, '2019-12-13 04:37:02', 0, '2019-12-13 04:37:02'),
	(139, 'sukristyohastono@yahoo.co.uk', '', 'dick1965', 'QRr9yhQukE1aBZIAdaOXqA==', 0, NULL, NULL, 1, '2019-12-16 07:00:05', '2019-12-16 07:00:05', '2019-12-16 06:58:41', '2019-12-16 06:58:41', 0, '2019-12-16 06:58:41', 0, '2019-12-16 06:58:41', 0, '2019-12-16 06:58:41'),
	(140, 'umara234@gmail.com', '', '123qweasd', '3Odron/fz7N0j/2P8vw3Xw==', 0, NULL, NULL, 1, '2019-12-16 06:58:53', '2019-12-16 06:58:53', '2019-12-16 06:58:53', '2019-12-16 06:58:53', 0, '2019-12-16 06:58:53', 0, '2019-12-16 06:58:53', 0, '2019-12-16 06:58:53'),
	(141, 'januartharamadhan@yahoo.com', '', '123qweasd', 'Yax4091GSpzz0Gfn3rzL/w==', 0, NULL, NULL, 1, '2019-12-16 07:09:53', '2019-12-16 07:09:53', '2019-12-16 07:09:53', '2019-12-16 07:09:53', 0, '2019-12-16 07:09:53', 0, '2019-12-16 07:09:53', 0, '2019-12-16 07:09:53'),
	(142, 'husnainuut@yahoo.com', '', '123qweasd', 'AWVZhyoJiNCID+3ZZrqHPQ==', 0, NULL, NULL, 1, '2020-01-14 09:21:05', '2020-01-14 09:21:05', '2019-12-19 02:36:14', '2019-12-19 02:36:14', 0, '2019-12-19 02:36:38', 0, '2019-12-19 02:36:14', 0, '2019-12-19 02:36:14'),
	(155, 'midahpratama15@gmail.com', '', 'jubaedah76', 'fRBRRka+KVF4ww7gRApvDw==', 0, NULL, NULL, 1, '2020-01-06 07:59:57', '2020-01-06 07:59:57', '2020-01-06 07:59:57', '2020-01-06 07:59:57', 0, '2020-01-08 09:27:00', 0, '2020-01-06 07:59:57', 0, '2020-01-06 07:59:57'),
	(157, 'ayu.greenlife@gmail.com', '', 'glbciawi', 'QLu3ppGY/ksg3NCmsKH9YQ==', 0, NULL, NULL, 1, '2020-01-27 02:03:32', '2020-01-27 01:21:21', '2020-01-08 01:08:13', '2020-01-08 01:08:13', 0, '2020-01-08 02:25:30', 0, '2020-01-08 01:08:13', 0, '2020-01-08 01:08:13'),
	(158, 'adisty0213@gmail.com', '', 'adisty1302', 'Hmqz+hR7D6EPCYUWBRQpRw==', 0, NULL, NULL, 1, '2020-01-08 03:05:21', '2020-01-08 03:05:21', '2020-01-08 03:05:21', '2020-01-08 03:05:21', 0, '2020-01-08 03:05:21', 0, '2020-01-08 03:05:21', 0, '2020-01-08 03:05:21'),
	(176, 'silpo.pertanian@outlook.co.id', '', '123qweasd', 'Ya/x8w9i4aXp94fFlh6Vmg==', 0, NULL, NULL, 1, '2020-06-24 07:44:04', '2020-06-24 07:44:04', '2020-01-09 00:07:17', '2020-01-09 00:07:17', 0, '2020-01-09 00:07:17', 2, '2020-06-24 07:43:57', 0, '2020-01-09 00:07:17'),
	(183, 'mochiskandar201166@gmail.com', '', '123', 'oeQi8R8r+Dyl966CabUjww==', 0, NULL, NULL, 1, '2020-01-09 00:58:37', '2020-01-09 00:58:37', '2020-01-09 00:58:37', '2020-01-09 00:58:37', 0, '2020-01-09 01:05:28', 0, '2020-01-09 00:58:37', 0, '2020-01-09 00:58:37'),
	(192, 'didik.sukristyo@gmail.com', '', '1965', '5on9rgAdnKu0CD/hbkHaqA==', 0, NULL, NULL, 1, '2020-01-09 04:01:00', '2020-01-09 04:01:00', '2020-01-09 03:59:27', '2020-01-09 03:59:27', 0, '2020-01-09 03:59:27', 2, '2020-01-21 02:45:22', 0, '2020-01-09 03:59:27'),
	(193, 'Wanfokal81@gmail.com', '', 'cimanggu', 'Y15hA8nfvYk6crR1BQX2wg==', 0, NULL, NULL, 1, '2020-01-09 04:11:34', '2020-01-09 04:11:34', '2020-01-09 04:10:06', '2020-01-09 04:10:06', 0, '2020-01-09 04:10:06', 4, '2020-01-09 06:48:58', 0, '2020-01-09 04:10:06'),
	(194, 'geanina.adelia@gmail.com', '', 'rAHASIA21', 'ypCScz1VQcQDHqewrDBlyQ==', 0, NULL, NULL, 1, '2020-01-09 06:44:01', '2020-01-09 06:44:01', '2020-01-09 06:44:01', '2020-01-09 06:44:01', 1, '2020-01-09 07:11:21', 9, '2020-01-09 07:05:26', 0, '2020-01-09 06:44:01'),
	(195, 'gintravers10@gmail.com', '', 'Rahasia21', 'XtEE/zxH6L8jUF0GvuLInA==', 0, NULL, NULL, 1, '2020-01-09 07:30:40', '2020-01-09 07:18:44', '2020-01-09 07:16:10', '2020-01-09 07:16:10', 0, '2020-01-09 07:18:32', 0, '2020-01-09 07:16:10', 0, '2020-01-09 07:16:10'),
	(196, 'januarthacrowzer@gmail.com', '', '123qweasd', 'XL1iQDe+QawS0DsaGC14qg==', 0, NULL, NULL, 1, '2020-01-10 10:50:50', '2020-01-10 10:50:50', '2020-01-10 10:50:50', '2020-01-10 10:50:50', 0, '2020-01-10 10:50:50', 0, '2020-01-10 10:50:50', 0, '2020-01-10 10:50:50'),
	(197, 'silpo.board.fisika@outlook.com', '', '123qweasd', '4lLfK/q+aY1TNBZzWHeslg==', 0, NULL, NULL, 1, '2020-01-17 03:52:47', '2020-01-17 03:52:47', '2020-01-11 20:47:56', '2020-01-11 20:47:56', 0, '2020-01-11 20:47:56', 2, '2020-01-11 20:50:04', 0, '2020-01-11 20:47:56'),
	(198, 'silpo.board.kimia@outlook.com', '', '123qweasd', 'wkPHjEno7HTA9ZWeBEanWw==', 0, NULL, NULL, 1, '2020-03-17 03:51:48', '2020-03-17 03:51:47', '2020-01-11 20:47:58', '2020-01-11 20:47:58', 0, '2020-01-11 20:47:58', 2, '2020-02-25 02:22:39', 0, '2020-01-11 20:47:58'),
	(199, 'silpo.board.biologi@outlook.com', '', '123qweasd', '4i3tHMvPZA/wMVX5Agqgkg==', 0, NULL, NULL, 1, '2020-01-17 03:18:18', '2020-01-17 03:18:04', '2020-01-11 20:48:02', '2020-01-11 20:48:02', 0, '2020-01-11 20:48:02', 0, '2020-01-11 20:48:02', 0, '2020-01-11 20:48:02'),
	(200, 'silpo.board.mineral@outlook.com', '', '123qweasd', 'bex2ScJL8GMPpNdIiLBx5Q==', 0, NULL, NULL, 1, '2020-01-17 04:13:26', '2020-01-17 04:13:26', '2020-01-11 20:48:03', '2020-01-11 20:48:03', 0, '2020-01-11 20:48:03', 0, '2020-01-11 20:48:03', 0, '2020-01-11 20:48:03'),
	(201, 'silpo.board.test@outlook.com', '', '123qweasd', 'XMecmlN2FCvOvYXtz+KEnQ==', 0, NULL, NULL, 1, '2020-01-13 10:59:55', '2020-01-13 10:59:55', '2020-01-13 10:56:25', '2020-01-13 10:56:25', 0, '2020-01-13 10:56:25', 0, '2020-01-13 10:56:25', 0, '2020-01-13 10:56:25'),
	(209, 'galihyprtm@gmail.com', '', '123qweasd', 'WZR9ninfTsiPoBJ3hXTuug==', 0, NULL, NULL, 1, '2020-03-17 05:48:52', '2020-03-17 05:14:31', '2020-01-23 13:02:11', '2020-01-23 13:02:11', 0, '2020-01-23 06:12:39', 2, '2020-02-14 16:03:54', 0, '2020-01-23 13:02:11'),
	(210, 'mifmasterz@yahoo.com', '', '123qweasd', 'FC5rAWdPnKIUMvI/6+wc+Q==', 0, NULL, NULL, 1, '2020-03-17 05:06:40', '2020-03-17 05:04:56', '2020-01-28 03:55:08', '2020-01-28 03:55:08', 0, '2020-01-28 03:55:36', 0, '2020-01-28 03:55:08', 0, '2020-01-28 03:55:08'),
	(211, 'purnomo0204@gmail.com', '', 'srikandi', '7jgTt16eJI1QwqT1T2eYwA==', 0, NULL, NULL, 1, '2020-01-29 04:15:07', '2020-01-29 04:15:07', '2020-01-29 04:14:07', '2020-01-29 04:14:07', 0, '2020-01-29 04:14:07', 0, '2020-01-29 04:14:07', 0, '2020-01-29 04:14:07'),
	(212, 'nay2706@gmail.com', '', 'yunita', 'PXoj1bjDXrRw/SVnAbou6w==', 0, NULL, NULL, 1, '2020-01-30 00:45:35', '2020-01-30 00:45:35', '2020-01-30 00:44:30', '2020-01-30 00:44:30', 0, '2020-01-30 01:45:39', 0, '2020-01-30 00:44:30', 0, '2020-01-30 00:44:30'),
	(213, 'ijangisyapudin@gmail.com', '', '1234', 'kRC6XH45xNJ+mHGJOfUt/w==', 0, NULL, NULL, 1, '2020-01-31 01:14:19', '2020-01-31 01:14:19', '2020-01-31 01:13:09', '2020-01-31 01:13:09', 0, '2020-01-31 01:13:09', 0, '2020-01-31 01:13:09', 0, '2020-01-31 01:13:09'),
	(214, 'pt.inovasi.natural.bio.organik@gmail.com', '', '081318608677_xX', 'DU6ZsiPqRyG3KwdBr8qzIA==', 0, NULL, NULL, 1, '2020-07-23 09:47:54', '2020-07-23 09:46:59', '2020-01-31 02:58:17', '2020-01-31 02:58:17', 0, '2020-07-23 09:46:16', 4, '2020-01-31 03:07:45', 0, '2020-01-31 02:58:17'),
	(215, 'budhiallen@gmail.com', '', 'atsinti9698', 'JOYC+heriK9NbLA5HbObTQ==', 0, NULL, NULL, 1, '2020-01-31 07:46:06', '2020-01-31 07:30:06', '2020-01-31 07:27:37', '2020-01-31 07:27:37', 0, '2020-01-31 07:29:01', 0, '2020-01-31 07:27:37', 0, '2020-01-31 07:27:37'),
	(216, 'Zuhriansyahsiregar@gmail.com', '', 'Zuhriansyah97', 'm29NyZdoCAqTglDTirV2kA==', 0, NULL, NULL, 1, '2020-02-06 07:53:11', '2020-02-06 07:46:39', '2020-02-06 07:43:34', '2020-02-06 07:43:34', 0, '2020-02-06 07:45:30', 2, '2020-02-06 07:45:11', 0, '2020-02-06 07:43:34'),
	(217, 'pipihnur@gmail.com', '', 'nur1234', 'wdQEcrOQMi8HjMDP8VgAig==', 0, NULL, NULL, 1, '2020-02-07 01:55:31', '2020-02-07 01:55:31', '2020-02-07 01:49:55', '2020-02-07 01:49:55', 0, '2020-02-07 02:14:57', 0, '2020-02-07 01:49:55', 0, '2020-02-07 01:49:55'),
	(218, 'distyismi0213@gmail.com', '', 'adis13', '6chK1V5sCC0TbrvNIL96pw==', 0, NULL, NULL, 1, '2020-02-07 02:14:14', '2020-02-07 02:14:14', '2020-02-07 02:12:49', '2020-02-07 02:12:49', 0, '2020-02-07 02:13:57', 0, '2020-02-07 02:12:49', 0, '2020-02-07 02:12:49'),
	(219, 'asmarhansyah@gmail.com', '', 'peljas1', '/+8MMibcGu4FUiL69vuxWA==', 0, NULL, NULL, 1, '2020-02-07 09:12:19', '2020-02-07 09:12:19', '2020-02-07 04:29:28', '2020-02-07 04:29:28', 0, '2020-02-07 09:11:58', 0, '2020-02-07 04:29:28', 0, '2020-02-07 04:29:28'),
	(220, 'llaborattoriiummiikrobiollogii@gmail.com', '', '17091996', '+QnW96ybz9vieQ3NlTmyJQ==', 0, NULL, NULL, 1, '2020-02-10 01:55:52', '2020-02-10 01:51:16', '2020-02-10 01:42:24', '2020-02-10 01:42:24', 0, '2020-02-10 01:50:30', 0, '2020-02-10 01:42:24', 0, '2020-02-10 01:42:24'),
	(221, 'andysaryoko@pertanian.go.id', '', 'Soundgear1', '/N3Af5w00vPFuwEm/cDgvg==', 0, NULL, NULL, 1, '2020-02-10 06:36:19', '2020-02-10 06:36:19', '2020-02-10 06:35:40', '2020-02-10 06:35:40', 0, '2020-02-10 06:35:40', 0, '2020-02-10 06:35:40', 0, '2020-02-10 06:35:40'),
	(222, 'andysaryoko@yahoo.com', '', 'Soundgear1', 'D8SOtR4C1y3ViMKE5XQUGA==', 0, NULL, NULL, 1, '2020-02-10 06:50:18', '2020-02-10 06:45:13', '2020-02-10 06:41:43', '2020-02-10 06:41:43', 0, '2020-02-10 06:44:12', 2, '2020-02-10 06:43:59', 0, '2020-02-10 06:41:43'),
	(223, 'biotakemi.id@gmail.com', '', 'takemi234', 'KkpP8CR/G6ASG+f96nQF/Q==', 0, NULL, NULL, 1, '2020-02-10 08:11:05', '2020-02-10 07:59:20', '2020-02-10 07:57:24', '2020-02-10 07:57:24', 0, '2020-02-10 07:58:25', 0, '2020-02-10 07:57:24', 0, '2020-02-10 07:57:24'),
	(224, 'rofiqsugrawidjaya@gmail.com', '', 'PM#&6J1C', 'i7pxBYyfIq/qbE2rON/7og==', 0, NULL, NULL, 1, '2020-02-11 05:14:33', '2020-02-11 05:14:33', '2020-06-22 07:46:03', '2020-02-11 05:13:11', 0, '2020-06-24 06:31:34', 2, '2020-06-25 09:30:15', 0, '2020-02-11 05:13:11'),
	(225, 'prasetyadhanny94@gmail.com', '', 'Dhany1994', '8uWLNrgDrKO/id0+fywuEw==', 0, NULL, NULL, 1, '2020-02-18 04:23:36', '2020-02-18 04:23:36', '2020-02-12 08:30:58', '2020-02-12 08:30:58', 0, '2020-02-18 07:24:52', 0, '2020-02-12 08:30:58', 0, '2020-02-12 08:30:58'),
	(226, 'pambudisidiq@gmail.com', '', 'AKB48senang', 'Gpjw4DV6KU4Bs2yjNlOlCQ==', 0, NULL, NULL, 1, '2020-02-14 03:35:38', '2020-02-14 03:35:38', '2020-02-14 03:14:36', '2020-02-14 03:14:36', 0, '2020-02-14 03:16:56', 4, '2020-02-14 03:17:10', 0, '2020-02-14 03:14:36'),
	(227, 'ginanjar.rendy@gmail.com', '', 'ginanjar12', 'bOtQFT0gkZ8MTRHp6sq2uQ==', 0, NULL, NULL, 1, '2020-02-18 02:49:31', '2020-02-18 02:49:31', '2020-02-18 02:47:52', '2020-02-18 02:47:52', 0, '2020-02-18 02:49:08', 0, '2020-02-18 02:47:52', 0, '2020-02-18 02:47:52'),
	(228, 'mochammadzamroni.kkp@gmail.com', '', 'wening20', 'vhzsnsJUspEVUcVH2MgmPA==', 0, NULL, NULL, 1, '2020-02-18 02:58:14', '2020-02-18 02:58:14', '2020-02-18 02:50:48', '2020-02-18 02:50:48', 0, '2020-02-18 02:57:49', 0, '2020-02-18 02:50:48', 0, '2020-02-18 02:50:48'),
	(229, 'yaminpaada@gmail.com', '', 'biotek1', 'vdRbX37EOFmyU7ad8Yn13A==', 0, NULL, NULL, 1, '2020-02-18 03:30:45', '2020-02-18 03:30:45', '2020-02-18 03:30:45', '2020-02-18 03:30:45', 0, '2020-02-18 03:30:45', 0, '2020-02-18 03:30:45', 0, '2020-02-18 03:30:45'),
	(230, 'diahs62@gmail.com', '', 'diah', 'AV6B09/wybw9VZCu1HEw/g==', 0, NULL, NULL, 1, '2020-02-20 04:46:36', '2020-02-20 04:46:36', '2020-02-20 04:46:36', '2020-02-20 04:46:36', 0, '2020-02-20 04:46:36', 0, '2020-02-20 04:46:36', 0, '2020-02-20 04:46:36'),
	(231, 'harumorganikc@gmail.com', '', '081318608677_xX', 'dlOITAkTxtVZfSzxvYZ7eg==', 0, NULL, NULL, 1, '2020-02-27 06:40:56', '2020-02-27 06:35:13', '2020-02-20 09:13:37', '2020-02-20 09:13:37', 0, '2020-02-27 07:40:13', 4, '2020-02-27 06:33:05', 0, '2020-02-20 09:13:37'),
	(232, 'dammayatri@gmail.com', '', 'amitabha', 'uVU7qDvF0oJvOauEdX/+Ig==', 0, NULL, NULL, 1, '2020-02-21 07:24:09', '2020-02-21 07:20:24', '2020-02-21 07:18:25', '2020-02-21 07:18:25', 0, '2020-02-21 07:20:03', 0, '2020-02-21 07:18:25', 0, '2020-02-21 07:18:25'),
	(233, 'laili.purnamasari@gmail.com', '', '123qweasd', 'HubvQJvapMFo5NUQW/ZtTA==', 0, NULL, NULL, 1, '2020-03-17 03:03:28', '2020-03-17 03:03:28', '2020-03-17 02:53:33', '2020-03-17 02:53:33', 0, '2020-03-17 02:53:33', 0, '2020-03-17 02:53:33', 0, '2020-03-17 02:53:33'),
	(234, 'okydpurwanto', '', 'manggautara', 'd/9w2t7Mo/ECJhtwyjcTSg==', 0, NULL, NULL, 1, '2020-03-19 04:00:01', '2020-03-19 04:00:01', '2020-03-19 04:00:01', '2020-03-19 04:00:01', 0, '2020-03-19 04:00:01', 0, '2020-03-19 04:00:01', 0, '2020-03-19 04:00:01'),
	(235, 'okydpurwanto@gmail.com', '', 'manggautara', '2pqFXdIQzRJPYykaqX++Uw==', 0, NULL, NULL, 1, '2020-03-19 09:38:08', '2020-03-19 09:38:08', '2020-03-19 04:03:10', '2020-03-19 04:03:10', 0, '2020-03-19 09:38:34', 0, '2020-03-19 04:03:10', 0, '2020-03-19 04:03:10'),
	(236, 'masherizal@gmail.com', '', 'xC:iu2&]', 'BJUvFjf+urvBrCFl36RnYQ==', 0, NULL, NULL, 1, '2020-07-14 07:22:16', '2020-07-14 07:22:16', '2020-07-14 07:34:27', '2020-06-24 07:33:25', 0, '2020-06-24 07:33:25', 0, '2020-06-24 07:33:25', 0, '2020-06-24 07:33:25'),
	(237, 'mochiskandar123@yahoo.com', '', 'akbar04092008', 'cCVmflTbBjr+W2UuR0DCIg==', 0, NULL, NULL, 1, '2020-06-24 08:27:54', '2020-06-24 08:27:54', '2020-06-24 08:26:41', '2020-06-24 08:26:41', 0, '2020-06-24 08:26:41', 0, '2020-06-24 08:26:41', 0, '2020-06-24 08:26:41'),
	(243, 'akbar.prawira14@gmail.com', '', 'Bogorbisa1', 'qdytPNxlnHbbGoxI5ou+rg==', 0, NULL, NULL, 1, '2020-07-02 07:10:56', '2020-07-02 07:10:56', '2020-07-02 07:06:18', '2020-07-02 07:06:18', 0, '2020-07-02 07:10:34', 2, '2020-07-02 07:09:30', 0, '2020-07-02 07:06:18'),
	(245, 'godrealm971@gmail.com', '', '123qweasd', '964ELoFqIi12xI4kdu/5Ig==', 0, NULL, NULL, 1, '2020-07-02 08:05:56', '2020-07-02 08:05:53', '2020-07-02 08:00:20', '2020-07-02 08:00:20', 0, '2020-07-02 08:03:55', 0, '2020-07-02 08:00:20', 0, '2020-07-02 08:00:20'),
	(246, 'labuji.dagh@gmail.com', '', 'witong25', 'SUIRwEjK0M+F+1IlarWDIQ==', 0, NULL, NULL, 1, '2020-07-08 02:33:35', '2020-07-08 02:33:35', '2020-07-08 02:32:55', '2020-07-08 02:32:55', 0, '2020-07-08 02:32:55', 0, '2020-07-08 02:32:55', 0, '2020-07-08 02:32:55'),
	(247, 'muhammad.nuur@yahoo.com', '', 'munur1111', 'XVolldqJrJ777pX/vOIF2Q==', 0, NULL, NULL, 1, '2020-07-08 04:15:18', '2020-07-08 04:14:32', '2020-07-08 02:38:04', '2020-07-08 02:38:04', 0, '2020-07-08 07:45:51', 0, '2020-07-08 02:38:04', 0, '2020-07-08 02:38:04'),
	(248, 'swisci.margaret@gmail.com', '', 'leo210883', 'x1vxU7rML98eE4bvltRa8Q==', 0, NULL, NULL, 1, '2020-07-08 05:24:46', '2020-07-08 05:24:45', '2020-07-08 05:15:25', '2020-07-08 05:15:25', 0, '2020-07-08 05:24:21', 0, '2020-07-08 05:15:25', 0, '2020-07-08 05:15:25'),
	(249, 'balittanah.isri@gmail.com', '', 'wicaksono', 'H799m/donWXpejFUd/Tp+g==', 0, NULL, NULL, 1, '2020-07-14 07:50:37', '2020-07-14 07:50:27', '2020-07-09 18:01:48', '2020-07-09 18:01:48', 0, '2020-07-09 18:03:33', 0, '2020-07-09 18:01:48', 0, '2020-07-09 18:01:48');
/*!40000 ALTER TABLE `my_aspnet_membership` ENABLE KEYS */;

-- Dumping structure for table smlpob.my_aspnet_paths
DROP TABLE IF EXISTS `my_aspnet_paths`;
CREATE TABLE IF NOT EXISTS `my_aspnet_paths` (
  `applicationId` int(11) NOT NULL,
  `pathId` varchar(36) NOT NULL,
  `path` varchar(256) NOT NULL,
  `loweredPath` varchar(256) NOT NULL,
  PRIMARY KEY (`pathId`)
) ENGINE=InnoDB DEFAULT CHARSET=latin1;

-- Dumping data for table smlpob.my_aspnet_paths: ~0 rows (approximately)
DELETE FROM `my_aspnet_paths`;
/*!40000 ALTER TABLE `my_aspnet_paths` DISABLE KEYS */;
/*!40000 ALTER TABLE `my_aspnet_paths` ENABLE KEYS */;

-- Dumping structure for table smlpob.my_aspnet_personalizationallusers
DROP TABLE IF EXISTS `my_aspnet_personalizationallusers`;
CREATE TABLE IF NOT EXISTS `my_aspnet_personalizationallusers` (
  `pathId` varchar(36) NOT NULL,
  `pageSettings` blob NOT NULL,
  `lastUpdatedDate` datetime NOT NULL,
  PRIMARY KEY (`pathId`)
) ENGINE=InnoDB DEFAULT CHARSET=latin1;

-- Dumping data for table smlpob.my_aspnet_personalizationallusers: ~0 rows (approximately)
DELETE FROM `my_aspnet_personalizationallusers`;
/*!40000 ALTER TABLE `my_aspnet_personalizationallusers` DISABLE KEYS */;
/*!40000 ALTER TABLE `my_aspnet_personalizationallusers` ENABLE KEYS */;

-- Dumping structure for table smlpob.my_aspnet_personalizationperuser
DROP TABLE IF EXISTS `my_aspnet_personalizationperuser`;
CREATE TABLE IF NOT EXISTS `my_aspnet_personalizationperuser` (
  `id` int(11) NOT NULL AUTO_INCREMENT,
  `applicationId` int(11) NOT NULL,
  `pathId` varchar(36) DEFAULT NULL,
  `userId` int(11) DEFAULT NULL,
  `pageSettings` blob NOT NULL,
  `lastUpdatedDate` datetime NOT NULL,
  PRIMARY KEY (`id`)
) ENGINE=InnoDB DEFAULT CHARSET=latin1;

-- Dumping data for table smlpob.my_aspnet_personalizationperuser: ~0 rows (approximately)
DELETE FROM `my_aspnet_personalizationperuser`;
/*!40000 ALTER TABLE `my_aspnet_personalizationperuser` DISABLE KEYS */;
/*!40000 ALTER TABLE `my_aspnet_personalizationperuser` ENABLE KEYS */;

-- Dumping structure for table smlpob.my_aspnet_profiles
DROP TABLE IF EXISTS `my_aspnet_profiles`;
CREATE TABLE IF NOT EXISTS `my_aspnet_profiles` (
  `userId` int(11) NOT NULL,
  `valueindex` longtext,
  `stringdata` longtext,
  `binarydata` longblob,
  `lastUpdatedDate` timestamp NULL DEFAULT NULL,
  PRIMARY KEY (`userId`)
) ENGINE=InnoDB DEFAULT CHARSET=latin1;

-- Dumping data for table smlpob.my_aspnet_profiles: ~0 rows (approximately)
DELETE FROM `my_aspnet_profiles`;
/*!40000 ALTER TABLE `my_aspnet_profiles` DISABLE KEYS */;
/*!40000 ALTER TABLE `my_aspnet_profiles` ENABLE KEYS */;

-- Dumping structure for table smlpob.my_aspnet_roles
DROP TABLE IF EXISTS `my_aspnet_roles`;
CREATE TABLE IF NOT EXISTS `my_aspnet_roles` (
  `id` int(11) NOT NULL AUTO_INCREMENT,
  `applicationId` int(11) NOT NULL,
  `name` varchar(255) NOT NULL,
  PRIMARY KEY (`id`)
) ENGINE=InnoDB AUTO_INCREMENT=12 DEFAULT CHARSET=latin1;

-- Dumping data for table smlpob.my_aspnet_roles: ~8 rows (approximately)
DELETE FROM `my_aspnet_roles`;
/*!40000 ALTER TABLE `my_aspnet_roles` DISABLE KEYS */;
INSERT INTO `my_aspnet_roles` (`id`, `applicationId`, `name`) VALUES
	(1, 1, 'admin'),
	(3, 1, 'pelanggan'),
	(4, 1, 'penyelia'),
	(5, 1, 'manajer teknis'),
	(6, 1, 'evaluator'),
	(7, 1, 'analis'),
	(8, 1, 'cs'),
	(9, 1, 'kasir'),
	(10, 1, 'pimpinan'),
	(11, 1, 'BoardTugas');
/*!40000 ALTER TABLE `my_aspnet_roles` ENABLE KEYS */;

-- Dumping structure for table smlpob.my_aspnet_schemaversion
DROP TABLE IF EXISTS `my_aspnet_schemaversion`;
CREATE TABLE IF NOT EXISTS `my_aspnet_schemaversion` (
  `version` int(11) DEFAULT NULL
) ENGINE=InnoDB DEFAULT CHARSET=latin1;

-- Dumping data for table smlpob.my_aspnet_schemaversion: ~0 rows (approximately)
DELETE FROM `my_aspnet_schemaversion`;
/*!40000 ALTER TABLE `my_aspnet_schemaversion` DISABLE KEYS */;
INSERT INTO `my_aspnet_schemaversion` (`version`) VALUES
	(10);
/*!40000 ALTER TABLE `my_aspnet_schemaversion` ENABLE KEYS */;

-- Dumping structure for table smlpob.my_aspnet_sessioncleanup
DROP TABLE IF EXISTS `my_aspnet_sessioncleanup`;
CREATE TABLE IF NOT EXISTS `my_aspnet_sessioncleanup` (
  `LastRun` datetime NOT NULL,
  `IntervalMinutes` int(11) NOT NULL,
  `ApplicationId` int(11) NOT NULL,
  PRIMARY KEY (`ApplicationId`)
) ENGINE=InnoDB DEFAULT CHARSET=latin1;

-- Dumping data for table smlpob.my_aspnet_sessioncleanup: ~0 rows (approximately)
DELETE FROM `my_aspnet_sessioncleanup`;
/*!40000 ALTER TABLE `my_aspnet_sessioncleanup` DISABLE KEYS */;
/*!40000 ALTER TABLE `my_aspnet_sessioncleanup` ENABLE KEYS */;

-- Dumping structure for table smlpob.my_aspnet_sessions
DROP TABLE IF EXISTS `my_aspnet_sessions`;
CREATE TABLE IF NOT EXISTS `my_aspnet_sessions` (
  `SessionId` varchar(191) NOT NULL,
  `ApplicationId` int(11) NOT NULL,
  `Created` datetime NOT NULL,
  `Expires` datetime NOT NULL,
  `LockDate` datetime NOT NULL,
  `LockId` int(11) NOT NULL,
  `Timeout` int(11) NOT NULL,
  `Locked` tinyint(1) NOT NULL,
  `SessionItems` longblob,
  `Flags` int(11) NOT NULL,
  PRIMARY KEY (`SessionId`,`ApplicationId`)
) ENGINE=InnoDB DEFAULT CHARSET=latin1;

-- Dumping data for table smlpob.my_aspnet_sessions: ~0 rows (approximately)
DELETE FROM `my_aspnet_sessions`;
/*!40000 ALTER TABLE `my_aspnet_sessions` DISABLE KEYS */;
/*!40000 ALTER TABLE `my_aspnet_sessions` ENABLE KEYS */;

-- Dumping structure for table smlpob.my_aspnet_sitemap
DROP TABLE IF EXISTS `my_aspnet_sitemap`;
CREATE TABLE IF NOT EXISTS `my_aspnet_sitemap` (
  `Id` int(11) NOT NULL AUTO_INCREMENT,
  `Title` varchar(50) DEFAULT NULL,
  `Description` varchar(512) DEFAULT NULL,
  `Url` varchar(512) DEFAULT NULL,
  `Roles` varchar(1000) DEFAULT NULL,
  `ParentId` int(11) DEFAULT NULL,
  PRIMARY KEY (`Id`)
) ENGINE=InnoDB DEFAULT CHARSET=latin1;

-- Dumping data for table smlpob.my_aspnet_sitemap: ~0 rows (approximately)
DELETE FROM `my_aspnet_sitemap`;
/*!40000 ALTER TABLE `my_aspnet_sitemap` DISABLE KEYS */;
/*!40000 ALTER TABLE `my_aspnet_sitemap` ENABLE KEYS */;

-- Dumping structure for table smlpob.my_aspnet_users
DROP TABLE IF EXISTS `my_aspnet_users`;
CREATE TABLE IF NOT EXISTS `my_aspnet_users` (
  `id` int(11) NOT NULL AUTO_INCREMENT,
  `applicationId` int(11) NOT NULL,
  `name` varchar(256) NOT NULL,
  `isAnonymous` tinyint(1) NOT NULL DEFAULT '1',
  `lastActivityDate` datetime DEFAULT NULL,
  PRIMARY KEY (`id`)
) ENGINE=InnoDB AUTO_INCREMENT=250 DEFAULT CHARSET=latin1;

-- Dumping data for table smlpob.my_aspnet_users: ~114 rows (approximately)
DELETE FROM `my_aspnet_users`;
/*!40000 ALTER TABLE `my_aspnet_users` DISABLE KEYS */;
INSERT INTO `my_aspnet_users` (`id`, `applicationId`, `name`, `isAnonymous`, `lastActivityDate`) VALUES
	(41, 1, 'manager1@gmail.com', 0, '2020-08-10 07:39:01'),
	(42, 1, 'analis1@gmail.com', 0, '2020-03-17 07:11:37'),
	(43, 1, 'evaluator1@gmail.com', 0, '2020-03-17 07:49:18'),
	(44, 1, 'kasir1@gmail.com', 0, '2020-03-17 05:49:04'),
	(45, 1, 'cs1@gmail.com', 0, '2020-07-21 07:15:52'),
	(46, 1, 'penyelia1@gmail.com', 0, '2020-07-21 07:15:58'),
	(63, 1, 'galih.yuani@trilogi.ac.id', 0, '2020-01-06 12:53:20'),
	(64, 1, 'fitrahrahmawati82@gmail.com', 0, '2019-12-03 13:32:46'),
	(65, 1, 'fitrahrahmawati51@yahoo.com', 0, '2019-12-03 13:41:19'),
	(67, 1, 'administrator@pertanian.go.id', 0, '2020-03-17 03:35:40'),
	(69, 1, 'erny_yuniarti@yahoo.com', 0, '2020-03-17 07:17:34'),
	(70, 1, 'elsantianti21@gmail.com', 0, '2020-03-17 07:21:05'),
	(71, 1, 'eepsyaiful64@gmail.com', 0, '2019-12-10 04:57:59'),
	(72, 1, 'Jjumena17@gmail.com', 0, '2020-03-17 07:18:10'),
	(73, 1, 'aramadh3@gmail.com', 0, '2019-12-10 05:01:41'),
	(74, 1, 'ratri.ariani@gmail.com', 0, '2020-03-17 06:39:03'),
	(75, 1, 'arifbudiyantobudiyanto@yahoo.co.id', 0, '2020-03-17 07:22:15'),
	(76, 1, 'atinkurdiana@gmail.com', 0, '2019-12-10 05:33:35'),
	(77, 1, 'gatiyogasuripto@gmail.com', 0, '2019-12-10 05:34:24'),
	(78, 1, 'musrahman36153@gmail.com', 0, '2019-12-10 05:35:40'),
	(79, 1, 'jamaldul4634@gmail.com', 0, '2019-12-10 05:36:24'),
	(80, 1, 'leanfa.la3ll@gmail.com', 0, '2020-03-17 06:54:13'),
	(81, 1, 'firman_geo11@yahoo.co.id', 0, '2020-03-17 06:46:47'),
	(84, 1, 'land_nn@yahoo.com', 0, '2020-03-17 06:39:48'),
	(86, 1, 'hestiekatantika@gmail.com', 0, '2020-03-17 07:03:21'),
	(87, 1, 'pujiningrum@gmail.com', 0, '2020-03-17 06:50:01'),
	(88, 1, 'iindwisurhati85@gmail.com', 0, '2020-03-17 07:52:29'),
	(89, 1, 'usman_randika@yahoo.com', 0, '2020-03-17 07:49:50'),
	(90, 1, 'margi.hastuti@gmail.com', 0, '2020-03-17 07:54:25'),
	(91, 1, 'ekaindrasetiaman2425@gmail.com', 0, '2020-03-17 05:05:58'),
	(92, 1, 'fajarachmad.2009@gmail.com', 0, '2019-12-12 07:27:18'),
	(93, 1, 'analis_iindwisurhati85@gmail.com', 0, '2020-03-17 06:51:23'),
	(94, 1, 'awp1146@gmail.com', 0, '2019-12-12 07:45:45'),
	(95, 1, 'yadialamtirta@gmail.com', 0, '2019-12-12 07:52:37'),
	(96, 1, 'audilanandisya@gmail.com', 0, '2019-12-12 08:07:23'),
	(97, 1, 'analis_pujiningrum@gmail.com', 0, '2020-03-17 05:03:02'),
	(98, 1, 'zulfikarp24@gmail.com', 0, '2020-03-17 06:51:13'),
	(100, 1, 'firnas.muldiansyah@gmail.com', 0, '2019-12-12 08:36:45'),
	(101, 1, 'marisyakurniasari@gmail.com', 0, '2019-12-12 08:37:39'),
	(102, 1, 'debbynuksm@gmail.com', 0, '2019-12-12 08:38:20'),
	(103, 1, 'sunarya.sr@gmail.com', 0, '2019-12-12 08:39:23'),
	(104, 1, 'ramafadli20@gmail.com', 0, '2019-12-12 08:42:32'),
	(105, 1, 'rini.prihatini.rp@gmail.com', 0, '2019-12-12 08:43:52'),
	(107, 1, 'anggrainirenyta@gmail.com', 0, '2020-03-17 06:45:00'),
	(109, 1, 'novie.ekaps@gmail.com', 0, '2019-12-12 09:08:25'),
	(110, 1, 'marig.hastuti@gmail.com', 0, '2019-12-12 09:09:28'),
	(111, 1, 'ikhwan.labkim@gmail.com', 0, '2020-01-31 03:42:14'),
	(112, 1, 'roni.labkim@gmail.com', 0, '2019-12-12 09:13:45'),
	(113, 1, 'prayudi.labkim@gmail.com', 0, '2019-12-12 09:15:23'),
	(117, 1, 'midahpratama@gmail.com', 0, '2020-06-25 01:16:33'),
	(118, 1, 'didik.suristyo@gmail.com', 0, '2020-07-07 01:09:57'),
	(119, 1, 'ikamurdikas@gmail.com', 0, '2020-07-23 02:30:02'),
	(122, 1, 'auliarisma102@gmail.com', 0, '2020-06-18 01:43:50'),
	(123, 1, 'idede1465@gmail.com', 0, '2019-12-12 09:45:55'),
	(125, 1, 'dedisu931@gmail.com', 0, '2019-12-12 09:47:37'),
	(126, 1, 'supriadiadi320@gmail.com', 0, '2019-12-12 09:49:30'),
	(127, 1, 'andiandi666666666@gmail.com', 0, '2019-12-12 09:51:32'),
	(130, 1, 'scarletwitchd28@gmail.com', 0, '2019-12-16 09:08:07'),
	(132, 1, 'haisany@outlook.com', 0, '2020-01-02 06:28:05'),
	(133, 1, 'kustomer1@outlook.co.id', 0, '2020-03-17 04:50:37'),
	(134, 1, 'markusandas@yahoo.com', 0, '2020-03-17 07:42:43'),
	(135, 1, 'tentremtiti42@gmail.com', 0, '2020-03-17 07:40:36'),
	(136, 1, 'yacehidayat@pertanian.go.id', 0, '2019-12-13 04:34:13'),
	(137, 1, 'antoniusfrasisco@pertanian.go.id', 0, '2020-03-17 07:27:21'),
	(138, 1, 'a.abubakar@pertanian.go.id', 0, '2019-12-13 04:37:02'),
	(139, 1, 'sukristyohastono@yahoo.co.uk', 0, '2019-12-16 07:00:05'),
	(140, 1, 'umara234@gmail.com', 0, '2019-12-16 06:58:52'),
	(141, 1, 'januartharamadhan@yahoo.com', 0, '2019-12-16 07:09:53'),
	(142, 1, 'husnainuut@yahoo.com', 0, '2020-01-14 09:21:05'),
	(155, 1, 'midahpratama15@gmail.com', 0, '2020-01-06 07:59:57'),
	(157, 1, 'ayu.greenlife@gmail.com', 0, '2020-01-27 02:03:32'),
	(158, 1, 'adisty0213@gmail.com', 0, '2020-01-08 03:05:21'),
	(176, 1, 'silpo.pertanian@outlook.co.id', 0, '2020-06-24 07:44:04'),
	(183, 1, 'mochiskandar201166@gmail.com', 0, '2020-01-09 00:58:37'),
	(192, 1, 'didik.sukristyo@gmail.com', 0, '2020-01-09 04:01:00'),
	(193, 1, 'Wanfokal81@gmail.com', 0, '2020-01-09 04:11:34'),
	(194, 1, 'geanina.adelia@gmail.com', 0, '2020-01-09 06:44:01'),
	(195, 1, 'gintravers10@gmail.com', 0, '2020-01-09 07:30:40'),
	(196, 1, 'januarthacrowzer@gmail.com', 0, '2020-01-10 03:50:49'),
	(197, 1, 'silpo.board.fisika@outlook.com', 0, '2020-01-17 03:52:47'),
	(198, 1, 'silpo.board.kimia@outlook.com', 0, '2020-03-17 03:51:48'),
	(199, 1, 'silpo.board.biologi@outlook.com', 0, '2020-01-17 03:18:18'),
	(200, 1, 'silpo.board.mineral@outlook.com', 0, '2020-01-17 04:13:26'),
	(201, 1, 'silpo.board.test@outlook.com', 0, '2020-01-13 10:59:55'),
	(209, 1, 'galihyprtm@gmail.com', 0, '2020-03-17 05:48:52'),
	(210, 1, 'mifmasterz@yahoo.com', 0, '2020-03-17 05:06:40'),
	(211, 1, 'purnomo0204@gmail.com', 0, '2020-01-29 04:15:07'),
	(212, 1, 'nay2706@gmail.com', 0, '2020-01-30 00:45:35'),
	(213, 1, 'ijangisyapudin@gmail.com', 0, '2020-01-31 01:14:19'),
	(214, 1, 'pt.inovasi.natural.bio.organik@gmail.com', 0, '2020-07-23 09:47:54'),
	(215, 1, 'budhiallen@gmail.com', 0, '2020-01-31 07:46:06'),
	(216, 1, 'Zuhriansyahsiregar@gmail.com', 0, '2020-02-06 07:53:11'),
	(217, 1, 'pipihnur@gmail.com', 0, '2020-02-07 01:55:31'),
	(218, 1, 'distyismi0213@gmail.com', 0, '2020-02-07 02:14:14'),
	(219, 1, 'asmarhansyah@gmail.com', 0, '2020-02-07 09:12:19'),
	(220, 1, 'llaborattoriiummiikrobiollogii@gmail.com', 0, '2020-02-10 01:55:52'),
	(221, 1, 'andysaryoko@pertanian.go.id', 0, '2020-02-10 06:36:19'),
	(222, 1, 'andysaryoko@yahoo.com', 0, '2020-02-10 06:50:18'),
	(223, 1, 'biotakemi.id@gmail.com', 0, '2020-02-10 08:11:05'),
	(224, 1, 'rofiqsugrawidjaya@gmail.com', 0, '2020-02-11 05:14:33'),
	(225, 1, 'prasetyadhanny94@gmail.com', 0, '2020-02-18 04:23:36'),
	(226, 1, 'pambudisidiq@gmail.com', 0, '2020-02-14 03:35:38'),
	(227, 1, 'ginanjar.rendy@gmail.com', 0, '2020-02-18 02:49:31'),
	(228, 1, 'mochammadzamroni.kkp@gmail.com', 0, '2020-02-18 02:58:14'),
	(229, 1, 'yaminpaada@gmail.com', 0, '2020-02-18 03:30:45'),
	(230, 1, 'diahs62@gmail.com', 0, '2020-02-20 04:46:36'),
	(231, 1, 'harumorganikc@gmail.com', 0, '2020-02-27 06:40:56'),
	(232, 1, 'dammayatri@gmail.com', 0, '2020-02-21 07:24:09'),
	(233, 1, 'laili.purnamasari@gmail.com', 0, '2020-03-17 03:03:28'),
	(234, 1, 'okydpurwanto', 0, '2020-03-19 04:00:01'),
	(235, 1, 'okydpurwanto@gmail.com', 0, '2020-03-19 09:38:08'),
	(236, 1, 'masherizal@gmail.com', 0, '2020-07-14 07:22:16'),
	(237, 1, 'mochiskandar123@yahoo.com', 0, '2020-06-24 08:27:54'),
	(243, 1, 'akbar.prawira14@gmail.com', 0, '2020-07-02 07:10:56'),
	(245, 1, 'godrealm971@gmail.com', 0, '2020-07-02 08:05:56'),
	(246, 1, 'labuji.dagh@gmail.com', 0, '2020-07-08 02:33:35'),
	(247, 1, 'muhammad.nuur@yahoo.com', 0, '2020-07-08 04:15:18'),
	(248, 1, 'swisci.margaret@gmail.com', 0, '2020-07-08 05:24:46'),
	(249, 1, 'balittanah.isri@gmail.com', 0, '2020-07-14 07:50:37');
/*!40000 ALTER TABLE `my_aspnet_users` ENABLE KEYS */;

-- Dumping structure for table smlpob.my_aspnet_usersinroles
DROP TABLE IF EXISTS `my_aspnet_usersinroles`;
CREATE TABLE IF NOT EXISTS `my_aspnet_usersinroles` (
  `userId` int(11) NOT NULL,
  `roleId` int(11) NOT NULL,
  PRIMARY KEY (`userId`,`roleId`)
) ENGINE=InnoDB DEFAULT CHARSET=latin1;

-- Dumping data for table smlpob.my_aspnet_usersinroles: ~143 rows (approximately)
DELETE FROM `my_aspnet_usersinroles`;
/*!40000 ALTER TABLE `my_aspnet_usersinroles` DISABLE KEYS */;
INSERT INTO `my_aspnet_usersinroles` (`userId`, `roleId`) VALUES
	(3, 3),
	(4, 3),
	(5, 3),
	(7, 3),
	(8, 4),
	(9, 3),
	(10, 3),
	(11, 3),
	(12, 3),
	(14, 3),
	(15, 3),
	(16, 3),
	(17, 3),
	(18, 3),
	(19, 3),
	(21, 3),
	(22, 3),
	(23, 3),
	(24, 3),
	(25, 3),
	(26, 3),
	(27, 3),
	(28, 3),
	(29, 3),
	(31, 3),
	(32, 3),
	(33, 3),
	(34, 3),
	(35, 3),
	(36, 3),
	(37, 3),
	(38, 3),
	(39, 3),
	(41, 5),
	(42, 7),
	(43, 6),
	(44, 3),
	(45, 3),
	(46, 4),
	(48, 3),
	(49, 3),
	(50, 3),
	(51, 3),
	(52, 3),
	(54, 3),
	(55, 3),
	(57, 3),
	(58, 3),
	(59, 3),
	(60, 3),
	(61, 3),
	(62, 3),
	(63, 3),
	(64, 3),
	(65, 3),
	(67, 1),
	(69, 5),
	(70, 4),
	(71, 7),
	(72, 7),
	(73, 7),
	(74, 5),
	(75, 4),
	(76, 7),
	(77, 7),
	(78, 7),
	(79, 7),
	(80, 1),
	(81, 7),
	(84, 5),
	(86, 4),
	(87, 4),
	(88, 4),
	(89, 4),
	(90, 7),
	(91, 7),
	(92, 7),
	(93, 7),
	(94, 7),
	(95, 7),
	(96, 7),
	(97, 7),
	(98, 7),
	(100, 7),
	(101, 7),
	(102, 7),
	(103, 7),
	(104, 7),
	(105, 7),
	(106, 3),
	(107, 7),
	(109, 7),
	(110, 7),
	(111, 7),
	(112, 7),
	(113, 7),
	(117, 8),
	(118, 8),
	(119, 8),
	(121, 3),
	(122, 9),
	(123, 7),
	(124, 3),
	(125, 7),
	(126, 7),
	(127, 7),
	(128, 3),
	(130, 3),
	(132, 3),
	(133, 3),
	(134, 5),
	(135, 4),
	(136, 7),
	(137, 7),
	(138, 7),
	(139, 3),
	(140, 3),
	(141, 3),
	(142, 10),
	(145, 3),
	(146, 3),
	(147, 3),
	(148, 3),
	(149, 3),
	(154, 3),
	(155, 3),
	(156, 3),
	(157, 3),
	(158, 3),
	(159, 3),
	(160, 3),
	(161, 3),
	(167, 3),
	(169, 3),
	(170, 3),
	(175, 3),
	(176, 3),
	(183, 3),
	(188, 3),
	(191, 3),
	(192, 3),
	(193, 3),
	(194, 3),
	(195, 3),
	(196, 3),
	(197, 11),
	(198, 11),
	(199, 11),
	(200, 11),
	(201, 11),
	(209, 3),
	(210, 3),
	(211, 3),
	(212, 3),
	(213, 3),
	(214, 3),
	(215, 3),
	(216, 3),
	(217, 3),
	(218, 3),
	(219, 3),
	(220, 3),
	(221, 3),
	(222, 3),
	(223, 3),
	(224, 3),
	(225, 3),
	(226, 3),
	(227, 3),
	(228, 3),
	(229, 3),
	(230, 3),
	(231, 3),
	(232, 3),
	(233, 4),
	(234, 3),
	(235, 3),
	(236, 3),
	(237, 3),
	(238, 3),
	(243, 3),
	(245, 3),
	(246, 3),
	(247, 3),
	(248, 3),
	(249, 3);
/*!40000 ALTER TABLE `my_aspnet_usersinroles` ENABLE KEYS */;

-- Dumping structure for table smlpob.orderanalysisdetailtbl
DROP TABLE IF EXISTS `orderanalysisdetailtbl`;
CREATE TABLE IF NOT EXISTS `orderanalysisdetailtbl` (
  `orderDetailNo` int(11) NOT NULL AUTO_INCREMENT,
  `orderNo` varchar(30) NOT NULL,
  `sampleNo` varchar(25) NOT NULL,
  `elementId` int(11) NOT NULL,
  `parametersNo` int(11) DEFAULT NULL,
  `elementValue` varchar(255) DEFAULT NULL,
  `status` varchar(255) DEFAULT NULL,
  `recalculate` char(1) DEFAULT NULL,
  `pic` int(11) DEFAULT NULL,
  `fileAttachmentUrl` text,
  `fileName` varchar(255) DEFAULT NULL,
  `LabToolAttachmentUrl` text,
  `LabToolFileName` varchar(255) DEFAULT NULL,
  `creaBy` varchar(255) DEFAULT NULL,
  `creaDate` datetime DEFAULT NULL,
  `modBy` varchar(255) DEFAULT NULL,
  `modDate` datetime DEFAULT NULL,
  PRIMARY KEY (`orderDetailNo`),
  KEY `OrderAnalysisDetailTbltoOrderMaster` (`orderNo`),
  KEY `OrderAnalysisDetailTbltoOrderSampleTbl` (`sampleNo`),
  KEY `OrderAnalysisDetailTbltoElementServicesTbl` (`elementId`),
  KEY `OrderAnalysisDetailTbltoParametersTbl` (`parametersNo`),
  KEY `OrderAnalysisDetailTbltoEmployeeTbl` (`pic`),
  CONSTRAINT `OrderAnalysisDetailTbltoElementServicesTbl` FOREIGN KEY (`elementId`) REFERENCES `elementservicestbl` (`elementid`),
  CONSTRAINT `OrderAnalysisDetailTbltoEmployeeTbl` FOREIGN KEY (`pic`) REFERENCES `employeetbl` (`employeeNo`),
  CONSTRAINT `OrderAnalysisDetailTbltoOrderMaster` FOREIGN KEY (`orderNo`) REFERENCES `ordermastertbl` (`orderNo`),
  CONSTRAINT `OrderAnalysisDetailTbltoOrderSampleTbl` FOREIGN KEY (`sampleNo`) REFERENCES `ordersampletbl` (`noBalittanah`),
  CONSTRAINT `OrderAnalysisDetailTbltoParametersTbl` FOREIGN KEY (`parametersNo`) REFERENCES `parameterstbl` (`parametersNo`)
) ENGINE=InnoDB AUTO_INCREMENT=1774 DEFAULT CHARSET=latin1;

-- Dumping data for table smlpob.orderanalysisdetailtbl: ~794 rows (approximately)
DELETE FROM `orderanalysisdetailtbl`;
/*!40000 ALTER TABLE `orderanalysisdetailtbl` DISABLE KEYS */;
INSERT INTO `orderanalysisdetailtbl` (`orderDetailNo`, `orderNo`, `sampleNo`, `elementId`, `parametersNo`, `elementValue`, `status`, `recalculate`, `pic`, `fileAttachmentUrl`, `fileName`, `LabToolAttachmentUrl`, `LabToolFileName`, `creaBy`, `creaDate`, `modBy`, `modDate`) VALUES
	(980, '0001/LP Balittanah/01/2020', '20.01.1, K.Th.1', 266, NULL, NULL, 'Menunggu', '0', 14, NULL, NULL, NULL, NULL, 'galihyprtm@gmail.com', '2020-01-23 13:22:37', NULL, NULL),
	(981, '0001/LP Balittanah/01/2020', '20.01.1, K.Th.1', 269, NULL, NULL, 'Menunggu', '0', NULL, NULL, NULL, NULL, NULL, 'galihyprtm@gmail.com', '2020-01-23 13:22:37', NULL, NULL),
	(982, '0002/LP Balittanah/01/2020', '20.01.2, K.P.2', 1, NULL, NULL, 'Menunggu', '0', NULL, NULL, NULL, NULL, NULL, 'galihyprtm@gmail.com', '2020-01-28 13:31:45', NULL, NULL),
	(983, '0002/LP Balittanah/01/2020', '20.01.2, K.P.2', 2, NULL, NULL, 'Menunggu', '0', NULL, NULL, NULL, NULL, NULL, 'galihyprtm@gmail.com', '2020-01-28 13:31:45', NULL, NULL),
	(984, '0002/LP Balittanah/01/2020', '20.01.2, K.P.2', 3, NULL, NULL, 'Menunggu', '0', NULL, NULL, NULL, NULL, NULL, 'galihyprtm@gmail.com', '2020-01-28 13:31:45', NULL, NULL),
	(985, '0002/LP Balittanah/01/2020', '20.01.2, K.P.2', 4, NULL, NULL, 'Menunggu', '0', NULL, NULL, NULL, NULL, NULL, 'galihyprtm@gmail.com', '2020-01-28 13:31:45', NULL, NULL),
	(986, '0002/LP Balittanah/01/2020', '20.01.2, K.P.2', 5, NULL, NULL, 'Menunggu', '0', NULL, NULL, NULL, NULL, NULL, 'galihyprtm@gmail.com', '2020-01-28 13:31:45', NULL, NULL),
	(987, '0002/LP Balittanah/01/2020', '20.01.2, K.P.2', 6, NULL, NULL, 'Menunggu', '0', NULL, NULL, NULL, NULL, NULL, 'galihyprtm@gmail.com', '2020-01-28 13:31:45', NULL, NULL),
	(988, '0002/LP Balittanah/01/2020', '20.01.2, K.P.2', 7, NULL, NULL, 'Menunggu', '0', NULL, NULL, NULL, NULL, NULL, 'galihyprtm@gmail.com', '2020-01-28 13:31:45', NULL, NULL),
	(989, '0002/LP Balittanah/01/2020', '20.01.2, K.P.2', 8, NULL, NULL, 'Menunggu', '0', NULL, NULL, NULL, NULL, NULL, 'galihyprtm@gmail.com', '2020-01-28 13:31:45', NULL, NULL),
	(990, '0002/LP Balittanah/01/2020', '20.01.2, K.P.2', 9, NULL, NULL, 'Menunggu', '0', NULL, NULL, NULL, NULL, NULL, 'galihyprtm@gmail.com', '2020-01-28 13:31:45', NULL, NULL),
	(991, '0002/LP Balittanah/01/2020', '20.01.2, K.P.2', 10, NULL, NULL, 'Menunggu', '0', NULL, NULL, NULL, NULL, NULL, 'galihyprtm@gmail.com', '2020-01-28 13:31:45', NULL, NULL),
	(992, '0002/LP Balittanah/01/2020', '20.01.2, K.P.2', 11, NULL, NULL, 'Menunggu', '0', NULL, NULL, NULL, NULL, NULL, 'galihyprtm@gmail.com', '2020-01-28 13:31:45', NULL, NULL),
	(993, '0003/LP Balittanah/01/2020', '20.01.3, B.P.3', 324, NULL, NULL, 'Menunggu', '0', 39, NULL, NULL, NULL, NULL, 'kustomer1@outlook.co.id', '2020-01-30 09:34:49', NULL, NULL),
	(994, '0003/LP Balittanah/01/2020', '20.01.3, B.P.3', 329, NULL, NULL, 'Menunggu', '0', NULL, NULL, NULL, NULL, NULL, 'kustomer1@outlook.co.id', '2020-01-30 09:34:49', NULL, NULL),
	(995, '0003/LP Balittanah/01/2020', '20.01.3, B.P.3', 330, NULL, NULL, 'Menunggu', '0', NULL, NULL, NULL, NULL, NULL, 'kustomer1@outlook.co.id', '2020-01-30 09:34:49', NULL, NULL),
	(996, '0003/LP Balittanah/01/2020', '20.01.3, B.P.4', 324, NULL, NULL, 'Menunggu', '0', NULL, NULL, NULL, NULL, NULL, 'kustomer1@outlook.co.id', '2020-01-30 09:34:49', NULL, NULL),
	(997, '0003/LP Balittanah/01/2020', '20.01.3, B.P.4', 329, NULL, NULL, 'Menunggu', '0', NULL, NULL, NULL, NULL, NULL, 'kustomer1@outlook.co.id', '2020-01-30 09:34:49', NULL, NULL),
	(998, '0003/LP Balittanah/01/2020', '20.01.3, B.P.4', 330, NULL, NULL, 'Menunggu', '0', NULL, NULL, NULL, NULL, NULL, 'kustomer1@outlook.co.id', '2020-01-30 09:34:49', NULL, NULL),
	(999, '0003/LP Balittanah/01/2020', '20.01.3, B.P.5', 324, NULL, NULL, 'Menunggu', '0', NULL, NULL, NULL, NULL, NULL, 'kustomer1@outlook.co.id', '2020-01-30 09:34:49', NULL, NULL),
	(1000, '0003/LP Balittanah/01/2020', '20.01.3, B.P.5', 329, NULL, NULL, 'Menunggu', '0', NULL, NULL, NULL, NULL, NULL, 'kustomer1@outlook.co.id', '2020-01-30 09:34:49', NULL, NULL),
	(1001, '0003/LP Balittanah/01/2020', '20.01.3, B.P.5', 330, NULL, NULL, 'Menunggu', '0', NULL, NULL, NULL, NULL, NULL, 'kustomer1@outlook.co.id', '2020-01-30 09:34:49', NULL, NULL),
	(1002, '0003/LP Balittanah/01/2020', '20.01.3, B.P.6', 324, NULL, NULL, 'Menunggu', '0', NULL, NULL, NULL, NULL, NULL, 'kustomer1@outlook.co.id', '2020-01-30 09:34:49', NULL, NULL),
	(1003, '0003/LP Balittanah/01/2020', '20.01.3, B.P.6', 329, NULL, NULL, 'Menunggu', '0', NULL, NULL, NULL, NULL, NULL, 'kustomer1@outlook.co.id', '2020-01-30 09:34:49', NULL, NULL),
	(1004, '0003/LP Balittanah/01/2020', '20.01.3, B.P.6', 330, NULL, NULL, 'Menunggu', '0', NULL, NULL, NULL, NULL, NULL, 'kustomer1@outlook.co.id', '2020-01-30 09:34:49', NULL, NULL),
	(1005, '0004/LP Balittanah/01/2020', '20.01.4, K.Th.7', 265, NULL, NULL, 'Diproses', '0', 14, NULL, NULL, NULL, NULL, 'kustomer1@outlook.co.id', '2020-01-30 15:23:37', NULL, NULL),
	(1006, '0004/LP Balittanah/01/2020', '20.01.4, K.Th.7', 266, NULL, NULL, 'Diproses', '0', NULL, NULL, NULL, NULL, NULL, 'kustomer1@outlook.co.id', '2020-01-30 15:23:37', NULL, NULL),
	(1007, '0004/LP Balittanah/01/2020', '20.01.4, K.Th.7', 267, NULL, NULL, 'Diproses', '0', NULL, NULL, NULL, NULL, NULL, 'kustomer1@outlook.co.id', '2020-01-30 15:23:37', NULL, NULL),
	(1008, '0004/LP Balittanah/01/2020', '20.01.4, K.Th.7', 268, NULL, NULL, 'Diproses', '0', NULL, NULL, NULL, NULL, NULL, 'kustomer1@outlook.co.id', '2020-01-30 15:23:37', NULL, NULL),
	(1009, '0004/LP Balittanah/01/2020', '20.01.4, K.Th.7', 269, NULL, NULL, 'Diproses', '0', NULL, NULL, NULL, NULL, NULL, 'kustomer1@outlook.co.id', '2020-01-30 15:23:37', NULL, NULL),
	(1010, '0004/LP Balittanah/01/2020', '20.01.4, K.Th.7', 273, NULL, NULL, 'Diproses', '0', NULL, NULL, NULL, NULL, NULL, 'kustomer1@outlook.co.id', '2020-01-30 15:23:37', NULL, NULL),
	(1011, '0004/LP Balittanah/01/2020', '20.01.4, K.Th.8', 265, NULL, NULL, 'Diproses', '0', NULL, NULL, NULL, NULL, NULL, 'kustomer1@outlook.co.id', '2020-01-30 15:23:37', NULL, NULL),
	(1012, '0004/LP Balittanah/01/2020', '20.01.4, K.Th.8', 266, NULL, NULL, 'Diproses', '0', NULL, NULL, NULL, NULL, NULL, 'kustomer1@outlook.co.id', '2020-01-30 15:23:37', NULL, NULL),
	(1013, '0004/LP Balittanah/01/2020', '20.01.4, K.Th.8', 267, NULL, NULL, 'Diproses', '0', NULL, NULL, NULL, NULL, NULL, 'kustomer1@outlook.co.id', '2020-01-30 15:23:37', NULL, NULL),
	(1014, '0004/LP Balittanah/01/2020', '20.01.4, K.Th.8', 268, NULL, NULL, 'Diproses', '0', NULL, NULL, NULL, NULL, NULL, 'kustomer1@outlook.co.id', '2020-01-30 15:23:37', NULL, NULL),
	(1015, '0004/LP Balittanah/01/2020', '20.01.4, K.Th.8', 269, NULL, NULL, 'Diproses', '0', NULL, NULL, NULL, NULL, NULL, 'kustomer1@outlook.co.id', '2020-01-30 15:23:37', NULL, NULL),
	(1016, '0004/LP Balittanah/01/2020', '20.01.4, K.Th.8', 273, NULL, NULL, 'Diproses', '0', NULL, NULL, NULL, NULL, NULL, 'kustomer1@outlook.co.id', '2020-01-30 15:23:37', NULL, NULL),
	(1017, '0005/LP Balittanah/01/2020', '20.01.5, K.P.9', 244, NULL, NULL, 'Menunggu', '0', NULL, NULL, NULL, NULL, NULL, 'pt.inovasi.natural.bio.organik@gmail.com', '2020-01-31 10:13:42', NULL, NULL),
	(1018, '0005/LP Balittanah/01/2020', '20.01.5, K.P.9', 245, NULL, NULL, 'Menunggu', '0', NULL, NULL, NULL, NULL, NULL, 'pt.inovasi.natural.bio.organik@gmail.com', '2020-01-31 10:13:42', NULL, NULL),
	(1019, '0005/LP Balittanah/01/2020', '20.01.5, K.P.9', 246, NULL, NULL, 'Menunggu', '0', NULL, NULL, NULL, NULL, NULL, 'pt.inovasi.natural.bio.organik@gmail.com', '2020-01-31 10:13:42', NULL, NULL),
	(1020, '0005/LP Balittanah/01/2020', '20.01.5, K.P.9', 247, NULL, NULL, 'Menunggu', '0', NULL, NULL, NULL, NULL, NULL, 'pt.inovasi.natural.bio.organik@gmail.com', '2020-01-31 10:13:42', NULL, NULL),
	(1021, '0005/LP Balittanah/01/2020', '20.01.5, K.P.9', 248, NULL, NULL, 'Menunggu', '0', NULL, NULL, NULL, NULL, NULL, 'pt.inovasi.natural.bio.organik@gmail.com', '2020-01-31 10:13:42', NULL, NULL),
	(1022, '0005/LP Balittanah/01/2020', '20.01.5, K.P.9', 249, NULL, NULL, 'Menunggu', '0', NULL, NULL, NULL, NULL, NULL, 'pt.inovasi.natural.bio.organik@gmail.com', '2020-01-31 10:13:42', NULL, NULL),
	(1023, '0005/LP Balittanah/01/2020', '20.01.5, K.P.9', 250, NULL, NULL, 'Menunggu', '0', NULL, NULL, NULL, NULL, NULL, 'pt.inovasi.natural.bio.organik@gmail.com', '2020-01-31 10:13:42', NULL, NULL),
	(1024, '0005/LP Balittanah/01/2020', '20.01.5, K.P.9', 251, NULL, NULL, 'Menunggu', '0', NULL, NULL, NULL, NULL, NULL, 'pt.inovasi.natural.bio.organik@gmail.com', '2020-01-31 10:13:42', NULL, NULL),
	(1025, '0005/LP Balittanah/01/2020', '20.01.5, K.P.9', 252, NULL, NULL, 'Menunggu', '0', NULL, NULL, NULL, NULL, NULL, 'pt.inovasi.natural.bio.organik@gmail.com', '2020-01-31 10:13:42', NULL, NULL),
	(1026, '0005/LP Balittanah/01/2020', '20.01.5, K.P.9', 254, NULL, NULL, 'Menunggu', '0', NULL, NULL, NULL, NULL, NULL, 'pt.inovasi.natural.bio.organik@gmail.com', '2020-01-31 10:13:42', NULL, NULL),
	(1027, '0005/LP Balittanah/01/2020', '20.01.5, K.P.9', 255, NULL, NULL, 'Menunggu', '0', NULL, NULL, NULL, NULL, NULL, 'pt.inovasi.natural.bio.organik@gmail.com', '2020-01-31 10:13:42', NULL, NULL),
	(1028, '0005/LP Balittanah/01/2020', '20.01.5, K.P.9', 256, NULL, NULL, 'Menunggu', '0', NULL, NULL, NULL, NULL, NULL, 'pt.inovasi.natural.bio.organik@gmail.com', '2020-01-31 10:13:42', NULL, NULL),
	(1029, '0005/LP Balittanah/01/2020', '20.01.5, K.P.9', 257, NULL, NULL, 'Menunggu', '0', NULL, NULL, NULL, NULL, NULL, 'pt.inovasi.natural.bio.organik@gmail.com', '2020-01-31 10:13:42', NULL, NULL),
	(1030, '0005/LP Balittanah/01/2020', '20.01.5, K.P.9', 258, NULL, NULL, 'Menunggu', '0', NULL, NULL, NULL, NULL, NULL, 'pt.inovasi.natural.bio.organik@gmail.com', '2020-01-31 10:13:42', NULL, NULL),
	(1031, '0005/LP Balittanah/01/2020', '20.01.5, K.P.9', 259, NULL, NULL, 'Menunggu', '0', NULL, NULL, NULL, NULL, NULL, 'pt.inovasi.natural.bio.organik@gmail.com', '2020-01-31 10:13:42', NULL, NULL),
	(1032, '0005/LP Balittanah/01/2020', '20.01.5, K.P.9', 260, NULL, NULL, 'Menunggu', '0', NULL, NULL, NULL, NULL, NULL, 'pt.inovasi.natural.bio.organik@gmail.com', '2020-01-31 10:13:42', NULL, NULL),
	(1033, '0005/LP Balittanah/01/2020', '20.01.5, K.P.9', 261, NULL, NULL, 'Menunggu', '0', NULL, NULL, NULL, NULL, NULL, 'pt.inovasi.natural.bio.organik@gmail.com', '2020-01-31 10:13:42', NULL, NULL),
	(1034, '0005/LP Balittanah/01/2020', '20.01.5, K.P.9', 262, NULL, NULL, 'Menunggu', '0', NULL, NULL, NULL, NULL, NULL, 'pt.inovasi.natural.bio.organik@gmail.com', '2020-01-31 10:13:42', NULL, NULL),
	(1035, '0005/LP Balittanah/01/2020', '20.01.5, K.P.9', 263, NULL, NULL, 'Menunggu', '0', NULL, NULL, NULL, NULL, NULL, 'pt.inovasi.natural.bio.organik@gmail.com', '2020-01-31 10:13:42', NULL, NULL),
	(1036, '0005/LP Balittanah/01/2020', '20.01.5, K.P.9', 264, NULL, NULL, 'Menunggu', '0', NULL, NULL, NULL, NULL, NULL, 'pt.inovasi.natural.bio.organik@gmail.com', '2020-01-31 10:13:42', NULL, NULL),
	(1037, '0006/LP Balittanah/02/2020', '20.02.6, K.P.10', 244, NULL, NULL, 'Menunggu', '0', NULL, NULL, NULL, NULL, NULL, 'Zuhriansyahsiregar@gmail.com', '2020-02-06 14:53:12', NULL, NULL),
	(1038, '0006/LP Balittanah/02/2020', '20.02.6, K.P.10', 245, NULL, NULL, 'Menunggu', '0', NULL, NULL, NULL, NULL, NULL, 'Zuhriansyahsiregar@gmail.com', '2020-02-06 14:53:12', NULL, NULL),
	(1039, '0006/LP Balittanah/02/2020', '20.02.6, K.P.10', 246, NULL, NULL, 'Menunggu', '0', NULL, NULL, NULL, NULL, NULL, 'Zuhriansyahsiregar@gmail.com', '2020-02-06 14:53:12', NULL, NULL),
	(1040, '0006/LP Balittanah/02/2020', '20.02.6, K.P.10', 247, NULL, NULL, 'Menunggu', '0', NULL, NULL, NULL, NULL, NULL, 'Zuhriansyahsiregar@gmail.com', '2020-02-06 14:53:12', NULL, NULL),
	(1041, '0006/LP Balittanah/02/2020', '20.02.6, K.P.10', 248, NULL, NULL, 'Menunggu', '0', NULL, NULL, NULL, NULL, NULL, 'Zuhriansyahsiregar@gmail.com', '2020-02-06 14:53:12', NULL, NULL),
	(1042, '0006/LP Balittanah/02/2020', '20.02.6, K.P.10', 249, NULL, NULL, 'Menunggu', '0', NULL, NULL, NULL, NULL, NULL, 'Zuhriansyahsiregar@gmail.com', '2020-02-06 14:53:12', NULL, NULL),
	(1043, '0006/LP Balittanah/02/2020', '20.02.6, K.P.10', 250, NULL, NULL, 'Menunggu', '0', NULL, NULL, NULL, NULL, NULL, 'Zuhriansyahsiregar@gmail.com', '2020-02-06 14:53:12', NULL, NULL),
	(1044, '0006/LP Balittanah/02/2020', '20.02.6, K.P.10', 251, NULL, NULL, 'Menunggu', '0', NULL, NULL, NULL, NULL, NULL, 'Zuhriansyahsiregar@gmail.com', '2020-02-06 14:53:12', NULL, NULL),
	(1045, '0006/LP Balittanah/02/2020', '20.02.6, K.P.10', 252, NULL, NULL, 'Menunggu', '0', NULL, NULL, NULL, NULL, NULL, 'Zuhriansyahsiregar@gmail.com', '2020-02-06 14:53:12', NULL, NULL),
	(1046, '0006/LP Balittanah/02/2020', '20.02.6, K.P.10', 254, NULL, NULL, 'Menunggu', '0', NULL, NULL, NULL, NULL, NULL, 'Zuhriansyahsiregar@gmail.com', '2020-02-06 14:53:12', NULL, NULL),
	(1047, '0006/LP Balittanah/02/2020', '20.02.6, K.P.10', 255, NULL, NULL, 'Menunggu', '0', NULL, NULL, NULL, NULL, NULL, 'Zuhriansyahsiregar@gmail.com', '2020-02-06 14:53:12', NULL, NULL),
	(1048, '0006/LP Balittanah/02/2020', '20.02.6, K.P.10', 256, NULL, NULL, 'Menunggu', '0', NULL, NULL, NULL, NULL, NULL, 'Zuhriansyahsiregar@gmail.com', '2020-02-06 14:53:12', NULL, NULL),
	(1049, '0006/LP Balittanah/02/2020', '20.02.6, K.P.10', 257, NULL, NULL, 'Menunggu', '0', NULL, NULL, NULL, NULL, NULL, 'Zuhriansyahsiregar@gmail.com', '2020-02-06 14:53:12', NULL, NULL),
	(1050, '0006/LP Balittanah/02/2020', '20.02.6, K.P.10', 258, NULL, NULL, 'Menunggu', '0', NULL, NULL, NULL, NULL, NULL, 'Zuhriansyahsiregar@gmail.com', '2020-02-06 14:53:12', NULL, NULL),
	(1051, '0006/LP Balittanah/02/2020', '20.02.6, K.P.10', 259, NULL, NULL, 'Menunggu', '0', NULL, NULL, NULL, NULL, NULL, 'Zuhriansyahsiregar@gmail.com', '2020-02-06 14:53:12', NULL, NULL),
	(1052, '0006/LP Balittanah/02/2020', '20.02.6, K.P.10', 260, NULL, NULL, 'Menunggu', '0', NULL, NULL, NULL, NULL, NULL, 'Zuhriansyahsiregar@gmail.com', '2020-02-06 14:53:12', NULL, NULL),
	(1053, '0006/LP Balittanah/02/2020', '20.02.6, K.P.10', 261, NULL, NULL, 'Menunggu', '0', NULL, NULL, NULL, NULL, NULL, 'Zuhriansyahsiregar@gmail.com', '2020-02-06 14:53:12', NULL, NULL),
	(1054, '0006/LP Balittanah/02/2020', '20.02.6, K.P.10', 262, NULL, NULL, 'Menunggu', '0', NULL, NULL, NULL, NULL, NULL, 'Zuhriansyahsiregar@gmail.com', '2020-02-06 14:53:12', NULL, NULL),
	(1055, '0006/LP Balittanah/02/2020', '20.02.6, K.P.10', 263, NULL, NULL, 'Menunggu', '0', NULL, NULL, NULL, NULL, NULL, 'Zuhriansyahsiregar@gmail.com', '2020-02-06 14:53:12', NULL, NULL),
	(1056, '0006/LP Balittanah/02/2020', '20.02.6, K.P.10', 264, NULL, NULL, 'Menunggu', '0', NULL, NULL, NULL, NULL, NULL, 'Zuhriansyahsiregar@gmail.com', '2020-02-06 14:53:12', NULL, NULL),
	(1057, '0007/LP Balittanah/02/2020', '20.02.7, K.Th.11', 265, NULL, NULL, 'Menunggu', '0', NULL, NULL, NULL, NULL, NULL, 'kustomer1@outlook.co.id', '2020-02-07 15:47:49', NULL, NULL),
	(1058, '0007/LP Balittanah/02/2020', '20.02.7, K.Th.11', 267, NULL, NULL, 'Menunggu', '0', NULL, NULL, NULL, NULL, NULL, 'kustomer1@outlook.co.id', '2020-02-07 15:47:49', NULL, NULL),
	(1059, '0007/LP Balittanah/02/2020', '20.02.7, K.Th.11', 268, NULL, NULL, 'Menunggu', '0', NULL, NULL, NULL, NULL, NULL, 'kustomer1@outlook.co.id', '2020-02-07 15:47:49', NULL, NULL),
	(1060, '0007/LP Balittanah/02/2020', '20.02.7, K.Th.11', 414, NULL, NULL, 'Menunggu', '0', NULL, NULL, NULL, NULL, NULL, 'kustomer1@outlook.co.id', '2020-02-07 15:47:49', NULL, NULL),
	(1061, '0007/LP Balittanah/02/2020', '20.02.7, K.Th.11', 415, NULL, NULL, 'Menunggu', '0', NULL, NULL, NULL, NULL, NULL, 'kustomer1@outlook.co.id', '2020-02-07 15:47:49', NULL, NULL),
	(1062, '0007/LP Balittanah/02/2020', '20.02.7, K.Th.12', 265, NULL, NULL, 'Menunggu', '0', NULL, NULL, NULL, NULL, NULL, 'kustomer1@outlook.co.id', '2020-02-07 15:47:49', NULL, NULL),
	(1063, '0007/LP Balittanah/02/2020', '20.02.7, K.Th.12', 267, NULL, NULL, 'Menunggu', '0', NULL, NULL, NULL, NULL, NULL, 'kustomer1@outlook.co.id', '2020-02-07 15:47:49', NULL, NULL),
	(1064, '0007/LP Balittanah/02/2020', '20.02.7, K.Th.12', 268, NULL, NULL, 'Menunggu', '0', NULL, NULL, NULL, NULL, NULL, 'kustomer1@outlook.co.id', '2020-02-07 15:47:49', NULL, NULL),
	(1065, '0007/LP Balittanah/02/2020', '20.02.7, K.Th.12', 414, NULL, NULL, 'Menunggu', '0', NULL, NULL, NULL, NULL, NULL, 'kustomer1@outlook.co.id', '2020-02-07 15:47:49', NULL, NULL),
	(1066, '0007/LP Balittanah/02/2020', '20.02.7, K.Th.12', 415, NULL, NULL, 'Menunggu', '0', NULL, NULL, NULL, NULL, NULL, 'kustomer1@outlook.co.id', '2020-02-07 15:47:49', NULL, NULL),
	(1067, '0007/LP Balittanah/02/2020', '20.02.7, K.Th.13', 265, NULL, NULL, 'Menunggu', '0', NULL, NULL, NULL, NULL, NULL, 'kustomer1@outlook.co.id', '2020-02-07 15:47:49', NULL, NULL),
	(1068, '0007/LP Balittanah/02/2020', '20.02.7, K.Th.13', 267, NULL, NULL, 'Menunggu', '0', NULL, NULL, NULL, NULL, NULL, 'kustomer1@outlook.co.id', '2020-02-07 15:47:49', NULL, NULL),
	(1069, '0007/LP Balittanah/02/2020', '20.02.7, K.Th.13', 268, NULL, NULL, 'Menunggu', '0', NULL, NULL, NULL, NULL, NULL, 'kustomer1@outlook.co.id', '2020-02-07 15:47:49', NULL, NULL),
	(1070, '0007/LP Balittanah/02/2020', '20.02.7, K.Th.13', 414, NULL, NULL, 'Menunggu', '0', NULL, NULL, NULL, NULL, NULL, 'kustomer1@outlook.co.id', '2020-02-07 15:47:49', NULL, NULL),
	(1071, '0007/LP Balittanah/02/2020', '20.02.7, K.Th.13', 415, NULL, NULL, 'Menunggu', '0', NULL, NULL, NULL, NULL, NULL, 'kustomer1@outlook.co.id', '2020-02-07 15:47:49', NULL, NULL),
	(1072, '0007/LP Balittanah/02/2020', '20.02.7, K.Th.14', 265, NULL, NULL, 'Menunggu', '0', NULL, NULL, NULL, NULL, NULL, 'kustomer1@outlook.co.id', '2020-02-07 15:47:49', NULL, NULL),
	(1073, '0007/LP Balittanah/02/2020', '20.02.7, K.Th.14', 267, NULL, NULL, 'Menunggu', '0', NULL, NULL, NULL, NULL, NULL, 'kustomer1@outlook.co.id', '2020-02-07 15:47:49', NULL, NULL),
	(1074, '0007/LP Balittanah/02/2020', '20.02.7, K.Th.14', 268, NULL, NULL, 'Menunggu', '0', NULL, NULL, NULL, NULL, NULL, 'kustomer1@outlook.co.id', '2020-02-07 15:47:49', NULL, NULL),
	(1075, '0007/LP Balittanah/02/2020', '20.02.7, K.Th.14', 414, NULL, NULL, 'Menunggu', '0', NULL, NULL, NULL, NULL, NULL, 'kustomer1@outlook.co.id', '2020-02-07 15:47:49', NULL, NULL),
	(1076, '0007/LP Balittanah/02/2020', '20.02.7, K.Th.14', 415, NULL, NULL, 'Menunggu', '0', NULL, NULL, NULL, NULL, NULL, 'kustomer1@outlook.co.id', '2020-02-07 15:47:49', NULL, NULL),
	(1077, '0007/LP Balittanah/02/2020', '20.02.7, K.Th.15', 265, NULL, NULL, 'Menunggu', '0', NULL, NULL, NULL, NULL, NULL, 'kustomer1@outlook.co.id', '2020-02-07 15:47:49', NULL, NULL),
	(1078, '0007/LP Balittanah/02/2020', '20.02.7, K.Th.15', 267, NULL, NULL, 'Menunggu', '0', NULL, NULL, NULL, NULL, NULL, 'kustomer1@outlook.co.id', '2020-02-07 15:47:49', NULL, NULL),
	(1079, '0007/LP Balittanah/02/2020', '20.02.7, K.Th.15', 268, NULL, NULL, 'Menunggu', '0', NULL, NULL, NULL, NULL, NULL, 'kustomer1@outlook.co.id', '2020-02-07 15:47:49', NULL, NULL),
	(1080, '0007/LP Balittanah/02/2020', '20.02.7, K.Th.15', 414, NULL, NULL, 'Menunggu', '0', NULL, NULL, NULL, NULL, NULL, 'kustomer1@outlook.co.id', '2020-02-07 15:47:49', NULL, NULL),
	(1081, '0007/LP Balittanah/02/2020', '20.02.7, K.Th.15', 415, NULL, NULL, 'Menunggu', '0', NULL, NULL, NULL, NULL, NULL, 'kustomer1@outlook.co.id', '2020-02-07 15:47:49', NULL, NULL),
	(1082, '0007/LP Balittanah/02/2020', '20.02.7, K.Th.16', 265, NULL, NULL, 'Menunggu', '0', NULL, NULL, NULL, NULL, NULL, 'kustomer1@outlook.co.id', '2020-02-07 15:47:49', NULL, NULL),
	(1083, '0007/LP Balittanah/02/2020', '20.02.7, K.Th.16', 267, NULL, NULL, 'Menunggu', '0', NULL, NULL, NULL, NULL, NULL, 'kustomer1@outlook.co.id', '2020-02-07 15:47:49', NULL, NULL),
	(1084, '0007/LP Balittanah/02/2020', '20.02.7, K.Th.16', 268, NULL, NULL, 'Menunggu', '0', NULL, NULL, NULL, NULL, NULL, 'kustomer1@outlook.co.id', '2020-02-07 15:47:49', NULL, NULL),
	(1085, '0007/LP Balittanah/02/2020', '20.02.7, K.Th.16', 414, NULL, NULL, 'Menunggu', '0', NULL, NULL, NULL, NULL, NULL, 'kustomer1@outlook.co.id', '2020-02-07 15:47:49', NULL, NULL),
	(1086, '0007/LP Balittanah/02/2020', '20.02.7, K.Th.16', 415, NULL, NULL, 'Menunggu', '0', NULL, NULL, NULL, NULL, NULL, 'kustomer1@outlook.co.id', '2020-02-07 15:47:49', NULL, NULL),
	(1087, '0007/LP Balittanah/02/2020', '20.02.7, K.Th.17', 265, NULL, NULL, 'Menunggu', '0', NULL, NULL, NULL, NULL, NULL, 'kustomer1@outlook.co.id', '2020-02-07 15:47:49', NULL, NULL),
	(1088, '0007/LP Balittanah/02/2020', '20.02.7, K.Th.17', 267, NULL, NULL, 'Menunggu', '0', NULL, NULL, NULL, NULL, NULL, 'kustomer1@outlook.co.id', '2020-02-07 15:47:49', NULL, NULL),
	(1089, '0007/LP Balittanah/02/2020', '20.02.7, K.Th.17', 268, NULL, NULL, 'Menunggu', '0', NULL, NULL, NULL, NULL, NULL, 'kustomer1@outlook.co.id', '2020-02-07 15:47:49', NULL, NULL),
	(1090, '0007/LP Balittanah/02/2020', '20.02.7, K.Th.17', 414, NULL, NULL, 'Menunggu', '0', NULL, NULL, NULL, NULL, NULL, 'kustomer1@outlook.co.id', '2020-02-07 15:47:49', NULL, NULL),
	(1091, '0007/LP Balittanah/02/2020', '20.02.7, K.Th.17', 415, NULL, NULL, 'Menunggu', '0', NULL, NULL, NULL, NULL, NULL, 'kustomer1@outlook.co.id', '2020-02-07 15:47:49', NULL, NULL),
	(1092, '0007/LP Balittanah/02/2020', '20.02.7, K.Th.18', 265, NULL, NULL, 'Menunggu', '0', NULL, NULL, NULL, NULL, NULL, 'kustomer1@outlook.co.id', '2020-02-07 15:47:49', NULL, NULL),
	(1093, '0007/LP Balittanah/02/2020', '20.02.7, K.Th.18', 267, NULL, NULL, 'Menunggu', '0', NULL, NULL, NULL, NULL, NULL, 'kustomer1@outlook.co.id', '2020-02-07 15:47:49', NULL, NULL),
	(1094, '0007/LP Balittanah/02/2020', '20.02.7, K.Th.18', 268, NULL, NULL, 'Menunggu', '0', NULL, NULL, NULL, NULL, NULL, 'kustomer1@outlook.co.id', '2020-02-07 15:47:49', NULL, NULL),
	(1095, '0007/LP Balittanah/02/2020', '20.02.7, K.Th.18', 414, NULL, NULL, 'Menunggu', '0', NULL, NULL, NULL, NULL, NULL, 'kustomer1@outlook.co.id', '2020-02-07 15:47:49', NULL, NULL),
	(1096, '0007/LP Balittanah/02/2020', '20.02.7, K.Th.18', 415, NULL, NULL, 'Menunggu', '0', NULL, NULL, NULL, NULL, NULL, 'kustomer1@outlook.co.id', '2020-02-07 15:47:49', NULL, NULL),
	(1097, '0007/LP Balittanah/02/2020', '20.02.7, K.Th.19', 265, NULL, NULL, 'Menunggu', '0', NULL, NULL, NULL, NULL, NULL, 'kustomer1@outlook.co.id', '2020-02-07 15:47:49', NULL, NULL),
	(1098, '0007/LP Balittanah/02/2020', '20.02.7, K.Th.19', 267, NULL, NULL, 'Menunggu', '0', NULL, NULL, NULL, NULL, NULL, 'kustomer1@outlook.co.id', '2020-02-07 15:47:49', NULL, NULL),
	(1099, '0007/LP Balittanah/02/2020', '20.02.7, K.Th.19', 268, NULL, NULL, 'Menunggu', '0', NULL, NULL, NULL, NULL, NULL, 'kustomer1@outlook.co.id', '2020-02-07 15:47:49', NULL, NULL),
	(1100, '0007/LP Balittanah/02/2020', '20.02.7, K.Th.19', 414, NULL, NULL, 'Menunggu', '0', NULL, NULL, NULL, NULL, NULL, 'kustomer1@outlook.co.id', '2020-02-07 15:47:49', NULL, NULL),
	(1101, '0007/LP Balittanah/02/2020', '20.02.7, K.Th.19', 415, NULL, NULL, 'Menunggu', '0', NULL, NULL, NULL, NULL, NULL, 'kustomer1@outlook.co.id', '2020-02-07 15:47:49', NULL, NULL),
	(1102, '0007/LP Balittanah/02/2020', '20.02.7, K.Th.20', 265, NULL, NULL, 'Menunggu', '0', NULL, NULL, NULL, NULL, NULL, 'kustomer1@outlook.co.id', '2020-02-07 15:47:49', NULL, NULL),
	(1103, '0007/LP Balittanah/02/2020', '20.02.7, K.Th.20', 267, NULL, NULL, 'Menunggu', '0', NULL, NULL, NULL, NULL, NULL, 'kustomer1@outlook.co.id', '2020-02-07 15:47:49', NULL, NULL),
	(1104, '0007/LP Balittanah/02/2020', '20.02.7, K.Th.20', 268, NULL, NULL, 'Menunggu', '0', NULL, NULL, NULL, NULL, NULL, 'kustomer1@outlook.co.id', '2020-02-07 15:47:49', NULL, NULL),
	(1105, '0007/LP Balittanah/02/2020', '20.02.7, K.Th.20', 414, NULL, NULL, 'Menunggu', '0', NULL, NULL, NULL, NULL, NULL, 'kustomer1@outlook.co.id', '2020-02-07 15:47:49', NULL, NULL),
	(1106, '0007/LP Balittanah/02/2020', '20.02.7, K.Th.20', 415, NULL, NULL, 'Menunggu', '0', NULL, NULL, NULL, NULL, NULL, 'kustomer1@outlook.co.id', '2020-02-07 15:47:49', NULL, NULL),
	(1107, '0007/LP Balittanah/02/2020', '20.02.7, K.Th.21', 265, NULL, NULL, 'Menunggu', '0', NULL, NULL, NULL, NULL, NULL, 'kustomer1@outlook.co.id', '2020-02-07 15:47:49', NULL, NULL),
	(1108, '0007/LP Balittanah/02/2020', '20.02.7, K.Th.21', 267, NULL, NULL, 'Menunggu', '0', NULL, NULL, NULL, NULL, NULL, 'kustomer1@outlook.co.id', '2020-02-07 15:47:49', NULL, NULL),
	(1109, '0007/LP Balittanah/02/2020', '20.02.7, K.Th.21', 268, NULL, NULL, 'Menunggu', '0', NULL, NULL, NULL, NULL, NULL, 'kustomer1@outlook.co.id', '2020-02-07 15:47:49', NULL, NULL),
	(1110, '0007/LP Balittanah/02/2020', '20.02.7, K.Th.21', 414, NULL, NULL, 'Menunggu', '0', NULL, NULL, NULL, NULL, NULL, 'kustomer1@outlook.co.id', '2020-02-07 15:47:49', NULL, NULL),
	(1111, '0007/LP Balittanah/02/2020', '20.02.7, K.Th.21', 415, NULL, NULL, 'Menunggu', '0', NULL, NULL, NULL, NULL, NULL, 'kustomer1@outlook.co.id', '2020-02-07 15:47:49', NULL, NULL),
	(1112, '0008/LP Balittanah/02/2020', '20.02.8, B.P.22', 340, NULL, NULL, 'Menunggu', '0', NULL, NULL, NULL, NULL, NULL, 'llaborattoriiummiikrobiollogii@gmail.com', '2020-02-10 08:55:53', NULL, NULL),
	(1113, '0009/LP Balittanah/02/2020', '20.02.9, K.Th.23', 265, NULL, NULL, 'Menunggu', '0', NULL, NULL, NULL, NULL, NULL, 'andysaryoko@yahoo.com', '2020-02-10 13:50:19', NULL, NULL),
	(1114, '0009/LP Balittanah/02/2020', '20.02.9, K.Th.23', 266, NULL, NULL, 'Menunggu', '0', NULL, NULL, NULL, NULL, NULL, 'andysaryoko@yahoo.com', '2020-02-10 13:50:19', NULL, NULL),
	(1115, '0009/LP Balittanah/02/2020', '20.02.9, K.Th.23', 267, NULL, NULL, 'Menunggu', '0', NULL, NULL, NULL, NULL, NULL, 'andysaryoko@yahoo.com', '2020-02-10 13:50:19', NULL, NULL),
	(1116, '0009/LP Balittanah/02/2020', '20.02.9, K.Th.23', 268, NULL, NULL, 'Menunggu', '0', NULL, NULL, NULL, NULL, NULL, 'andysaryoko@yahoo.com', '2020-02-10 13:50:19', NULL, NULL),
	(1117, '0009/LP Balittanah/02/2020', '20.02.9, K.Th.23', 269, NULL, NULL, 'Menunggu', '0', NULL, NULL, NULL, NULL, NULL, 'andysaryoko@yahoo.com', '2020-02-10 13:50:19', NULL, NULL),
	(1118, '0009/LP Balittanah/02/2020', '20.02.9, K.Th.23', 273, NULL, NULL, 'Menunggu', '0', NULL, NULL, NULL, NULL, NULL, 'andysaryoko@yahoo.com', '2020-02-10 13:50:19', NULL, NULL),
	(1119, '0009/LP Balittanah/02/2020', '20.02.9, K.Th.23', 403, NULL, NULL, 'Menunggu', '0', NULL, NULL, NULL, NULL, NULL, 'andysaryoko@yahoo.com', '2020-02-10 13:50:19', NULL, NULL),
	(1120, '0009/LP Balittanah/02/2020', '20.02.9, K.Th.23', 404, NULL, NULL, 'Menunggu', '0', NULL, NULL, NULL, NULL, NULL, 'andysaryoko@yahoo.com', '2020-02-10 13:50:19', NULL, NULL),
	(1121, '0009/LP Balittanah/02/2020', '20.02.9, K.Th.23', 405, NULL, NULL, 'Menunggu', '0', NULL, NULL, NULL, NULL, NULL, 'andysaryoko@yahoo.com', '2020-02-10 13:50:19', NULL, NULL),
	(1122, '0009/LP Balittanah/02/2020', '20.02.9, K.Th.23', 406, NULL, NULL, 'Menunggu', '0', NULL, NULL, NULL, NULL, NULL, 'andysaryoko@yahoo.com', '2020-02-10 13:50:19', NULL, NULL),
	(1123, '0009/LP Balittanah/02/2020', '20.02.9, K.Th.23', 407, NULL, NULL, 'Menunggu', '0', NULL, NULL, NULL, NULL, NULL, 'andysaryoko@yahoo.com', '2020-02-10 13:50:19', NULL, NULL),
	(1124, '0009/LP Balittanah/02/2020', '20.02.9, K.Th.23', 408, NULL, NULL, 'Menunggu', '0', NULL, NULL, NULL, NULL, NULL, 'andysaryoko@yahoo.com', '2020-02-10 13:50:19', NULL, NULL),
	(1125, '0009/LP Balittanah/02/2020', '20.02.9, K.Th.23', 409, NULL, NULL, 'Menunggu', '0', NULL, NULL, NULL, NULL, NULL, 'andysaryoko@yahoo.com', '2020-02-10 13:50:19', NULL, NULL),
	(1126, '0009/LP Balittanah/02/2020', '20.02.9, K.Th.23', 410, NULL, NULL, 'Menunggu', '0', NULL, NULL, NULL, NULL, NULL, 'andysaryoko@yahoo.com', '2020-02-10 13:50:19', NULL, NULL),
	(1127, '0009/LP Balittanah/02/2020', '20.02.9, K.Th.23', 411, NULL, NULL, 'Menunggu', '0', NULL, NULL, NULL, NULL, NULL, 'andysaryoko@yahoo.com', '2020-02-10 13:50:19', NULL, NULL),
	(1128, '0009/LP Balittanah/02/2020', '20.02.9, K.Th.23', 412, NULL, NULL, 'Menunggu', '0', NULL, NULL, NULL, NULL, NULL, 'andysaryoko@yahoo.com', '2020-02-10 13:50:19', NULL, NULL),
	(1129, '0009/LP Balittanah/02/2020', '20.02.9, K.Th.23', 413, NULL, NULL, 'Menunggu', '0', NULL, NULL, NULL, NULL, NULL, 'andysaryoko@yahoo.com', '2020-02-10 13:50:19', NULL, NULL),
	(1130, '0009/LP Balittanah/02/2020', '20.02.9, K.Th.23', 414, NULL, NULL, 'Menunggu', '0', NULL, NULL, NULL, NULL, NULL, 'andysaryoko@yahoo.com', '2020-02-10 13:50:19', NULL, NULL),
	(1131, '0009/LP Balittanah/02/2020', '20.02.9, K.Th.23', 415, NULL, NULL, 'Menunggu', '0', NULL, NULL, NULL, NULL, NULL, 'andysaryoko@yahoo.com', '2020-02-10 13:50:19', NULL, NULL),
	(1132, '0009/LP Balittanah/02/2020', '20.02.9, K.Th.24', 265, NULL, NULL, 'Menunggu', '0', NULL, NULL, NULL, NULL, NULL, 'andysaryoko@yahoo.com', '2020-02-10 13:50:19', NULL, NULL),
	(1133, '0009/LP Balittanah/02/2020', '20.02.9, K.Th.24', 266, NULL, NULL, 'Menunggu', '0', NULL, NULL, NULL, NULL, NULL, 'andysaryoko@yahoo.com', '2020-02-10 13:50:19', NULL, NULL),
	(1134, '0009/LP Balittanah/02/2020', '20.02.9, K.Th.24', 267, NULL, NULL, 'Menunggu', '0', NULL, NULL, NULL, NULL, NULL, 'andysaryoko@yahoo.com', '2020-02-10 13:50:19', NULL, NULL),
	(1135, '0009/LP Balittanah/02/2020', '20.02.9, K.Th.24', 268, NULL, NULL, 'Menunggu', '0', NULL, NULL, NULL, NULL, NULL, 'andysaryoko@yahoo.com', '2020-02-10 13:50:19', NULL, NULL),
	(1136, '0009/LP Balittanah/02/2020', '20.02.9, K.Th.24', 269, NULL, NULL, 'Menunggu', '0', NULL, NULL, NULL, NULL, NULL, 'andysaryoko@yahoo.com', '2020-02-10 13:50:19', NULL, NULL),
	(1137, '0009/LP Balittanah/02/2020', '20.02.9, K.Th.24', 273, NULL, NULL, 'Menunggu', '0', NULL, NULL, NULL, NULL, NULL, 'andysaryoko@yahoo.com', '2020-02-10 13:50:19', NULL, NULL),
	(1138, '0009/LP Balittanah/02/2020', '20.02.9, K.Th.24', 403, NULL, NULL, 'Menunggu', '0', NULL, NULL, NULL, NULL, NULL, 'andysaryoko@yahoo.com', '2020-02-10 13:50:19', NULL, NULL),
	(1139, '0009/LP Balittanah/02/2020', '20.02.9, K.Th.24', 404, NULL, NULL, 'Menunggu', '0', NULL, NULL, NULL, NULL, NULL, 'andysaryoko@yahoo.com', '2020-02-10 13:50:19', NULL, NULL),
	(1140, '0009/LP Balittanah/02/2020', '20.02.9, K.Th.24', 405, NULL, NULL, 'Menunggu', '0', NULL, NULL, NULL, NULL, NULL, 'andysaryoko@yahoo.com', '2020-02-10 13:50:19', NULL, NULL),
	(1141, '0009/LP Balittanah/02/2020', '20.02.9, K.Th.24', 406, NULL, NULL, 'Menunggu', '0', NULL, NULL, NULL, NULL, NULL, 'andysaryoko@yahoo.com', '2020-02-10 13:50:19', NULL, NULL),
	(1142, '0009/LP Balittanah/02/2020', '20.02.9, K.Th.24', 407, NULL, NULL, 'Menunggu', '0', NULL, NULL, NULL, NULL, NULL, 'andysaryoko@yahoo.com', '2020-02-10 13:50:19', NULL, NULL),
	(1143, '0009/LP Balittanah/02/2020', '20.02.9, K.Th.24', 408, NULL, NULL, 'Menunggu', '0', NULL, NULL, NULL, NULL, NULL, 'andysaryoko@yahoo.com', '2020-02-10 13:50:19', NULL, NULL),
	(1144, '0009/LP Balittanah/02/2020', '20.02.9, K.Th.24', 409, NULL, NULL, 'Menunggu', '0', NULL, NULL, NULL, NULL, NULL, 'andysaryoko@yahoo.com', '2020-02-10 13:50:19', NULL, NULL),
	(1145, '0009/LP Balittanah/02/2020', '20.02.9, K.Th.24', 410, NULL, NULL, 'Menunggu', '0', NULL, NULL, NULL, NULL, NULL, 'andysaryoko@yahoo.com', '2020-02-10 13:50:19', NULL, NULL),
	(1146, '0009/LP Balittanah/02/2020', '20.02.9, K.Th.24', 411, NULL, NULL, 'Menunggu', '0', NULL, NULL, NULL, NULL, NULL, 'andysaryoko@yahoo.com', '2020-02-10 13:50:19', NULL, NULL),
	(1147, '0009/LP Balittanah/02/2020', '20.02.9, K.Th.24', 412, NULL, NULL, 'Menunggu', '0', NULL, NULL, NULL, NULL, NULL, 'andysaryoko@yahoo.com', '2020-02-10 13:50:19', NULL, NULL),
	(1148, '0009/LP Balittanah/02/2020', '20.02.9, K.Th.24', 413, NULL, NULL, 'Menunggu', '0', NULL, NULL, NULL, NULL, NULL, 'andysaryoko@yahoo.com', '2020-02-10 13:50:19', NULL, NULL),
	(1149, '0009/LP Balittanah/02/2020', '20.02.9, K.Th.24', 414, NULL, NULL, 'Menunggu', '0', NULL, NULL, NULL, NULL, NULL, 'andysaryoko@yahoo.com', '2020-02-10 13:50:19', NULL, NULL),
	(1150, '0009/LP Balittanah/02/2020', '20.02.9, K.Th.24', 415, NULL, NULL, 'Menunggu', '0', NULL, NULL, NULL, NULL, NULL, 'andysaryoko@yahoo.com', '2020-02-10 13:50:19', NULL, NULL),
	(1151, '0010/LP Balittanah/02/2020', '20.02.10, K.P.25', 224, NULL, NULL, 'Menunggu', '0', NULL, NULL, NULL, NULL, NULL, 'biotakemi.id@gmail.com', '2020-02-10 15:11:05', NULL, NULL),
	(1152, '0010/LP Balittanah/02/2020', '20.02.10, K.P.25', 225, NULL, NULL, 'Menunggu', '0', NULL, NULL, NULL, NULL, NULL, 'biotakemi.id@gmail.com', '2020-02-10 15:11:05', NULL, NULL),
	(1153, '0010/LP Balittanah/02/2020', '20.02.10, K.P.25', 226, NULL, NULL, 'Menunggu', '0', NULL, NULL, NULL, NULL, NULL, 'biotakemi.id@gmail.com', '2020-02-10 15:11:05', NULL, NULL),
	(1154, '0010/LP Balittanah/02/2020', '20.02.10, K.P.25', 227, NULL, NULL, 'Menunggu', '0', NULL, NULL, NULL, NULL, NULL, 'biotakemi.id@gmail.com', '2020-02-10 15:11:05', NULL, NULL),
	(1155, '0010/LP Balittanah/02/2020', '20.02.10, K.P.25', 228, NULL, NULL, 'Menunggu', '0', NULL, NULL, NULL, NULL, NULL, 'biotakemi.id@gmail.com', '2020-02-10 15:11:05', NULL, NULL),
	(1156, '0010/LP Balittanah/02/2020', '20.02.10, K.P.25', 229, NULL, NULL, 'Menunggu', '0', NULL, NULL, NULL, NULL, NULL, 'biotakemi.id@gmail.com', '2020-02-10 15:11:05', NULL, NULL),
	(1157, '0010/LP Balittanah/02/2020', '20.02.10, K.P.25', 230, NULL, NULL, 'Menunggu', '0', NULL, NULL, NULL, NULL, NULL, 'biotakemi.id@gmail.com', '2020-02-10 15:11:05', NULL, NULL),
	(1158, '0010/LP Balittanah/02/2020', '20.02.10, K.P.25', 231, NULL, NULL, 'Menunggu', '0', NULL, NULL, NULL, NULL, NULL, 'biotakemi.id@gmail.com', '2020-02-10 15:11:05', NULL, NULL),
	(1159, '0010/LP Balittanah/02/2020', '20.02.10, K.P.25', 232, NULL, NULL, 'Menunggu', '0', NULL, NULL, NULL, NULL, NULL, 'biotakemi.id@gmail.com', '2020-02-10 15:11:05', NULL, NULL),
	(1160, '0010/LP Balittanah/02/2020', '20.02.10, K.P.25', 233, NULL, NULL, 'Menunggu', '0', NULL, NULL, NULL, NULL, NULL, 'biotakemi.id@gmail.com', '2020-02-10 15:11:05', NULL, NULL),
	(1161, '0010/LP Balittanah/02/2020', '20.02.10, K.P.25', 234, NULL, NULL, 'Menunggu', '0', NULL, NULL, NULL, NULL, NULL, 'biotakemi.id@gmail.com', '2020-02-10 15:11:05', NULL, NULL),
	(1162, '0010/LP Balittanah/02/2020', '20.02.10, K.P.25', 235, NULL, NULL, 'Menunggu', '0', NULL, NULL, NULL, NULL, NULL, 'biotakemi.id@gmail.com', '2020-02-10 15:11:05', NULL, NULL),
	(1163, '0010/LP Balittanah/02/2020', '20.02.10, K.P.25', 236, NULL, NULL, 'Menunggu', '0', NULL, NULL, NULL, NULL, NULL, 'biotakemi.id@gmail.com', '2020-02-10 15:11:05', NULL, NULL),
	(1164, '0010/LP Balittanah/02/2020', '20.02.10, K.P.25', 237, NULL, NULL, 'Menunggu', '0', NULL, NULL, NULL, NULL, NULL, 'biotakemi.id@gmail.com', '2020-02-10 15:11:05', NULL, NULL),
	(1165, '0010/LP Balittanah/02/2020', '20.02.10, K.P.25', 238, NULL, NULL, 'Menunggu', '0', NULL, NULL, NULL, NULL, NULL, 'biotakemi.id@gmail.com', '2020-02-10 15:11:05', NULL, NULL),
	(1166, '0010/LP Balittanah/02/2020', '20.02.10, K.P.25', 239, NULL, NULL, 'Menunggu', '0', NULL, NULL, NULL, NULL, NULL, 'biotakemi.id@gmail.com', '2020-02-10 15:11:05', NULL, NULL),
	(1167, '0010/LP Balittanah/02/2020', '20.02.10, K.P.25', 240, NULL, NULL, 'Menunggu', '0', NULL, NULL, NULL, NULL, NULL, 'biotakemi.id@gmail.com', '2020-02-10 15:11:05', NULL, NULL),
	(1168, '0010/LP Balittanah/02/2020', '20.02.10, K.P.25', 241, NULL, NULL, 'Menunggu', '0', NULL, NULL, NULL, NULL, NULL, 'biotakemi.id@gmail.com', '2020-02-10 15:11:05', NULL, NULL),
	(1169, '0010/LP Balittanah/02/2020', '20.02.10, K.P.25', 242, NULL, NULL, 'Menunggu', '0', NULL, NULL, NULL, NULL, NULL, 'biotakemi.id@gmail.com', '2020-02-10 15:11:05', NULL, NULL),
	(1170, '0010/LP Balittanah/02/2020', '20.02.10, K.P.25', 243, NULL, NULL, 'Menunggu', '0', NULL, NULL, NULL, NULL, NULL, 'biotakemi.id@gmail.com', '2020-02-10 15:11:05', NULL, NULL),
	(1171, '0010/LP Balittanah/02/2020', '20.02.10, K.P.25', 253, NULL, NULL, 'Menunggu', '0', NULL, NULL, NULL, NULL, NULL, 'biotakemi.id@gmail.com', '2020-02-10 15:11:05', NULL, NULL),
	(1172, '0011/LP Balittanah/02/2020', '20.02.11, F.Th.100', 383, NULL, NULL, 'Menunggu', '0', NULL, NULL, NULL, NULL, NULL, 'pambudisidiq@gmail.com', '2020-02-14 10:29:30', NULL, NULL),
	(1173, '0011/LP Balittanah/02/2020', '20.02.11, F.Th.100', 384, NULL, NULL, 'Menunggu', '0', NULL, NULL, NULL, NULL, NULL, 'pambudisidiq@gmail.com', '2020-02-14 10:29:30', NULL, NULL),
	(1174, '0011/LP Balittanah/02/2020', '20.02.11, F.Th.100', 385, NULL, NULL, 'Menunggu', '0', NULL, NULL, NULL, NULL, NULL, 'pambudisidiq@gmail.com', '2020-02-14 10:29:30', NULL, NULL),
	(1175, '0011/LP Balittanah/02/2020', '20.02.11, F.Th.101', 383, NULL, NULL, 'Menunggu', '0', NULL, NULL, NULL, NULL, NULL, 'pambudisidiq@gmail.com', '2020-02-14 10:29:30', NULL, NULL),
	(1176, '0011/LP Balittanah/02/2020', '20.02.11, F.Th.101', 384, NULL, NULL, 'Menunggu', '0', NULL, NULL, NULL, NULL, NULL, 'pambudisidiq@gmail.com', '2020-02-14 10:29:30', NULL, NULL),
	(1177, '0011/LP Balittanah/02/2020', '20.02.11, F.Th.101', 385, NULL, NULL, 'Menunggu', '0', NULL, NULL, NULL, NULL, NULL, 'pambudisidiq@gmail.com', '2020-02-14 10:29:30', NULL, NULL),
	(1178, '0011/LP Balittanah/02/2020', '20.02.11, F.Th.102', 383, NULL, NULL, 'Menunggu', '0', NULL, NULL, NULL, NULL, NULL, 'pambudisidiq@gmail.com', '2020-02-14 10:29:30', NULL, NULL),
	(1179, '0011/LP Balittanah/02/2020', '20.02.11, F.Th.102', 384, NULL, NULL, 'Menunggu', '0', NULL, NULL, NULL, NULL, NULL, 'pambudisidiq@gmail.com', '2020-02-14 10:29:30', NULL, NULL),
	(1180, '0011/LP Balittanah/02/2020', '20.02.11, F.Th.102', 385, NULL, NULL, 'Menunggu', '0', NULL, NULL, NULL, NULL, NULL, 'pambudisidiq@gmail.com', '2020-02-14 10:29:30', NULL, NULL),
	(1181, '0011/LP Balittanah/02/2020', '20.02.11, F.Th.103', 383, NULL, NULL, 'Menunggu', '0', NULL, NULL, NULL, NULL, NULL, 'pambudisidiq@gmail.com', '2020-02-14 10:29:30', NULL, NULL),
	(1182, '0011/LP Balittanah/02/2020', '20.02.11, F.Th.103', 384, NULL, NULL, 'Menunggu', '0', NULL, NULL, NULL, NULL, NULL, 'pambudisidiq@gmail.com', '2020-02-14 10:29:30', NULL, NULL),
	(1183, '0011/LP Balittanah/02/2020', '20.02.11, F.Th.103', 385, NULL, NULL, 'Menunggu', '0', NULL, NULL, NULL, NULL, NULL, 'pambudisidiq@gmail.com', '2020-02-14 10:29:30', NULL, NULL),
	(1184, '0011/LP Balittanah/02/2020', '20.02.11, F.Th.104', 383, NULL, NULL, 'Menunggu', '0', NULL, NULL, NULL, NULL, NULL, 'pambudisidiq@gmail.com', '2020-02-14 10:29:30', NULL, NULL),
	(1185, '0011/LP Balittanah/02/2020', '20.02.11, F.Th.104', 384, NULL, NULL, 'Menunggu', '0', NULL, NULL, NULL, NULL, NULL, 'pambudisidiq@gmail.com', '2020-02-14 10:29:30', NULL, NULL),
	(1186, '0011/LP Balittanah/02/2020', '20.02.11, F.Th.104', 385, NULL, NULL, 'Menunggu', '0', NULL, NULL, NULL, NULL, NULL, 'pambudisidiq@gmail.com', '2020-02-14 10:29:30', NULL, NULL),
	(1187, '0011/LP Balittanah/02/2020', '20.02.11, F.Th.105', 383, NULL, NULL, 'Menunggu', '0', NULL, NULL, NULL, NULL, NULL, 'pambudisidiq@gmail.com', '2020-02-14 10:29:30', NULL, NULL),
	(1188, '0011/LP Balittanah/02/2020', '20.02.11, F.Th.105', 384, NULL, NULL, 'Menunggu', '0', NULL, NULL, NULL, NULL, NULL, 'pambudisidiq@gmail.com', '2020-02-14 10:29:30', NULL, NULL),
	(1189, '0011/LP Balittanah/02/2020', '20.02.11, F.Th.105', 385, NULL, NULL, 'Menunggu', '0', NULL, NULL, NULL, NULL, NULL, 'pambudisidiq@gmail.com', '2020-02-14 10:29:30', NULL, NULL),
	(1190, '0011/LP Balittanah/02/2020', '20.02.11, F.Th.106', 383, NULL, NULL, 'Menunggu', '0', NULL, NULL, NULL, NULL, NULL, 'pambudisidiq@gmail.com', '2020-02-14 10:29:30', NULL, NULL),
	(1191, '0011/LP Balittanah/02/2020', '20.02.11, F.Th.106', 384, NULL, NULL, 'Menunggu', '0', NULL, NULL, NULL, NULL, NULL, 'pambudisidiq@gmail.com', '2020-02-14 10:29:30', NULL, NULL),
	(1192, '0011/LP Balittanah/02/2020', '20.02.11, F.Th.106', 385, NULL, NULL, 'Menunggu', '0', NULL, NULL, NULL, NULL, NULL, 'pambudisidiq@gmail.com', '2020-02-14 10:29:30', NULL, NULL),
	(1193, '0011/LP Balittanah/02/2020', '20.02.11, F.Th.107', 383, NULL, NULL, 'Menunggu', '0', NULL, NULL, NULL, NULL, NULL, 'pambudisidiq@gmail.com', '2020-02-14 10:29:30', NULL, NULL),
	(1194, '0011/LP Balittanah/02/2020', '20.02.11, F.Th.107', 384, NULL, NULL, 'Menunggu', '0', NULL, NULL, NULL, NULL, NULL, 'pambudisidiq@gmail.com', '2020-02-14 10:29:30', NULL, NULL),
	(1195, '0011/LP Balittanah/02/2020', '20.02.11, F.Th.107', 385, NULL, NULL, 'Menunggu', '0', NULL, NULL, NULL, NULL, NULL, 'pambudisidiq@gmail.com', '2020-02-14 10:29:30', NULL, NULL),
	(1196, '0011/LP Balittanah/02/2020', '20.02.11, F.Th.108', 383, NULL, NULL, 'Menunggu', '0', NULL, NULL, NULL, NULL, NULL, 'pambudisidiq@gmail.com', '2020-02-14 10:29:30', NULL, NULL),
	(1197, '0011/LP Balittanah/02/2020', '20.02.11, F.Th.108', 384, NULL, NULL, 'Menunggu', '0', NULL, NULL, NULL, NULL, NULL, 'pambudisidiq@gmail.com', '2020-02-14 10:29:30', NULL, NULL),
	(1198, '0011/LP Balittanah/02/2020', '20.02.11, F.Th.108', 385, NULL, NULL, 'Menunggu', '0', NULL, NULL, NULL, NULL, NULL, 'pambudisidiq@gmail.com', '2020-02-14 10:29:30', NULL, NULL),
	(1199, '0011/LP Balittanah/02/2020', '20.02.11, F.Th.109', 383, NULL, NULL, 'Menunggu', '0', NULL, NULL, NULL, NULL, NULL, 'pambudisidiq@gmail.com', '2020-02-14 10:29:30', NULL, NULL),
	(1200, '0011/LP Balittanah/02/2020', '20.02.11, F.Th.109', 384, NULL, NULL, 'Menunggu', '0', NULL, NULL, NULL, NULL, NULL, 'pambudisidiq@gmail.com', '2020-02-14 10:29:30', NULL, NULL),
	(1201, '0011/LP Balittanah/02/2020', '20.02.11, F.Th.109', 385, NULL, NULL, 'Menunggu', '0', NULL, NULL, NULL, NULL, NULL, 'pambudisidiq@gmail.com', '2020-02-14 10:29:30', NULL, NULL),
	(1202, '0011/LP Balittanah/02/2020', '20.02.11, F.Th.110', 383, NULL, NULL, 'Menunggu', '0', NULL, NULL, NULL, NULL, NULL, 'pambudisidiq@gmail.com', '2020-02-14 10:29:30', NULL, NULL),
	(1203, '0011/LP Balittanah/02/2020', '20.02.11, F.Th.110', 384, NULL, NULL, 'Menunggu', '0', NULL, NULL, NULL, NULL, NULL, 'pambudisidiq@gmail.com', '2020-02-14 10:29:30', NULL, NULL),
	(1204, '0011/LP Balittanah/02/2020', '20.02.11, F.Th.110', 385, NULL, NULL, 'Menunggu', '0', NULL, NULL, NULL, NULL, NULL, 'pambudisidiq@gmail.com', '2020-02-14 10:29:30', NULL, NULL),
	(1205, '0011/LP Balittanah/02/2020', '20.02.11, F.Th.111', 383, NULL, NULL, 'Menunggu', '0', NULL, NULL, NULL, NULL, NULL, 'pambudisidiq@gmail.com', '2020-02-14 10:29:30', NULL, NULL),
	(1206, '0011/LP Balittanah/02/2020', '20.02.11, F.Th.111', 384, NULL, NULL, 'Menunggu', '0', NULL, NULL, NULL, NULL, NULL, 'pambudisidiq@gmail.com', '2020-02-14 10:29:30', NULL, NULL),
	(1207, '0011/LP Balittanah/02/2020', '20.02.11, F.Th.111', 385, NULL, NULL, 'Menunggu', '0', NULL, NULL, NULL, NULL, NULL, 'pambudisidiq@gmail.com', '2020-02-14 10:29:30', NULL, NULL),
	(1208, '0011/LP Balittanah/02/2020', '20.02.11, F.Th.112', 383, NULL, NULL, 'Menunggu', '0', NULL, NULL, NULL, NULL, NULL, 'pambudisidiq@gmail.com', '2020-02-14 10:29:30', NULL, NULL),
	(1209, '0011/LP Balittanah/02/2020', '20.02.11, F.Th.112', 384, NULL, NULL, 'Menunggu', '0', NULL, NULL, NULL, NULL, NULL, 'pambudisidiq@gmail.com', '2020-02-14 10:29:30', NULL, NULL),
	(1210, '0011/LP Balittanah/02/2020', '20.02.11, F.Th.112', 385, NULL, NULL, 'Menunggu', '0', NULL, NULL, NULL, NULL, NULL, 'pambudisidiq@gmail.com', '2020-02-14 10:29:30', NULL, NULL),
	(1211, '0011/LP Balittanah/02/2020', '20.02.11, F.Th.113', 383, NULL, NULL, 'Menunggu', '0', NULL, NULL, NULL, NULL, NULL, 'pambudisidiq@gmail.com', '2020-02-14 10:29:30', NULL, NULL),
	(1212, '0011/LP Balittanah/02/2020', '20.02.11, F.Th.113', 384, NULL, NULL, 'Menunggu', '0', NULL, NULL, NULL, NULL, NULL, 'pambudisidiq@gmail.com', '2020-02-14 10:29:30', NULL, NULL),
	(1213, '0011/LP Balittanah/02/2020', '20.02.11, F.Th.113', 385, NULL, NULL, 'Menunggu', '0', NULL, NULL, NULL, NULL, NULL, 'pambudisidiq@gmail.com', '2020-02-14 10:29:30', NULL, NULL),
	(1214, '0011/LP Balittanah/02/2020', '20.02.11, F.Th.114', 383, NULL, NULL, 'Menunggu', '0', NULL, NULL, NULL, NULL, NULL, 'pambudisidiq@gmail.com', '2020-02-14 10:29:30', NULL, NULL),
	(1215, '0011/LP Balittanah/02/2020', '20.02.11, F.Th.114', 384, NULL, NULL, 'Menunggu', '0', NULL, NULL, NULL, NULL, NULL, 'pambudisidiq@gmail.com', '2020-02-14 10:29:30', NULL, NULL),
	(1216, '0011/LP Balittanah/02/2020', '20.02.11, F.Th.114', 385, NULL, NULL, 'Menunggu', '0', NULL, NULL, NULL, NULL, NULL, 'pambudisidiq@gmail.com', '2020-02-14 10:29:30', NULL, NULL),
	(1217, '0011/LP Balittanah/02/2020', '20.02.11, F.Th.115', 383, NULL, NULL, 'Menunggu', '0', NULL, NULL, NULL, NULL, NULL, 'pambudisidiq@gmail.com', '2020-02-14 10:29:30', NULL, NULL),
	(1218, '0011/LP Balittanah/02/2020', '20.02.11, F.Th.115', 384, NULL, NULL, 'Menunggu', '0', NULL, NULL, NULL, NULL, NULL, 'pambudisidiq@gmail.com', '2020-02-14 10:29:30', NULL, NULL),
	(1219, '0011/LP Balittanah/02/2020', '20.02.11, F.Th.115', 385, NULL, NULL, 'Menunggu', '0', NULL, NULL, NULL, NULL, NULL, 'pambudisidiq@gmail.com', '2020-02-14 10:29:30', NULL, NULL),
	(1220, '0011/LP Balittanah/02/2020', '20.02.11, F.Th.116', 383, NULL, NULL, 'Menunggu', '0', NULL, NULL, NULL, NULL, NULL, 'pambudisidiq@gmail.com', '2020-02-14 10:29:30', NULL, NULL),
	(1221, '0011/LP Balittanah/02/2020', '20.02.11, F.Th.116', 384, NULL, NULL, 'Menunggu', '0', NULL, NULL, NULL, NULL, NULL, 'pambudisidiq@gmail.com', '2020-02-14 10:29:30', NULL, NULL),
	(1222, '0011/LP Balittanah/02/2020', '20.02.11, F.Th.116', 385, NULL, NULL, 'Menunggu', '0', NULL, NULL, NULL, NULL, NULL, 'pambudisidiq@gmail.com', '2020-02-14 10:29:30', NULL, NULL),
	(1223, '0011/LP Balittanah/02/2020', '20.02.11, F.Th.117', 383, NULL, NULL, 'Menunggu', '0', NULL, NULL, NULL, NULL, NULL, 'pambudisidiq@gmail.com', '2020-02-14 10:29:30', NULL, NULL),
	(1224, '0011/LP Balittanah/02/2020', '20.02.11, F.Th.117', 384, NULL, NULL, 'Menunggu', '0', NULL, NULL, NULL, NULL, NULL, 'pambudisidiq@gmail.com', '2020-02-14 10:29:30', NULL, NULL),
	(1225, '0011/LP Balittanah/02/2020', '20.02.11, F.Th.117', 385, NULL, NULL, 'Menunggu', '0', NULL, NULL, NULL, NULL, NULL, 'pambudisidiq@gmail.com', '2020-02-14 10:29:30', NULL, NULL),
	(1226, '0011/LP Balittanah/02/2020', '20.02.11, F.Th.118', 383, NULL, NULL, 'Menunggu', '0', NULL, NULL, NULL, NULL, NULL, 'pambudisidiq@gmail.com', '2020-02-14 10:29:30', NULL, NULL),
	(1227, '0011/LP Balittanah/02/2020', '20.02.11, F.Th.118', 384, NULL, NULL, 'Menunggu', '0', NULL, NULL, NULL, NULL, NULL, 'pambudisidiq@gmail.com', '2020-02-14 10:29:30', NULL, NULL),
	(1228, '0011/LP Balittanah/02/2020', '20.02.11, F.Th.118', 385, NULL, NULL, 'Menunggu', '0', NULL, NULL, NULL, NULL, NULL, 'pambudisidiq@gmail.com', '2020-02-14 10:29:30', NULL, NULL),
	(1229, '0011/LP Balittanah/02/2020', '20.02.11, F.Th.119', 383, NULL, NULL, 'Menunggu', '0', NULL, NULL, NULL, NULL, NULL, 'pambudisidiq@gmail.com', '2020-02-14 10:29:30', NULL, NULL),
	(1230, '0011/LP Balittanah/02/2020', '20.02.11, F.Th.119', 384, NULL, NULL, 'Menunggu', '0', NULL, NULL, NULL, NULL, NULL, 'pambudisidiq@gmail.com', '2020-02-14 10:29:30', NULL, NULL),
	(1231, '0011/LP Balittanah/02/2020', '20.02.11, F.Th.119', 385, NULL, NULL, 'Menunggu', '0', NULL, NULL, NULL, NULL, NULL, 'pambudisidiq@gmail.com', '2020-02-14 10:29:30', NULL, NULL),
	(1232, '0011/LP Balittanah/02/2020', '20.02.11, F.Th.120', 383, NULL, NULL, 'Menunggu', '0', NULL, NULL, NULL, NULL, NULL, 'pambudisidiq@gmail.com', '2020-02-14 10:29:30', NULL, NULL),
	(1233, '0011/LP Balittanah/02/2020', '20.02.11, F.Th.120', 384, NULL, NULL, 'Menunggu', '0', NULL, NULL, NULL, NULL, NULL, 'pambudisidiq@gmail.com', '2020-02-14 10:29:30', NULL, NULL),
	(1234, '0011/LP Balittanah/02/2020', '20.02.11, F.Th.120', 385, NULL, NULL, 'Menunggu', '0', NULL, NULL, NULL, NULL, NULL, 'pambudisidiq@gmail.com', '2020-02-14 10:29:30', NULL, NULL),
	(1235, '0011/LP Balittanah/02/2020', '20.02.11, F.Th.121', 383, NULL, NULL, 'Menunggu', '0', NULL, NULL, NULL, NULL, NULL, 'pambudisidiq@gmail.com', '2020-02-14 10:29:30', NULL, NULL),
	(1236, '0011/LP Balittanah/02/2020', '20.02.11, F.Th.121', 384, NULL, NULL, 'Menunggu', '0', NULL, NULL, NULL, NULL, NULL, 'pambudisidiq@gmail.com', '2020-02-14 10:29:30', NULL, NULL),
	(1237, '0011/LP Balittanah/02/2020', '20.02.11, F.Th.121', 385, NULL, NULL, 'Menunggu', '0', NULL, NULL, NULL, NULL, NULL, 'pambudisidiq@gmail.com', '2020-02-14 10:29:30', NULL, NULL),
	(1238, '0011/LP Balittanah/02/2020', '20.02.11, F.Th.122', 383, NULL, NULL, 'Menunggu', '0', NULL, NULL, NULL, NULL, NULL, 'pambudisidiq@gmail.com', '2020-02-14 10:29:30', NULL, NULL),
	(1239, '0011/LP Balittanah/02/2020', '20.02.11, F.Th.122', 384, NULL, NULL, 'Menunggu', '0', NULL, NULL, NULL, NULL, NULL, 'pambudisidiq@gmail.com', '2020-02-14 10:29:30', NULL, NULL),
	(1240, '0011/LP Balittanah/02/2020', '20.02.11, F.Th.122', 385, NULL, NULL, 'Menunggu', '0', NULL, NULL, NULL, NULL, NULL, 'pambudisidiq@gmail.com', '2020-02-14 10:29:30', NULL, NULL),
	(1241, '0011/LP Balittanah/02/2020', '20.02.11, F.Th.123', 383, NULL, NULL, 'Menunggu', '0', NULL, NULL, NULL, NULL, NULL, 'pambudisidiq@gmail.com', '2020-02-14 10:29:30', NULL, NULL),
	(1242, '0011/LP Balittanah/02/2020', '20.02.11, F.Th.123', 384, NULL, NULL, 'Menunggu', '0', NULL, NULL, NULL, NULL, NULL, 'pambudisidiq@gmail.com', '2020-02-14 10:29:30', NULL, NULL),
	(1243, '0011/LP Balittanah/02/2020', '20.02.11, F.Th.123', 385, NULL, NULL, 'Menunggu', '0', NULL, NULL, NULL, NULL, NULL, 'pambudisidiq@gmail.com', '2020-02-14 10:29:30', NULL, NULL),
	(1244, '0011/LP Balittanah/02/2020', '20.02.11, F.Th.124', 383, NULL, NULL, 'Menunggu', '0', NULL, NULL, NULL, NULL, NULL, 'pambudisidiq@gmail.com', '2020-02-14 10:29:30', NULL, NULL),
	(1245, '0011/LP Balittanah/02/2020', '20.02.11, F.Th.124', 384, NULL, NULL, 'Menunggu', '0', NULL, NULL, NULL, NULL, NULL, 'pambudisidiq@gmail.com', '2020-02-14 10:29:30', NULL, NULL),
	(1246, '0011/LP Balittanah/02/2020', '20.02.11, F.Th.124', 385, NULL, NULL, 'Menunggu', '0', NULL, NULL, NULL, NULL, NULL, 'pambudisidiq@gmail.com', '2020-02-14 10:29:30', NULL, NULL),
	(1247, '0011/LP Balittanah/02/2020', '20.02.11, F.Th.125', 383, NULL, NULL, 'Menunggu', '0', NULL, NULL, NULL, NULL, NULL, 'pambudisidiq@gmail.com', '2020-02-14 10:29:30', NULL, NULL),
	(1248, '0011/LP Balittanah/02/2020', '20.02.11, F.Th.125', 384, NULL, NULL, 'Menunggu', '0', NULL, NULL, NULL, NULL, NULL, 'pambudisidiq@gmail.com', '2020-02-14 10:29:30', NULL, NULL),
	(1249, '0011/LP Balittanah/02/2020', '20.02.11, F.Th.125', 385, NULL, NULL, 'Menunggu', '0', NULL, NULL, NULL, NULL, NULL, 'pambudisidiq@gmail.com', '2020-02-14 10:29:30', NULL, NULL),
	(1250, '0011/LP Balittanah/02/2020', '20.02.11, F.Th.126', 383, NULL, NULL, 'Menunggu', '0', NULL, NULL, NULL, NULL, NULL, 'pambudisidiq@gmail.com', '2020-02-14 10:29:30', NULL, NULL),
	(1251, '0011/LP Balittanah/02/2020', '20.02.11, F.Th.126', 384, NULL, NULL, 'Menunggu', '0', NULL, NULL, NULL, NULL, NULL, 'pambudisidiq@gmail.com', '2020-02-14 10:29:30', NULL, NULL),
	(1252, '0011/LP Balittanah/02/2020', '20.02.11, F.Th.126', 385, NULL, NULL, 'Menunggu', '0', NULL, NULL, NULL, NULL, NULL, 'pambudisidiq@gmail.com', '2020-02-14 10:29:30', NULL, NULL),
	(1253, '0011/LP Balittanah/02/2020', '20.02.11, F.Th.127', 383, NULL, NULL, 'Menunggu', '0', NULL, NULL, NULL, NULL, NULL, 'pambudisidiq@gmail.com', '2020-02-14 10:29:30', NULL, NULL),
	(1254, '0011/LP Balittanah/02/2020', '20.02.11, F.Th.127', 384, NULL, NULL, 'Menunggu', '0', NULL, NULL, NULL, NULL, NULL, 'pambudisidiq@gmail.com', '2020-02-14 10:29:30', NULL, NULL),
	(1255, '0011/LP Balittanah/02/2020', '20.02.11, F.Th.127', 385, NULL, NULL, 'Menunggu', '0', NULL, NULL, NULL, NULL, NULL, 'pambudisidiq@gmail.com', '2020-02-14 10:29:30', NULL, NULL),
	(1256, '0011/LP Balittanah/02/2020', '20.02.11, F.Th.128', 383, NULL, NULL, 'Menunggu', '0', NULL, NULL, NULL, NULL, NULL, 'pambudisidiq@gmail.com', '2020-02-14 10:29:30', NULL, NULL),
	(1257, '0011/LP Balittanah/02/2020', '20.02.11, F.Th.128', 384, NULL, NULL, 'Menunggu', '0', NULL, NULL, NULL, NULL, NULL, 'pambudisidiq@gmail.com', '2020-02-14 10:29:30', NULL, NULL),
	(1258, '0011/LP Balittanah/02/2020', '20.02.11, F.Th.128', 385, NULL, NULL, 'Menunggu', '0', NULL, NULL, NULL, NULL, NULL, 'pambudisidiq@gmail.com', '2020-02-14 10:29:30', NULL, NULL),
	(1259, '0011/LP Balittanah/02/2020', '20.02.11, F.Th.129', 383, NULL, NULL, 'Menunggu', '0', NULL, NULL, NULL, NULL, NULL, 'pambudisidiq@gmail.com', '2020-02-14 10:29:30', NULL, NULL),
	(1260, '0011/LP Balittanah/02/2020', '20.02.11, F.Th.129', 384, NULL, NULL, 'Menunggu', '0', NULL, NULL, NULL, NULL, NULL, 'pambudisidiq@gmail.com', '2020-02-14 10:29:30', NULL, NULL),
	(1261, '0011/LP Balittanah/02/2020', '20.02.11, F.Th.129', 385, NULL, NULL, 'Menunggu', '0', NULL, NULL, NULL, NULL, NULL, 'pambudisidiq@gmail.com', '2020-02-14 10:29:30', NULL, NULL),
	(1262, '0011/LP Balittanah/02/2020', '20.02.11, F.Th.130', 383, NULL, NULL, 'Menunggu', '0', NULL, NULL, NULL, NULL, NULL, 'pambudisidiq@gmail.com', '2020-02-14 10:29:30', NULL, NULL),
	(1263, '0011/LP Balittanah/02/2020', '20.02.11, F.Th.130', 384, NULL, NULL, 'Menunggu', '0', NULL, NULL, NULL, NULL, NULL, 'pambudisidiq@gmail.com', '2020-02-14 10:29:30', NULL, NULL),
	(1264, '0011/LP Balittanah/02/2020', '20.02.11, F.Th.130', 385, NULL, NULL, 'Menunggu', '0', NULL, NULL, NULL, NULL, NULL, 'pambudisidiq@gmail.com', '2020-02-14 10:29:30', NULL, NULL),
	(1265, '0011/LP Balittanah/02/2020', '20.02.11, F.Th.131', 383, NULL, NULL, 'Menunggu', '0', NULL, NULL, NULL, NULL, NULL, 'pambudisidiq@gmail.com', '2020-02-14 10:29:30', NULL, NULL),
	(1266, '0011/LP Balittanah/02/2020', '20.02.11, F.Th.131', 384, NULL, NULL, 'Menunggu', '0', NULL, NULL, NULL, NULL, NULL, 'pambudisidiq@gmail.com', '2020-02-14 10:29:30', NULL, NULL),
	(1267, '0011/LP Balittanah/02/2020', '20.02.11, F.Th.131', 385, NULL, NULL, 'Menunggu', '0', NULL, NULL, NULL, NULL, NULL, 'pambudisidiq@gmail.com', '2020-02-14 10:29:30', NULL, NULL),
	(1268, '0011/LP Balittanah/02/2020', '20.02.11, F.Th.132', 383, NULL, NULL, 'Menunggu', '0', NULL, NULL, NULL, NULL, NULL, 'pambudisidiq@gmail.com', '2020-02-14 10:29:30', NULL, NULL),
	(1269, '0011/LP Balittanah/02/2020', '20.02.11, F.Th.132', 384, NULL, NULL, 'Menunggu', '0', NULL, NULL, NULL, NULL, NULL, 'pambudisidiq@gmail.com', '2020-02-14 10:29:30', NULL, NULL),
	(1270, '0011/LP Balittanah/02/2020', '20.02.11, F.Th.132', 385, NULL, NULL, 'Menunggu', '0', NULL, NULL, NULL, NULL, NULL, 'pambudisidiq@gmail.com', '2020-02-14 10:29:30', NULL, NULL),
	(1271, '0011/LP Balittanah/02/2020', '20.02.11, F.Th.133', 383, NULL, NULL, 'Menunggu', '0', NULL, NULL, NULL, NULL, NULL, 'pambudisidiq@gmail.com', '2020-02-14 10:29:30', NULL, NULL),
	(1272, '0011/LP Balittanah/02/2020', '20.02.11, F.Th.133', 384, NULL, NULL, 'Menunggu', '0', NULL, NULL, NULL, NULL, NULL, 'pambudisidiq@gmail.com', '2020-02-14 10:29:30', NULL, NULL),
	(1273, '0011/LP Balittanah/02/2020', '20.02.11, F.Th.133', 385, NULL, NULL, 'Menunggu', '0', NULL, NULL, NULL, NULL, NULL, 'pambudisidiq@gmail.com', '2020-02-14 10:29:30', NULL, NULL),
	(1274, '0011/LP Balittanah/02/2020', '20.02.11, F.Th.134', 383, NULL, NULL, 'Menunggu', '0', NULL, NULL, NULL, NULL, NULL, 'pambudisidiq@gmail.com', '2020-02-14 10:29:30', NULL, NULL),
	(1275, '0011/LP Balittanah/02/2020', '20.02.11, F.Th.134', 384, NULL, NULL, 'Menunggu', '0', NULL, NULL, NULL, NULL, NULL, 'pambudisidiq@gmail.com', '2020-02-14 10:29:30', NULL, NULL),
	(1276, '0011/LP Balittanah/02/2020', '20.02.11, F.Th.134', 385, NULL, NULL, 'Menunggu', '0', NULL, NULL, NULL, NULL, NULL, 'pambudisidiq@gmail.com', '2020-02-14 10:29:30', NULL, NULL),
	(1277, '0011/LP Balittanah/02/2020', '20.02.11, F.Th.135', 383, NULL, NULL, 'Menunggu', '0', NULL, NULL, NULL, NULL, NULL, 'pambudisidiq@gmail.com', '2020-02-14 10:29:30', NULL, NULL),
	(1278, '0011/LP Balittanah/02/2020', '20.02.11, F.Th.135', 384, NULL, NULL, 'Menunggu', '0', NULL, NULL, NULL, NULL, NULL, 'pambudisidiq@gmail.com', '2020-02-14 10:29:30', NULL, NULL),
	(1279, '0011/LP Balittanah/02/2020', '20.02.11, F.Th.135', 385, NULL, NULL, 'Menunggu', '0', NULL, NULL, NULL, NULL, NULL, 'pambudisidiq@gmail.com', '2020-02-14 10:29:30', NULL, NULL),
	(1280, '0011/LP Balittanah/02/2020', '20.02.11, F.Th.136', 383, NULL, NULL, 'Menunggu', '0', NULL, NULL, NULL, NULL, NULL, 'pambudisidiq@gmail.com', '2020-02-14 10:29:30', NULL, NULL),
	(1281, '0011/LP Balittanah/02/2020', '20.02.11, F.Th.136', 384, NULL, NULL, 'Menunggu', '0', NULL, NULL, NULL, NULL, NULL, 'pambudisidiq@gmail.com', '2020-02-14 10:29:30', NULL, NULL),
	(1282, '0011/LP Balittanah/02/2020', '20.02.11, F.Th.136', 385, NULL, NULL, 'Menunggu', '0', NULL, NULL, NULL, NULL, NULL, 'pambudisidiq@gmail.com', '2020-02-14 10:29:30', NULL, NULL),
	(1283, '0011/LP Balittanah/02/2020', '20.02.11, F.Th.137', 383, NULL, NULL, 'Menunggu', '0', NULL, NULL, NULL, NULL, NULL, 'pambudisidiq@gmail.com', '2020-02-14 10:29:30', NULL, NULL),
	(1284, '0011/LP Balittanah/02/2020', '20.02.11, F.Th.137', 384, NULL, NULL, 'Menunggu', '0', NULL, NULL, NULL, NULL, NULL, 'pambudisidiq@gmail.com', '2020-02-14 10:29:30', NULL, NULL),
	(1285, '0011/LP Balittanah/02/2020', '20.02.11, F.Th.137', 385, NULL, NULL, 'Menunggu', '0', NULL, NULL, NULL, NULL, NULL, 'pambudisidiq@gmail.com', '2020-02-14 10:29:30', NULL, NULL),
	(1286, '0011/LP Balittanah/02/2020', '20.02.11, F.Th.138', 383, NULL, NULL, 'Menunggu', '0', NULL, NULL, NULL, NULL, NULL, 'pambudisidiq@gmail.com', '2020-02-14 10:29:30', NULL, NULL),
	(1287, '0011/LP Balittanah/02/2020', '20.02.11, F.Th.138', 384, NULL, NULL, 'Menunggu', '0', NULL, NULL, NULL, NULL, NULL, 'pambudisidiq@gmail.com', '2020-02-14 10:29:30', NULL, NULL),
	(1288, '0011/LP Balittanah/02/2020', '20.02.11, F.Th.138', 385, NULL, NULL, 'Menunggu', '0', NULL, NULL, NULL, NULL, NULL, 'pambudisidiq@gmail.com', '2020-02-14 10:29:30', NULL, NULL),
	(1289, '0011/LP Balittanah/02/2020', '20.02.11, F.Th.139', 383, NULL, NULL, 'Menunggu', '0', NULL, NULL, NULL, NULL, NULL, 'pambudisidiq@gmail.com', '2020-02-14 10:29:30', NULL, NULL),
	(1290, '0011/LP Balittanah/02/2020', '20.02.11, F.Th.139', 384, NULL, NULL, 'Menunggu', '0', NULL, NULL, NULL, NULL, NULL, 'pambudisidiq@gmail.com', '2020-02-14 10:29:30', NULL, NULL),
	(1291, '0011/LP Balittanah/02/2020', '20.02.11, F.Th.139', 385, NULL, NULL, 'Menunggu', '0', NULL, NULL, NULL, NULL, NULL, 'pambudisidiq@gmail.com', '2020-02-14 10:29:30', NULL, NULL),
	(1292, '0011/LP Balittanah/02/2020', '20.02.11, F.Th.140', 383, NULL, NULL, 'Menunggu', '0', NULL, NULL, NULL, NULL, NULL, 'pambudisidiq@gmail.com', '2020-02-14 10:29:30', NULL, NULL),
	(1293, '0011/LP Balittanah/02/2020', '20.02.11, F.Th.140', 384, NULL, NULL, 'Menunggu', '0', NULL, NULL, NULL, NULL, NULL, 'pambudisidiq@gmail.com', '2020-02-14 10:29:30', NULL, NULL),
	(1294, '0011/LP Balittanah/02/2020', '20.02.11, F.Th.140', 385, NULL, NULL, 'Menunggu', '0', NULL, NULL, NULL, NULL, NULL, 'pambudisidiq@gmail.com', '2020-02-14 10:29:30', NULL, NULL),
	(1295, '0011/LP Balittanah/02/2020', '20.02.11, F.Th.141', 383, NULL, NULL, 'Menunggu', '0', NULL, NULL, NULL, NULL, NULL, 'pambudisidiq@gmail.com', '2020-02-14 10:29:30', NULL, NULL),
	(1296, '0011/LP Balittanah/02/2020', '20.02.11, F.Th.141', 384, NULL, NULL, 'Menunggu', '0', NULL, NULL, NULL, NULL, NULL, 'pambudisidiq@gmail.com', '2020-02-14 10:29:30', NULL, NULL),
	(1297, '0011/LP Balittanah/02/2020', '20.02.11, F.Th.141', 385, NULL, NULL, 'Menunggu', '0', NULL, NULL, NULL, NULL, NULL, 'pambudisidiq@gmail.com', '2020-02-14 10:29:30', NULL, NULL),
	(1298, '0011/LP Balittanah/02/2020', '20.02.11, F.Th.142', 383, NULL, NULL, 'Menunggu', '0', NULL, NULL, NULL, NULL, NULL, 'pambudisidiq@gmail.com', '2020-02-14 10:29:30', NULL, NULL),
	(1299, '0011/LP Balittanah/02/2020', '20.02.11, F.Th.142', 384, NULL, NULL, 'Menunggu', '0', NULL, NULL, NULL, NULL, NULL, 'pambudisidiq@gmail.com', '2020-02-14 10:29:30', NULL, NULL),
	(1300, '0011/LP Balittanah/02/2020', '20.02.11, F.Th.142', 385, NULL, NULL, 'Menunggu', '0', NULL, NULL, NULL, NULL, NULL, 'pambudisidiq@gmail.com', '2020-02-14 10:29:30', NULL, NULL),
	(1301, '0011/LP Balittanah/02/2020', '20.02.11, F.Th.143', 383, NULL, NULL, 'Menunggu', '0', NULL, NULL, NULL, NULL, NULL, 'pambudisidiq@gmail.com', '2020-02-14 10:29:30', NULL, NULL),
	(1302, '0011/LP Balittanah/02/2020', '20.02.11, F.Th.143', 384, NULL, NULL, 'Menunggu', '0', NULL, NULL, NULL, NULL, NULL, 'pambudisidiq@gmail.com', '2020-02-14 10:29:30', NULL, NULL),
	(1303, '0011/LP Balittanah/02/2020', '20.02.11, F.Th.143', 385, NULL, NULL, 'Menunggu', '0', NULL, NULL, NULL, NULL, NULL, 'pambudisidiq@gmail.com', '2020-02-14 10:29:30', NULL, NULL),
	(1304, '0011/LP Balittanah/02/2020', '20.02.11, F.Th.144', 383, NULL, NULL, 'Menunggu', '0', NULL, NULL, NULL, NULL, NULL, 'pambudisidiq@gmail.com', '2020-02-14 10:29:30', NULL, NULL),
	(1305, '0011/LP Balittanah/02/2020', '20.02.11, F.Th.144', 384, NULL, NULL, 'Menunggu', '0', NULL, NULL, NULL, NULL, NULL, 'pambudisidiq@gmail.com', '2020-02-14 10:29:30', NULL, NULL),
	(1306, '0011/LP Balittanah/02/2020', '20.02.11, F.Th.144', 385, NULL, NULL, 'Menunggu', '0', NULL, NULL, NULL, NULL, NULL, 'pambudisidiq@gmail.com', '2020-02-14 10:29:30', NULL, NULL),
	(1307, '0011/LP Balittanah/02/2020', '20.02.11, F.Th.145', 383, NULL, NULL, 'Menunggu', '0', NULL, NULL, NULL, NULL, NULL, 'pambudisidiq@gmail.com', '2020-02-14 10:29:30', NULL, NULL),
	(1308, '0011/LP Balittanah/02/2020', '20.02.11, F.Th.145', 384, NULL, NULL, 'Menunggu', '0', NULL, NULL, NULL, NULL, NULL, 'pambudisidiq@gmail.com', '2020-02-14 10:29:30', NULL, NULL),
	(1309, '0011/LP Balittanah/02/2020', '20.02.11, F.Th.145', 385, NULL, NULL, 'Menunggu', '0', NULL, NULL, NULL, NULL, NULL, 'pambudisidiq@gmail.com', '2020-02-14 10:29:30', NULL, NULL),
	(1310, '0011/LP Balittanah/02/2020', '20.02.11, F.Th.146', 383, NULL, NULL, 'Menunggu', '0', NULL, NULL, NULL, NULL, NULL, 'pambudisidiq@gmail.com', '2020-02-14 10:29:30', NULL, NULL),
	(1311, '0011/LP Balittanah/02/2020', '20.02.11, F.Th.146', 384, NULL, NULL, 'Menunggu', '0', NULL, NULL, NULL, NULL, NULL, 'pambudisidiq@gmail.com', '2020-02-14 10:29:30', NULL, NULL),
	(1312, '0011/LP Balittanah/02/2020', '20.02.11, F.Th.146', 385, NULL, NULL, 'Menunggu', '0', NULL, NULL, NULL, NULL, NULL, 'pambudisidiq@gmail.com', '2020-02-14 10:29:30', NULL, NULL),
	(1313, '0011/LP Balittanah/02/2020', '20.02.11, F.Th.147', 383, NULL, NULL, 'Menunggu', '0', NULL, NULL, NULL, NULL, NULL, 'pambudisidiq@gmail.com', '2020-02-14 10:29:30', NULL, NULL),
	(1314, '0011/LP Balittanah/02/2020', '20.02.11, F.Th.147', 384, NULL, NULL, 'Menunggu', '0', NULL, NULL, NULL, NULL, NULL, 'pambudisidiq@gmail.com', '2020-02-14 10:29:30', NULL, NULL),
	(1315, '0011/LP Balittanah/02/2020', '20.02.11, F.Th.147', 385, NULL, NULL, 'Menunggu', '0', NULL, NULL, NULL, NULL, NULL, 'pambudisidiq@gmail.com', '2020-02-14 10:29:30', NULL, NULL),
	(1316, '0011/LP Balittanah/02/2020', '20.02.11, F.Th.148', 383, NULL, NULL, 'Menunggu', '0', NULL, NULL, NULL, NULL, NULL, 'pambudisidiq@gmail.com', '2020-02-14 10:29:30', NULL, NULL),
	(1317, '0011/LP Balittanah/02/2020', '20.02.11, F.Th.148', 384, NULL, NULL, 'Menunggu', '0', NULL, NULL, NULL, NULL, NULL, 'pambudisidiq@gmail.com', '2020-02-14 10:29:30', NULL, NULL),
	(1318, '0011/LP Balittanah/02/2020', '20.02.11, F.Th.148', 385, NULL, NULL, 'Menunggu', '0', NULL, NULL, NULL, NULL, NULL, 'pambudisidiq@gmail.com', '2020-02-14 10:29:30', NULL, NULL),
	(1319, '0011/LP Balittanah/02/2020', '20.02.11, F.Th.149', 383, NULL, NULL, 'Menunggu', '0', NULL, NULL, NULL, NULL, NULL, 'pambudisidiq@gmail.com', '2020-02-14 10:29:30', NULL, NULL),
	(1320, '0011/LP Balittanah/02/2020', '20.02.11, F.Th.149', 384, NULL, NULL, 'Menunggu', '0', NULL, NULL, NULL, NULL, NULL, 'pambudisidiq@gmail.com', '2020-02-14 10:29:30', NULL, NULL),
	(1321, '0011/LP Balittanah/02/2020', '20.02.11, F.Th.149', 385, NULL, NULL, 'Menunggu', '0', NULL, NULL, NULL, NULL, NULL, 'pambudisidiq@gmail.com', '2020-02-14 10:29:30', NULL, NULL),
	(1322, '0011/LP Balittanah/02/2020', '20.02.11, F.Th.150', 383, NULL, NULL, 'Menunggu', '0', NULL, NULL, NULL, NULL, NULL, 'pambudisidiq@gmail.com', '2020-02-14 10:29:30', NULL, NULL),
	(1323, '0011/LP Balittanah/02/2020', '20.02.11, F.Th.150', 384, NULL, NULL, 'Menunggu', '0', NULL, NULL, NULL, NULL, NULL, 'pambudisidiq@gmail.com', '2020-02-14 10:29:30', NULL, NULL),
	(1324, '0011/LP Balittanah/02/2020', '20.02.11, F.Th.150', 385, NULL, NULL, 'Menunggu', '0', NULL, NULL, NULL, NULL, NULL, 'pambudisidiq@gmail.com', '2020-02-14 10:29:30', NULL, NULL),
	(1325, '0011/LP Balittanah/02/2020', '20.02.11, F.Th.151', 383, NULL, NULL, 'Menunggu', '0', NULL, NULL, NULL, NULL, NULL, 'pambudisidiq@gmail.com', '2020-02-14 10:29:30', NULL, NULL),
	(1326, '0011/LP Balittanah/02/2020', '20.02.11, F.Th.151', 384, NULL, NULL, 'Menunggu', '0', NULL, NULL, NULL, NULL, NULL, 'pambudisidiq@gmail.com', '2020-02-14 10:29:30', NULL, NULL),
	(1327, '0011/LP Balittanah/02/2020', '20.02.11, F.Th.151', 385, NULL, NULL, 'Menunggu', '0', NULL, NULL, NULL, NULL, NULL, 'pambudisidiq@gmail.com', '2020-02-14 10:29:30', NULL, NULL),
	(1328, '0011/LP Balittanah/02/2020', '20.02.11, F.Th.152', 383, NULL, NULL, 'Menunggu', '0', NULL, NULL, NULL, NULL, NULL, 'pambudisidiq@gmail.com', '2020-02-14 10:29:30', NULL, NULL),
	(1329, '0011/LP Balittanah/02/2020', '20.02.11, F.Th.152', 384, NULL, NULL, 'Menunggu', '0', NULL, NULL, NULL, NULL, NULL, 'pambudisidiq@gmail.com', '2020-02-14 10:29:30', NULL, NULL),
	(1330, '0011/LP Balittanah/02/2020', '20.02.11, F.Th.152', 385, NULL, NULL, 'Menunggu', '0', NULL, NULL, NULL, NULL, NULL, 'pambudisidiq@gmail.com', '2020-02-14 10:29:30', NULL, NULL),
	(1331, '0011/LP Balittanah/02/2020', '20.02.11, F.Th.153', 383, NULL, NULL, 'Menunggu', '0', NULL, NULL, NULL, NULL, NULL, 'pambudisidiq@gmail.com', '2020-02-14 10:29:30', NULL, NULL),
	(1332, '0011/LP Balittanah/02/2020', '20.02.11, F.Th.153', 384, NULL, NULL, 'Menunggu', '0', NULL, NULL, NULL, NULL, NULL, 'pambudisidiq@gmail.com', '2020-02-14 10:29:30', NULL, NULL),
	(1333, '0011/LP Balittanah/02/2020', '20.02.11, F.Th.153', 385, NULL, NULL, 'Menunggu', '0', NULL, NULL, NULL, NULL, NULL, 'pambudisidiq@gmail.com', '2020-02-14 10:29:30', NULL, NULL),
	(1334, '0011/LP Balittanah/02/2020', '20.02.11, F.Th.154', 383, NULL, NULL, 'Menunggu', '0', NULL, NULL, NULL, NULL, NULL, 'pambudisidiq@gmail.com', '2020-02-14 10:29:30', NULL, NULL),
	(1335, '0011/LP Balittanah/02/2020', '20.02.11, F.Th.154', 384, NULL, NULL, 'Menunggu', '0', NULL, NULL, NULL, NULL, NULL, 'pambudisidiq@gmail.com', '2020-02-14 10:29:30', NULL, NULL),
	(1336, '0011/LP Balittanah/02/2020', '20.02.11, F.Th.154', 385, NULL, NULL, 'Menunggu', '0', NULL, NULL, NULL, NULL, NULL, 'pambudisidiq@gmail.com', '2020-02-14 10:29:30', NULL, NULL),
	(1337, '0011/LP Balittanah/02/2020', '20.02.11, F.Th.155', 383, NULL, NULL, 'Menunggu', '0', NULL, NULL, NULL, NULL, NULL, 'pambudisidiq@gmail.com', '2020-02-14 10:29:30', NULL, NULL),
	(1338, '0011/LP Balittanah/02/2020', '20.02.11, F.Th.155', 384, NULL, NULL, 'Menunggu', '0', NULL, NULL, NULL, NULL, NULL, 'pambudisidiq@gmail.com', '2020-02-14 10:29:30', NULL, NULL),
	(1339, '0011/LP Balittanah/02/2020', '20.02.11, F.Th.155', 385, NULL, NULL, 'Menunggu', '0', NULL, NULL, NULL, NULL, NULL, 'pambudisidiq@gmail.com', '2020-02-14 10:29:30', NULL, NULL),
	(1340, '0011/LP Balittanah/02/2020', '20.02.11, F.Th.156', 383, NULL, NULL, 'Menunggu', '0', NULL, NULL, NULL, NULL, NULL, 'pambudisidiq@gmail.com', '2020-02-14 10:29:30', NULL, NULL),
	(1341, '0011/LP Balittanah/02/2020', '20.02.11, F.Th.156', 384, NULL, NULL, 'Menunggu', '0', NULL, NULL, NULL, NULL, NULL, 'pambudisidiq@gmail.com', '2020-02-14 10:29:30', NULL, NULL),
	(1342, '0011/LP Balittanah/02/2020', '20.02.11, F.Th.156', 385, NULL, NULL, 'Menunggu', '0', NULL, NULL, NULL, NULL, NULL, 'pambudisidiq@gmail.com', '2020-02-14 10:29:30', NULL, NULL),
	(1343, '0011/LP Balittanah/02/2020', '20.02.11, F.Th.157', 383, NULL, NULL, 'Menunggu', '0', NULL, NULL, NULL, NULL, NULL, 'pambudisidiq@gmail.com', '2020-02-14 10:29:30', NULL, NULL),
	(1344, '0011/LP Balittanah/02/2020', '20.02.11, F.Th.157', 384, NULL, NULL, 'Menunggu', '0', NULL, NULL, NULL, NULL, NULL, 'pambudisidiq@gmail.com', '2020-02-14 10:29:30', NULL, NULL),
	(1345, '0011/LP Balittanah/02/2020', '20.02.11, F.Th.157', 385, NULL, NULL, 'Menunggu', '0', NULL, NULL, NULL, NULL, NULL, 'pambudisidiq@gmail.com', '2020-02-14 10:29:30', NULL, NULL),
	(1346, '0011/LP Balittanah/02/2020', '20.02.11, F.Th.158', 383, NULL, NULL, 'Menunggu', '0', NULL, NULL, NULL, NULL, NULL, 'pambudisidiq@gmail.com', '2020-02-14 10:29:30', NULL, NULL),
	(1347, '0011/LP Balittanah/02/2020', '20.02.11, F.Th.158', 384, NULL, NULL, 'Menunggu', '0', NULL, NULL, NULL, NULL, NULL, 'pambudisidiq@gmail.com', '2020-02-14 10:29:30', NULL, NULL),
	(1348, '0011/LP Balittanah/02/2020', '20.02.11, F.Th.158', 385, NULL, NULL, 'Menunggu', '0', NULL, NULL, NULL, NULL, NULL, 'pambudisidiq@gmail.com', '2020-02-14 10:29:30', NULL, NULL),
	(1349, '0011/LP Balittanah/02/2020', '20.02.11, F.Th.159', 383, NULL, NULL, 'Menunggu', '0', NULL, NULL, NULL, NULL, NULL, 'pambudisidiq@gmail.com', '2020-02-14 10:29:30', NULL, NULL),
	(1350, '0011/LP Balittanah/02/2020', '20.02.11, F.Th.159', 384, NULL, NULL, 'Menunggu', '0', NULL, NULL, NULL, NULL, NULL, 'pambudisidiq@gmail.com', '2020-02-14 10:29:30', NULL, NULL),
	(1351, '0011/LP Balittanah/02/2020', '20.02.11, F.Th.159', 385, NULL, NULL, 'Menunggu', '0', NULL, NULL, NULL, NULL, NULL, 'pambudisidiq@gmail.com', '2020-02-14 10:29:30', NULL, NULL),
	(1352, '0011/LP Balittanah/02/2020', '20.02.11, F.Th.160', 383, NULL, NULL, 'Menunggu', '0', NULL, NULL, NULL, NULL, NULL, 'pambudisidiq@gmail.com', '2020-02-14 10:29:30', NULL, NULL),
	(1353, '0011/LP Balittanah/02/2020', '20.02.11, F.Th.160', 384, NULL, NULL, 'Menunggu', '0', NULL, NULL, NULL, NULL, NULL, 'pambudisidiq@gmail.com', '2020-02-14 10:29:30', NULL, NULL),
	(1354, '0011/LP Balittanah/02/2020', '20.02.11, F.Th.160', 385, NULL, NULL, 'Menunggu', '0', NULL, NULL, NULL, NULL, NULL, 'pambudisidiq@gmail.com', '2020-02-14 10:29:30', NULL, NULL),
	(1355, '0011/LP Balittanah/02/2020', '20.02.11, F.Th.161', 383, NULL, NULL, 'Menunggu', '0', NULL, NULL, NULL, NULL, NULL, 'pambudisidiq@gmail.com', '2020-02-14 10:29:30', NULL, NULL),
	(1356, '0011/LP Balittanah/02/2020', '20.02.11, F.Th.161', 384, NULL, NULL, 'Menunggu', '0', NULL, NULL, NULL, NULL, NULL, 'pambudisidiq@gmail.com', '2020-02-14 10:29:30', NULL, NULL),
	(1357, '0011/LP Balittanah/02/2020', '20.02.11, F.Th.161', 385, NULL, NULL, 'Menunggu', '0', NULL, NULL, NULL, NULL, NULL, 'pambudisidiq@gmail.com', '2020-02-14 10:29:30', NULL, NULL),
	(1358, '0011/LP Balittanah/02/2020', '20.02.11, F.Th.162', 383, NULL, NULL, 'Menunggu', '0', NULL, NULL, NULL, NULL, NULL, 'pambudisidiq@gmail.com', '2020-02-14 10:29:30', NULL, NULL),
	(1359, '0011/LP Balittanah/02/2020', '20.02.11, F.Th.162', 384, NULL, NULL, 'Menunggu', '0', NULL, NULL, NULL, NULL, NULL, 'pambudisidiq@gmail.com', '2020-02-14 10:29:30', NULL, NULL),
	(1360, '0011/LP Balittanah/02/2020', '20.02.11, F.Th.162', 385, NULL, NULL, 'Menunggu', '0', NULL, NULL, NULL, NULL, NULL, 'pambudisidiq@gmail.com', '2020-02-14 10:29:30', NULL, NULL),
	(1361, '0011/LP Balittanah/02/2020', '20.02.11, F.Th.163', 383, NULL, NULL, 'Menunggu', '0', NULL, NULL, NULL, NULL, NULL, 'pambudisidiq@gmail.com', '2020-02-14 10:29:30', NULL, NULL),
	(1362, '0011/LP Balittanah/02/2020', '20.02.11, F.Th.163', 384, NULL, NULL, 'Menunggu', '0', NULL, NULL, NULL, NULL, NULL, 'pambudisidiq@gmail.com', '2020-02-14 10:29:30', NULL, NULL),
	(1363, '0011/LP Balittanah/02/2020', '20.02.11, F.Th.163', 385, NULL, NULL, 'Menunggu', '0', NULL, NULL, NULL, NULL, NULL, 'pambudisidiq@gmail.com', '2020-02-14 10:29:30', NULL, NULL),
	(1364, '0011/LP Balittanah/02/2020', '20.02.11, F.Th.164', 383, NULL, NULL, 'Menunggu', '0', NULL, NULL, NULL, NULL, NULL, 'pambudisidiq@gmail.com', '2020-02-14 10:29:30', NULL, NULL),
	(1365, '0011/LP Balittanah/02/2020', '20.02.11, F.Th.164', 384, NULL, NULL, 'Menunggu', '0', NULL, NULL, NULL, NULL, NULL, 'pambudisidiq@gmail.com', '2020-02-14 10:29:30', NULL, NULL),
	(1366, '0011/LP Balittanah/02/2020', '20.02.11, F.Th.164', 385, NULL, NULL, 'Menunggu', '0', NULL, NULL, NULL, NULL, NULL, 'pambudisidiq@gmail.com', '2020-02-14 10:29:30', NULL, NULL),
	(1367, '0011/LP Balittanah/02/2020', '20.02.11, F.Th.165', 383, NULL, NULL, 'Menunggu', '0', NULL, NULL, NULL, NULL, NULL, 'pambudisidiq@gmail.com', '2020-02-14 10:29:30', NULL, NULL),
	(1368, '0011/LP Balittanah/02/2020', '20.02.11, F.Th.165', 384, NULL, NULL, 'Menunggu', '0', NULL, NULL, NULL, NULL, NULL, 'pambudisidiq@gmail.com', '2020-02-14 10:29:30', NULL, NULL),
	(1369, '0011/LP Balittanah/02/2020', '20.02.11, F.Th.165', 385, NULL, NULL, 'Menunggu', '0', NULL, NULL, NULL, NULL, NULL, 'pambudisidiq@gmail.com', '2020-02-14 10:29:30', NULL, NULL),
	(1370, '0011/LP Balittanah/02/2020', '20.02.11, F.Th.166', 383, NULL, NULL, 'Menunggu', '0', NULL, NULL, NULL, NULL, NULL, 'pambudisidiq@gmail.com', '2020-02-14 10:29:30', NULL, NULL),
	(1371, '0011/LP Balittanah/02/2020', '20.02.11, F.Th.166', 384, NULL, NULL, 'Menunggu', '0', NULL, NULL, NULL, NULL, NULL, 'pambudisidiq@gmail.com', '2020-02-14 10:29:30', NULL, NULL),
	(1372, '0011/LP Balittanah/02/2020', '20.02.11, F.Th.166', 385, NULL, NULL, 'Menunggu', '0', NULL, NULL, NULL, NULL, NULL, 'pambudisidiq@gmail.com', '2020-02-14 10:29:30', NULL, NULL),
	(1373, '0011/LP Balittanah/02/2020', '20.02.11, F.Th.167', 383, NULL, NULL, 'Menunggu', '0', NULL, NULL, NULL, NULL, NULL, 'pambudisidiq@gmail.com', '2020-02-14 10:29:30', NULL, NULL),
	(1374, '0011/LP Balittanah/02/2020', '20.02.11, F.Th.167', 384, NULL, NULL, 'Menunggu', '0', NULL, NULL, NULL, NULL, NULL, 'pambudisidiq@gmail.com', '2020-02-14 10:29:30', NULL, NULL),
	(1375, '0011/LP Balittanah/02/2020', '20.02.11, F.Th.167', 385, NULL, NULL, 'Menunggu', '0', NULL, NULL, NULL, NULL, NULL, 'pambudisidiq@gmail.com', '2020-02-14 10:29:30', NULL, NULL),
	(1376, '0011/LP Balittanah/02/2020', '20.02.11, F.Th.168', 383, NULL, NULL, 'Menunggu', '0', NULL, NULL, NULL, NULL, NULL, 'pambudisidiq@gmail.com', '2020-02-14 10:29:30', NULL, NULL),
	(1377, '0011/LP Balittanah/02/2020', '20.02.11, F.Th.168', 384, NULL, NULL, 'Menunggu', '0', NULL, NULL, NULL, NULL, NULL, 'pambudisidiq@gmail.com', '2020-02-14 10:29:30', NULL, NULL),
	(1378, '0011/LP Balittanah/02/2020', '20.02.11, F.Th.168', 385, NULL, NULL, 'Menunggu', '0', NULL, NULL, NULL, NULL, NULL, 'pambudisidiq@gmail.com', '2020-02-14 10:29:30', NULL, NULL),
	(1379, '0011/LP Balittanah/02/2020', '20.02.11, F.Th.169', 383, NULL, NULL, 'Menunggu', '0', NULL, NULL, NULL, NULL, NULL, 'pambudisidiq@gmail.com', '2020-02-14 10:29:30', NULL, NULL),
	(1380, '0011/LP Balittanah/02/2020', '20.02.11, F.Th.169', 384, NULL, NULL, 'Menunggu', '0', NULL, NULL, NULL, NULL, NULL, 'pambudisidiq@gmail.com', '2020-02-14 10:29:30', NULL, NULL),
	(1381, '0011/LP Balittanah/02/2020', '20.02.11, F.Th.169', 385, NULL, NULL, 'Menunggu', '0', NULL, NULL, NULL, NULL, NULL, 'pambudisidiq@gmail.com', '2020-02-14 10:29:30', NULL, NULL),
	(1382, '0011/LP Balittanah/02/2020', '20.02.11, F.Th.170', 383, NULL, NULL, 'Menunggu', '0', NULL, NULL, NULL, NULL, NULL, 'pambudisidiq@gmail.com', '2020-02-14 10:29:30', NULL, NULL),
	(1383, '0011/LP Balittanah/02/2020', '20.02.11, F.Th.170', 384, NULL, NULL, 'Menunggu', '0', NULL, NULL, NULL, NULL, NULL, 'pambudisidiq@gmail.com', '2020-02-14 10:29:30', NULL, NULL),
	(1384, '0011/LP Balittanah/02/2020', '20.02.11, F.Th.170', 385, NULL, NULL, 'Menunggu', '0', NULL, NULL, NULL, NULL, NULL, 'pambudisidiq@gmail.com', '2020-02-14 10:29:30', NULL, NULL),
	(1385, '0011/LP Balittanah/02/2020', '20.02.11, F.Th.171', 383, NULL, NULL, 'Menunggu', '0', NULL, NULL, NULL, NULL, NULL, 'pambudisidiq@gmail.com', '2020-02-14 10:29:30', NULL, NULL),
	(1386, '0011/LP Balittanah/02/2020', '20.02.11, F.Th.171', 384, NULL, NULL, 'Menunggu', '0', NULL, NULL, NULL, NULL, NULL, 'pambudisidiq@gmail.com', '2020-02-14 10:29:30', NULL, NULL),
	(1387, '0011/LP Balittanah/02/2020', '20.02.11, F.Th.171', 385, NULL, NULL, 'Menunggu', '0', NULL, NULL, NULL, NULL, NULL, 'pambudisidiq@gmail.com', '2020-02-14 10:29:30', NULL, NULL),
	(1388, '0011/LP Balittanah/02/2020', '20.02.11, F.Th.172', 383, NULL, NULL, 'Menunggu', '0', NULL, NULL, NULL, NULL, NULL, 'pambudisidiq@gmail.com', '2020-02-14 10:29:30', NULL, NULL),
	(1389, '0011/LP Balittanah/02/2020', '20.02.11, F.Th.172', 384, NULL, NULL, 'Menunggu', '0', NULL, NULL, NULL, NULL, NULL, 'pambudisidiq@gmail.com', '2020-02-14 10:29:30', NULL, NULL),
	(1390, '0011/LP Balittanah/02/2020', '20.02.11, F.Th.172', 385, NULL, NULL, 'Menunggu', '0', NULL, NULL, NULL, NULL, NULL, 'pambudisidiq@gmail.com', '2020-02-14 10:29:30', NULL, NULL),
	(1391, '0011/LP Balittanah/02/2020', '20.02.11, F.Th.173', 383, NULL, NULL, 'Menunggu', '0', NULL, NULL, NULL, NULL, NULL, 'pambudisidiq@gmail.com', '2020-02-14 10:29:30', NULL, NULL),
	(1392, '0011/LP Balittanah/02/2020', '20.02.11, F.Th.173', 384, NULL, NULL, 'Menunggu', '0', NULL, NULL, NULL, NULL, NULL, 'pambudisidiq@gmail.com', '2020-02-14 10:29:30', NULL, NULL),
	(1393, '0011/LP Balittanah/02/2020', '20.02.11, F.Th.173', 385, NULL, NULL, 'Menunggu', '0', NULL, NULL, NULL, NULL, NULL, 'pambudisidiq@gmail.com', '2020-02-14 10:29:30', NULL, NULL),
	(1394, '0011/LP Balittanah/02/2020', '20.02.11, F.Th.174', 383, NULL, NULL, 'Menunggu', '0', NULL, NULL, NULL, NULL, NULL, 'pambudisidiq@gmail.com', '2020-02-14 10:29:30', NULL, NULL),
	(1395, '0011/LP Balittanah/02/2020', '20.02.11, F.Th.174', 384, NULL, NULL, 'Menunggu', '0', NULL, NULL, NULL, NULL, NULL, 'pambudisidiq@gmail.com', '2020-02-14 10:29:30', NULL, NULL),
	(1396, '0011/LP Balittanah/02/2020', '20.02.11, F.Th.174', 385, NULL, NULL, 'Menunggu', '0', NULL, NULL, NULL, NULL, NULL, 'pambudisidiq@gmail.com', '2020-02-14 10:29:30', NULL, NULL),
	(1397, '0011/LP Balittanah/02/2020', '20.02.11, F.Th.175', 383, NULL, NULL, 'Menunggu', '0', NULL, NULL, NULL, NULL, NULL, 'pambudisidiq@gmail.com', '2020-02-14 10:29:30', NULL, NULL),
	(1398, '0011/LP Balittanah/02/2020', '20.02.11, F.Th.175', 384, NULL, NULL, 'Menunggu', '0', NULL, NULL, NULL, NULL, NULL, 'pambudisidiq@gmail.com', '2020-02-14 10:29:30', NULL, NULL),
	(1399, '0011/LP Balittanah/02/2020', '20.02.11, F.Th.175', 385, NULL, NULL, 'Menunggu', '0', NULL, NULL, NULL, NULL, NULL, 'pambudisidiq@gmail.com', '2020-02-14 10:29:30', NULL, NULL),
	(1400, '0011/LP Balittanah/02/2020', '20.02.11, F.Th.176', 383, NULL, NULL, 'Menunggu', '0', NULL, NULL, NULL, NULL, NULL, 'pambudisidiq@gmail.com', '2020-02-14 10:29:30', NULL, NULL),
	(1401, '0011/LP Balittanah/02/2020', '20.02.11, F.Th.176', 384, NULL, NULL, 'Menunggu', '0', NULL, NULL, NULL, NULL, NULL, 'pambudisidiq@gmail.com', '2020-02-14 10:29:30', NULL, NULL),
	(1402, '0011/LP Balittanah/02/2020', '20.02.11, F.Th.176', 385, NULL, NULL, 'Menunggu', '0', NULL, NULL, NULL, NULL, NULL, 'pambudisidiq@gmail.com', '2020-02-14 10:29:30', NULL, NULL),
	(1403, '0011/LP Balittanah/02/2020', '20.02.11, F.Th.177', 383, NULL, NULL, 'Menunggu', '0', NULL, NULL, NULL, NULL, NULL, 'pambudisidiq@gmail.com', '2020-02-14 10:29:30', NULL, NULL),
	(1404, '0011/LP Balittanah/02/2020', '20.02.11, F.Th.177', 384, NULL, NULL, 'Menunggu', '0', NULL, NULL, NULL, NULL, NULL, 'pambudisidiq@gmail.com', '2020-02-14 10:29:30', NULL, NULL),
	(1405, '0011/LP Balittanah/02/2020', '20.02.11, F.Th.177', 385, NULL, NULL, 'Menunggu', '0', NULL, NULL, NULL, NULL, NULL, 'pambudisidiq@gmail.com', '2020-02-14 10:29:30', NULL, NULL),
	(1406, '0011/LP Balittanah/02/2020', '20.02.11, F.Th.178', 383, NULL, NULL, 'Menunggu', '0', NULL, NULL, NULL, NULL, NULL, 'pambudisidiq@gmail.com', '2020-02-14 10:29:30', NULL, NULL),
	(1407, '0011/LP Balittanah/02/2020', '20.02.11, F.Th.178', 384, NULL, NULL, 'Menunggu', '0', NULL, NULL, NULL, NULL, NULL, 'pambudisidiq@gmail.com', '2020-02-14 10:29:30', NULL, NULL),
	(1408, '0011/LP Balittanah/02/2020', '20.02.11, F.Th.178', 385, NULL, NULL, 'Menunggu', '0', NULL, NULL, NULL, NULL, NULL, 'pambudisidiq@gmail.com', '2020-02-14 10:29:30', NULL, NULL),
	(1409, '0011/LP Balittanah/02/2020', '20.02.11, F.Th.179', 383, NULL, NULL, 'Menunggu', '0', NULL, NULL, NULL, NULL, NULL, 'pambudisidiq@gmail.com', '2020-02-14 10:29:30', NULL, NULL),
	(1410, '0011/LP Balittanah/02/2020', '20.02.11, F.Th.179', 384, NULL, NULL, 'Menunggu', '0', NULL, NULL, NULL, NULL, NULL, 'pambudisidiq@gmail.com', '2020-02-14 10:29:30', NULL, NULL),
	(1411, '0011/LP Balittanah/02/2020', '20.02.11, F.Th.179', 385, NULL, NULL, 'Menunggu', '0', NULL, NULL, NULL, NULL, NULL, 'pambudisidiq@gmail.com', '2020-02-14 10:29:30', NULL, NULL),
	(1412, '0011/LP Balittanah/02/2020', '20.02.11, F.Th.180', 383, NULL, NULL, 'Menunggu', '0', NULL, NULL, NULL, NULL, NULL, 'pambudisidiq@gmail.com', '2020-02-14 10:29:30', NULL, NULL),
	(1413, '0011/LP Balittanah/02/2020', '20.02.11, F.Th.180', 384, NULL, NULL, 'Menunggu', '0', NULL, NULL, NULL, NULL, NULL, 'pambudisidiq@gmail.com', '2020-02-14 10:29:30', NULL, NULL),
	(1414, '0011/LP Balittanah/02/2020', '20.02.11, F.Th.180', 385, NULL, NULL, 'Menunggu', '0', NULL, NULL, NULL, NULL, NULL, 'pambudisidiq@gmail.com', '2020-02-14 10:29:30', NULL, NULL),
	(1415, '0011/LP Balittanah/02/2020', '20.02.11, F.Th.181', 383, NULL, NULL, 'Menunggu', '0', NULL, NULL, NULL, NULL, NULL, 'pambudisidiq@gmail.com', '2020-02-14 10:29:30', NULL, NULL),
	(1416, '0011/LP Balittanah/02/2020', '20.02.11, F.Th.181', 384, NULL, NULL, 'Menunggu', '0', NULL, NULL, NULL, NULL, NULL, 'pambudisidiq@gmail.com', '2020-02-14 10:29:30', NULL, NULL),
	(1417, '0011/LP Balittanah/02/2020', '20.02.11, F.Th.181', 385, NULL, NULL, 'Menunggu', '0', NULL, NULL, NULL, NULL, NULL, 'pambudisidiq@gmail.com', '2020-02-14 10:29:30', NULL, NULL),
	(1418, '0011/LP Balittanah/02/2020', '20.02.11, F.Th.182', 383, NULL, NULL, 'Menunggu', '0', NULL, NULL, NULL, NULL, NULL, 'pambudisidiq@gmail.com', '2020-02-14 10:29:30', NULL, NULL),
	(1419, '0011/LP Balittanah/02/2020', '20.02.11, F.Th.182', 384, NULL, NULL, 'Menunggu', '0', NULL, NULL, NULL, NULL, NULL, 'pambudisidiq@gmail.com', '2020-02-14 10:29:30', NULL, NULL),
	(1420, '0011/LP Balittanah/02/2020', '20.02.11, F.Th.182', 385, NULL, NULL, 'Menunggu', '0', NULL, NULL, NULL, NULL, NULL, 'pambudisidiq@gmail.com', '2020-02-14 10:29:30', NULL, NULL),
	(1421, '0011/LP Balittanah/02/2020', '20.02.11, F.Th.183', 383, NULL, NULL, 'Menunggu', '0', NULL, NULL, NULL, NULL, NULL, 'pambudisidiq@gmail.com', '2020-02-14 10:29:30', NULL, NULL),
	(1422, '0011/LP Balittanah/02/2020', '20.02.11, F.Th.183', 384, NULL, NULL, 'Menunggu', '0', NULL, NULL, NULL, NULL, NULL, 'pambudisidiq@gmail.com', '2020-02-14 10:29:30', NULL, NULL),
	(1423, '0011/LP Balittanah/02/2020', '20.02.11, F.Th.183', 385, NULL, NULL, 'Menunggu', '0', NULL, NULL, NULL, NULL, NULL, 'pambudisidiq@gmail.com', '2020-02-14 10:29:30', NULL, NULL),
	(1424, '0011/LP Balittanah/02/2020', '20.02.11, F.Th.184', 383, NULL, NULL, 'Menunggu', '0', NULL, NULL, NULL, NULL, NULL, 'pambudisidiq@gmail.com', '2020-02-14 10:29:30', NULL, NULL),
	(1425, '0011/LP Balittanah/02/2020', '20.02.11, F.Th.184', 384, NULL, NULL, 'Menunggu', '0', NULL, NULL, NULL, NULL, NULL, 'pambudisidiq@gmail.com', '2020-02-14 10:29:30', NULL, NULL),
	(1426, '0011/LP Balittanah/02/2020', '20.02.11, F.Th.184', 385, NULL, NULL, 'Menunggu', '0', NULL, NULL, NULL, NULL, NULL, 'pambudisidiq@gmail.com', '2020-02-14 10:29:30', NULL, NULL),
	(1427, '0011/LP Balittanah/02/2020', '20.02.11, F.Th.185', 383, NULL, NULL, 'Menunggu', '0', NULL, NULL, NULL, NULL, NULL, 'pambudisidiq@gmail.com', '2020-02-14 10:29:30', NULL, NULL),
	(1428, '0011/LP Balittanah/02/2020', '20.02.11, F.Th.185', 384, NULL, NULL, 'Menunggu', '0', NULL, NULL, NULL, NULL, NULL, 'pambudisidiq@gmail.com', '2020-02-14 10:29:30', NULL, NULL),
	(1429, '0011/LP Balittanah/02/2020', '20.02.11, F.Th.185', 385, NULL, NULL, 'Menunggu', '0', NULL, NULL, NULL, NULL, NULL, 'pambudisidiq@gmail.com', '2020-02-14 10:29:30', NULL, NULL),
	(1430, '0011/LP Balittanah/02/2020', '20.02.11, F.Th.186', 383, NULL, NULL, 'Menunggu', '0', NULL, NULL, NULL, NULL, NULL, 'pambudisidiq@gmail.com', '2020-02-14 10:29:30', NULL, NULL),
	(1431, '0011/LP Balittanah/02/2020', '20.02.11, F.Th.186', 384, NULL, NULL, 'Menunggu', '0', NULL, NULL, NULL, NULL, NULL, 'pambudisidiq@gmail.com', '2020-02-14 10:29:30', NULL, NULL),
	(1432, '0011/LP Balittanah/02/2020', '20.02.11, F.Th.186', 385, NULL, NULL, 'Menunggu', '0', NULL, NULL, NULL, NULL, NULL, 'pambudisidiq@gmail.com', '2020-02-14 10:29:30', NULL, NULL),
	(1433, '0011/LP Balittanah/02/2020', '20.02.11, F.Th.187', 383, NULL, NULL, 'Menunggu', '0', NULL, NULL, NULL, NULL, NULL, 'pambudisidiq@gmail.com', '2020-02-14 10:29:30', NULL, NULL),
	(1434, '0011/LP Balittanah/02/2020', '20.02.11, F.Th.187', 384, NULL, NULL, 'Menunggu', '0', NULL, NULL, NULL, NULL, NULL, 'pambudisidiq@gmail.com', '2020-02-14 10:29:30', NULL, NULL),
	(1435, '0011/LP Balittanah/02/2020', '20.02.11, F.Th.187', 385, NULL, NULL, 'Menunggu', '0', NULL, NULL, NULL, NULL, NULL, 'pambudisidiq@gmail.com', '2020-02-14 10:29:30', NULL, NULL),
	(1436, '0011/LP Balittanah/02/2020', '20.02.11, F.Th.188', 383, NULL, NULL, 'Menunggu', '0', NULL, NULL, NULL, NULL, NULL, 'pambudisidiq@gmail.com', '2020-02-14 10:29:30', NULL, NULL),
	(1437, '0011/LP Balittanah/02/2020', '20.02.11, F.Th.188', 384, NULL, NULL, 'Menunggu', '0', NULL, NULL, NULL, NULL, NULL, 'pambudisidiq@gmail.com', '2020-02-14 10:29:30', NULL, NULL),
	(1438, '0011/LP Balittanah/02/2020', '20.02.11, F.Th.188', 385, NULL, NULL, 'Menunggu', '0', NULL, NULL, NULL, NULL, NULL, 'pambudisidiq@gmail.com', '2020-02-14 10:29:30', NULL, NULL),
	(1439, '0011/LP Balittanah/02/2020', '20.02.11, F.Th.189', 383, NULL, NULL, 'Menunggu', '0', NULL, NULL, NULL, NULL, NULL, 'pambudisidiq@gmail.com', '2020-02-14 10:29:30', NULL, NULL),
	(1440, '0011/LP Balittanah/02/2020', '20.02.11, F.Th.189', 384, NULL, NULL, 'Menunggu', '0', NULL, NULL, NULL, NULL, NULL, 'pambudisidiq@gmail.com', '2020-02-14 10:29:30', NULL, NULL),
	(1441, '0011/LP Balittanah/02/2020', '20.02.11, F.Th.189', 385, NULL, NULL, 'Menunggu', '0', NULL, NULL, NULL, NULL, NULL, 'pambudisidiq@gmail.com', '2020-02-14 10:29:30', NULL, NULL),
	(1442, '0011/LP Balittanah/02/2020', '20.02.11, F.Th.190', 383, NULL, NULL, 'Menunggu', '0', NULL, NULL, NULL, NULL, NULL, 'pambudisidiq@gmail.com', '2020-02-14 10:29:30', NULL, NULL),
	(1443, '0011/LP Balittanah/02/2020', '20.02.11, F.Th.190', 384, NULL, NULL, 'Menunggu', '0', NULL, NULL, NULL, NULL, NULL, 'pambudisidiq@gmail.com', '2020-02-14 10:29:30', NULL, NULL),
	(1444, '0011/LP Balittanah/02/2020', '20.02.11, F.Th.190', 385, NULL, NULL, 'Menunggu', '0', NULL, NULL, NULL, NULL, NULL, 'pambudisidiq@gmail.com', '2020-02-14 10:29:30', NULL, NULL),
	(1445, '0011/LP Balittanah/02/2020', '20.02.11, F.Th.191', 383, NULL, NULL, 'Menunggu', '0', NULL, NULL, NULL, NULL, NULL, 'pambudisidiq@gmail.com', '2020-02-14 10:29:30', NULL, NULL),
	(1446, '0011/LP Balittanah/02/2020', '20.02.11, F.Th.191', 384, NULL, NULL, 'Menunggu', '0', NULL, NULL, NULL, NULL, NULL, 'pambudisidiq@gmail.com', '2020-02-14 10:29:30', NULL, NULL),
	(1447, '0011/LP Balittanah/02/2020', '20.02.11, F.Th.191', 385, NULL, NULL, 'Menunggu', '0', NULL, NULL, NULL, NULL, NULL, 'pambudisidiq@gmail.com', '2020-02-14 10:29:30', NULL, NULL),
	(1448, '0011/LP Balittanah/02/2020', '20.02.11, F.Th.192', 383, NULL, NULL, 'Menunggu', '0', NULL, NULL, NULL, NULL, NULL, 'pambudisidiq@gmail.com', '2020-02-14 10:29:30', NULL, NULL),
	(1449, '0011/LP Balittanah/02/2020', '20.02.11, F.Th.192', 384, NULL, NULL, 'Menunggu', '0', NULL, NULL, NULL, NULL, NULL, 'pambudisidiq@gmail.com', '2020-02-14 10:29:30', NULL, NULL),
	(1450, '0011/LP Balittanah/02/2020', '20.02.11, F.Th.192', 385, NULL, NULL, 'Menunggu', '0', NULL, NULL, NULL, NULL, NULL, 'pambudisidiq@gmail.com', '2020-02-14 10:29:30', NULL, NULL),
	(1451, '0011/LP Balittanah/02/2020', '20.02.11, F.Th.193', 383, NULL, NULL, 'Menunggu', '0', NULL, NULL, NULL, NULL, NULL, 'pambudisidiq@gmail.com', '2020-02-14 10:29:30', NULL, NULL),
	(1452, '0011/LP Balittanah/02/2020', '20.02.11, F.Th.193', 384, NULL, NULL, 'Menunggu', '0', NULL, NULL, NULL, NULL, NULL, 'pambudisidiq@gmail.com', '2020-02-14 10:29:30', NULL, NULL),
	(1453, '0011/LP Balittanah/02/2020', '20.02.11, F.Th.193', 385, NULL, NULL, 'Menunggu', '0', NULL, NULL, NULL, NULL, NULL, 'pambudisidiq@gmail.com', '2020-02-14 10:29:30', NULL, NULL),
	(1454, '0011/LP Balittanah/02/2020', '20.02.11, F.Th.194', 383, NULL, NULL, 'Menunggu', '0', NULL, NULL, NULL, NULL, NULL, 'pambudisidiq@gmail.com', '2020-02-14 10:29:30', NULL, NULL),
	(1455, '0011/LP Balittanah/02/2020', '20.02.11, F.Th.194', 384, NULL, NULL, 'Menunggu', '0', NULL, NULL, NULL, NULL, NULL, 'pambudisidiq@gmail.com', '2020-02-14 10:29:30', NULL, NULL),
	(1456, '0011/LP Balittanah/02/2020', '20.02.11, F.Th.194', 385, NULL, NULL, 'Menunggu', '0', NULL, NULL, NULL, NULL, NULL, 'pambudisidiq@gmail.com', '2020-02-14 10:29:30', NULL, NULL),
	(1457, '0011/LP Balittanah/02/2020', '20.02.11, F.Th.195', 383, NULL, NULL, 'Menunggu', '0', NULL, NULL, NULL, NULL, NULL, 'pambudisidiq@gmail.com', '2020-02-14 10:29:30', NULL, NULL),
	(1458, '0011/LP Balittanah/02/2020', '20.02.11, F.Th.195', 384, NULL, NULL, 'Menunggu', '0', NULL, NULL, NULL, NULL, NULL, 'pambudisidiq@gmail.com', '2020-02-14 10:29:30', NULL, NULL),
	(1459, '0011/LP Balittanah/02/2020', '20.02.11, F.Th.195', 385, NULL, NULL, 'Menunggu', '0', NULL, NULL, NULL, NULL, NULL, 'pambudisidiq@gmail.com', '2020-02-14 10:29:30', NULL, NULL),
	(1460, '0011/LP Balittanah/02/2020', '20.02.11, F.Th.196', 383, NULL, NULL, 'Menunggu', '0', NULL, NULL, NULL, NULL, NULL, 'pambudisidiq@gmail.com', '2020-02-14 10:29:30', NULL, NULL),
	(1461, '0011/LP Balittanah/02/2020', '20.02.11, F.Th.196', 384, NULL, NULL, 'Menunggu', '0', NULL, NULL, NULL, NULL, NULL, 'pambudisidiq@gmail.com', '2020-02-14 10:29:30', NULL, NULL),
	(1462, '0011/LP Balittanah/02/2020', '20.02.11, F.Th.196', 385, NULL, NULL, 'Menunggu', '0', NULL, NULL, NULL, NULL, NULL, 'pambudisidiq@gmail.com', '2020-02-14 10:29:30', NULL, NULL),
	(1463, '0011/LP Balittanah/02/2020', '20.02.11, F.Th.197', 383, NULL, NULL, 'Menunggu', '0', NULL, NULL, NULL, NULL, NULL, 'pambudisidiq@gmail.com', '2020-02-14 10:29:30', NULL, NULL),
	(1464, '0011/LP Balittanah/02/2020', '20.02.11, F.Th.197', 384, NULL, NULL, 'Menunggu', '0', NULL, NULL, NULL, NULL, NULL, 'pambudisidiq@gmail.com', '2020-02-14 10:29:30', NULL, NULL),
	(1465, '0011/LP Balittanah/02/2020', '20.02.11, F.Th.197', 385, NULL, NULL, 'Menunggu', '0', NULL, NULL, NULL, NULL, NULL, 'pambudisidiq@gmail.com', '2020-02-14 10:29:30', NULL, NULL),
	(1466, '0011/LP Balittanah/02/2020', '20.02.11, F.Th.198', 383, NULL, NULL, 'Menunggu', '0', NULL, NULL, NULL, NULL, NULL, 'pambudisidiq@gmail.com', '2020-02-14 10:29:30', NULL, NULL),
	(1467, '0011/LP Balittanah/02/2020', '20.02.11, F.Th.198', 384, NULL, NULL, 'Menunggu', '0', NULL, NULL, NULL, NULL, NULL, 'pambudisidiq@gmail.com', '2020-02-14 10:29:30', NULL, NULL),
	(1468, '0011/LP Balittanah/02/2020', '20.02.11, F.Th.198', 385, NULL, NULL, 'Menunggu', '0', NULL, NULL, NULL, NULL, NULL, 'pambudisidiq@gmail.com', '2020-02-14 10:29:30', NULL, NULL),
	(1469, '0011/LP Balittanah/02/2020', '20.02.11, F.Th.199', 383, NULL, NULL, 'Menunggu', '0', NULL, NULL, NULL, NULL, NULL, 'pambudisidiq@gmail.com', '2020-02-14 10:29:30', NULL, NULL),
	(1470, '0011/LP Balittanah/02/2020', '20.02.11, F.Th.199', 384, NULL, NULL, 'Menunggu', '0', NULL, NULL, NULL, NULL, NULL, 'pambudisidiq@gmail.com', '2020-02-14 10:29:30', NULL, NULL),
	(1471, '0011/LP Balittanah/02/2020', '20.02.11, F.Th.199', 385, NULL, NULL, 'Menunggu', '0', NULL, NULL, NULL, NULL, NULL, 'pambudisidiq@gmail.com', '2020-02-14 10:29:30', NULL, NULL),
	(1472, '0011/LP Balittanah/02/2020', '20.02.11, F.Th.200', 383, NULL, NULL, 'Menunggu', '0', NULL, NULL, NULL, NULL, NULL, 'pambudisidiq@gmail.com', '2020-02-14 10:29:30', NULL, NULL),
	(1473, '0011/LP Balittanah/02/2020', '20.02.11, F.Th.200', 384, NULL, NULL, 'Menunggu', '0', NULL, NULL, NULL, NULL, NULL, 'pambudisidiq@gmail.com', '2020-02-14 10:29:30', NULL, NULL),
	(1474, '0011/LP Balittanah/02/2020', '20.02.11, F.Th.200', 385, NULL, NULL, 'Menunggu', '0', NULL, NULL, NULL, NULL, NULL, 'pambudisidiq@gmail.com', '2020-02-14 10:29:30', NULL, NULL),
	(1475, '0011/LP Balittanah/02/2020', '20.02.11, F.Th.201', 383, NULL, NULL, 'Menunggu', '0', NULL, NULL, NULL, NULL, NULL, 'pambudisidiq@gmail.com', '2020-02-14 10:29:30', NULL, NULL),
	(1476, '0011/LP Balittanah/02/2020', '20.02.11, F.Th.201', 384, NULL, NULL, 'Menunggu', '0', NULL, NULL, NULL, NULL, NULL, 'pambudisidiq@gmail.com', '2020-02-14 10:29:30', NULL, NULL),
	(1477, '0011/LP Balittanah/02/2020', '20.02.11, F.Th.201', 385, NULL, NULL, 'Menunggu', '0', NULL, NULL, NULL, NULL, NULL, 'pambudisidiq@gmail.com', '2020-02-14 10:29:30', NULL, NULL),
	(1478, '0011/LP Balittanah/02/2020', '20.02.11, F.Th.202', 383, NULL, NULL, 'Menunggu', '0', NULL, NULL, NULL, NULL, NULL, 'pambudisidiq@gmail.com', '2020-02-14 10:29:30', NULL, NULL),
	(1479, '0011/LP Balittanah/02/2020', '20.02.11, F.Th.202', 384, NULL, NULL, 'Menunggu', '0', NULL, NULL, NULL, NULL, NULL, 'pambudisidiq@gmail.com', '2020-02-14 10:29:30', NULL, NULL),
	(1480, '0011/LP Balittanah/02/2020', '20.02.11, F.Th.202', 385, NULL, NULL, 'Menunggu', '0', NULL, NULL, NULL, NULL, NULL, 'pambudisidiq@gmail.com', '2020-02-14 10:29:30', NULL, NULL),
	(1481, '0011/LP Balittanah/02/2020', '20.02.11, F.Th.26', 383, NULL, NULL, 'Menunggu', '0', NULL, NULL, NULL, NULL, NULL, 'pambudisidiq@gmail.com', '2020-02-14 10:29:30', NULL, NULL),
	(1482, '0011/LP Balittanah/02/2020', '20.02.11, F.Th.26', 384, NULL, NULL, 'Menunggu', '0', NULL, NULL, NULL, NULL, NULL, 'pambudisidiq@gmail.com', '2020-02-14 10:29:30', NULL, NULL),
	(1483, '0011/LP Balittanah/02/2020', '20.02.11, F.Th.26', 385, NULL, NULL, 'Menunggu', '0', NULL, NULL, NULL, NULL, NULL, 'pambudisidiq@gmail.com', '2020-02-14 10:29:30', NULL, NULL),
	(1484, '0011/LP Balittanah/02/2020', '20.02.11, F.Th.27', 383, NULL, NULL, 'Menunggu', '0', NULL, NULL, NULL, NULL, NULL, 'pambudisidiq@gmail.com', '2020-02-14 10:29:30', NULL, NULL),
	(1485, '0011/LP Balittanah/02/2020', '20.02.11, F.Th.27', 384, NULL, NULL, 'Menunggu', '0', NULL, NULL, NULL, NULL, NULL, 'pambudisidiq@gmail.com', '2020-02-14 10:29:30', NULL, NULL),
	(1486, '0011/LP Balittanah/02/2020', '20.02.11, F.Th.27', 385, NULL, NULL, 'Menunggu', '0', NULL, NULL, NULL, NULL, NULL, 'pambudisidiq@gmail.com', '2020-02-14 10:29:30', NULL, NULL),
	(1487, '0011/LP Balittanah/02/2020', '20.02.11, F.Th.28', 383, NULL, NULL, 'Menunggu', '0', NULL, NULL, NULL, NULL, NULL, 'pambudisidiq@gmail.com', '2020-02-14 10:29:30', NULL, NULL),
	(1488, '0011/LP Balittanah/02/2020', '20.02.11, F.Th.28', 384, NULL, NULL, 'Menunggu', '0', NULL, NULL, NULL, NULL, NULL, 'pambudisidiq@gmail.com', '2020-02-14 10:29:30', NULL, NULL),
	(1489, '0011/LP Balittanah/02/2020', '20.02.11, F.Th.28', 385, NULL, NULL, 'Menunggu', '0', NULL, NULL, NULL, NULL, NULL, 'pambudisidiq@gmail.com', '2020-02-14 10:29:30', NULL, NULL),
	(1490, '0011/LP Balittanah/02/2020', '20.02.11, F.Th.29', 383, NULL, NULL, 'Menunggu', '0', NULL, NULL, NULL, NULL, NULL, 'pambudisidiq@gmail.com', '2020-02-14 10:29:30', NULL, NULL),
	(1491, '0011/LP Balittanah/02/2020', '20.02.11, F.Th.29', 384, NULL, NULL, 'Menunggu', '0', NULL, NULL, NULL, NULL, NULL, 'pambudisidiq@gmail.com', '2020-02-14 10:29:30', NULL, NULL),
	(1492, '0011/LP Balittanah/02/2020', '20.02.11, F.Th.29', 385, NULL, NULL, 'Menunggu', '0', NULL, NULL, NULL, NULL, NULL, 'pambudisidiq@gmail.com', '2020-02-14 10:29:30', NULL, NULL),
	(1493, '0011/LP Balittanah/02/2020', '20.02.11, F.Th.30', 383, NULL, NULL, 'Menunggu', '0', NULL, NULL, NULL, NULL, NULL, 'pambudisidiq@gmail.com', '2020-02-14 10:29:30', NULL, NULL),
	(1494, '0011/LP Balittanah/02/2020', '20.02.11, F.Th.30', 384, NULL, NULL, 'Menunggu', '0', NULL, NULL, NULL, NULL, NULL, 'pambudisidiq@gmail.com', '2020-02-14 10:29:30', NULL, NULL),
	(1495, '0011/LP Balittanah/02/2020', '20.02.11, F.Th.30', 385, NULL, NULL, 'Menunggu', '0', NULL, NULL, NULL, NULL, NULL, 'pambudisidiq@gmail.com', '2020-02-14 10:29:30', NULL, NULL),
	(1496, '0011/LP Balittanah/02/2020', '20.02.11, F.Th.31', 383, NULL, NULL, 'Menunggu', '0', NULL, NULL, NULL, NULL, NULL, 'pambudisidiq@gmail.com', '2020-02-14 10:29:30', NULL, NULL),
	(1497, '0011/LP Balittanah/02/2020', '20.02.11, F.Th.31', 384, NULL, NULL, 'Menunggu', '0', NULL, NULL, NULL, NULL, NULL, 'pambudisidiq@gmail.com', '2020-02-14 10:29:30', NULL, NULL),
	(1498, '0011/LP Balittanah/02/2020', '20.02.11, F.Th.31', 385, NULL, NULL, 'Menunggu', '0', NULL, NULL, NULL, NULL, NULL, 'pambudisidiq@gmail.com', '2020-02-14 10:29:30', NULL, NULL),
	(1499, '0011/LP Balittanah/02/2020', '20.02.11, F.Th.32', 383, NULL, NULL, 'Menunggu', '0', NULL, NULL, NULL, NULL, NULL, 'pambudisidiq@gmail.com', '2020-02-14 10:29:30', NULL, NULL),
	(1500, '0011/LP Balittanah/02/2020', '20.02.11, F.Th.32', 384, NULL, NULL, 'Menunggu', '0', NULL, NULL, NULL, NULL, NULL, 'pambudisidiq@gmail.com', '2020-02-14 10:29:30', NULL, NULL),
	(1501, '0011/LP Balittanah/02/2020', '20.02.11, F.Th.32', 385, NULL, NULL, 'Menunggu', '0', NULL, NULL, NULL, NULL, NULL, 'pambudisidiq@gmail.com', '2020-02-14 10:29:30', NULL, NULL),
	(1502, '0011/LP Balittanah/02/2020', '20.02.11, F.Th.33', 383, NULL, NULL, 'Menunggu', '0', NULL, NULL, NULL, NULL, NULL, 'pambudisidiq@gmail.com', '2020-02-14 10:29:30', NULL, NULL),
	(1503, '0011/LP Balittanah/02/2020', '20.02.11, F.Th.33', 384, NULL, NULL, 'Menunggu', '0', NULL, NULL, NULL, NULL, NULL, 'pambudisidiq@gmail.com', '2020-02-14 10:29:30', NULL, NULL),
	(1504, '0011/LP Balittanah/02/2020', '20.02.11, F.Th.33', 385, NULL, NULL, 'Menunggu', '0', NULL, NULL, NULL, NULL, NULL, 'pambudisidiq@gmail.com', '2020-02-14 10:29:30', NULL, NULL),
	(1505, '0011/LP Balittanah/02/2020', '20.02.11, F.Th.34', 383, NULL, NULL, 'Menunggu', '0', NULL, NULL, NULL, NULL, NULL, 'pambudisidiq@gmail.com', '2020-02-14 10:29:30', NULL, NULL),
	(1506, '0011/LP Balittanah/02/2020', '20.02.11, F.Th.34', 384, NULL, NULL, 'Menunggu', '0', NULL, NULL, NULL, NULL, NULL, 'pambudisidiq@gmail.com', '2020-02-14 10:29:30', NULL, NULL),
	(1507, '0011/LP Balittanah/02/2020', '20.02.11, F.Th.34', 385, NULL, NULL, 'Menunggu', '0', NULL, NULL, NULL, NULL, NULL, 'pambudisidiq@gmail.com', '2020-02-14 10:29:30', NULL, NULL),
	(1508, '0011/LP Balittanah/02/2020', '20.02.11, F.Th.35', 383, NULL, NULL, 'Menunggu', '0', NULL, NULL, NULL, NULL, NULL, 'pambudisidiq@gmail.com', '2020-02-14 10:29:30', NULL, NULL),
	(1509, '0011/LP Balittanah/02/2020', '20.02.11, F.Th.35', 384, NULL, NULL, 'Menunggu', '0', NULL, NULL, NULL, NULL, NULL, 'pambudisidiq@gmail.com', '2020-02-14 10:29:30', NULL, NULL),
	(1510, '0011/LP Balittanah/02/2020', '20.02.11, F.Th.35', 385, NULL, NULL, 'Menunggu', '0', NULL, NULL, NULL, NULL, NULL, 'pambudisidiq@gmail.com', '2020-02-14 10:29:30', NULL, NULL),
	(1511, '0011/LP Balittanah/02/2020', '20.02.11, F.Th.36', 383, NULL, NULL, 'Menunggu', '0', NULL, NULL, NULL, NULL, NULL, 'pambudisidiq@gmail.com', '2020-02-14 10:29:30', NULL, NULL),
	(1512, '0011/LP Balittanah/02/2020', '20.02.11, F.Th.36', 384, NULL, NULL, 'Menunggu', '0', NULL, NULL, NULL, NULL, NULL, 'pambudisidiq@gmail.com', '2020-02-14 10:29:30', NULL, NULL),
	(1513, '0011/LP Balittanah/02/2020', '20.02.11, F.Th.36', 385, NULL, NULL, 'Menunggu', '0', NULL, NULL, NULL, NULL, NULL, 'pambudisidiq@gmail.com', '2020-02-14 10:29:30', NULL, NULL),
	(1514, '0011/LP Balittanah/02/2020', '20.02.11, F.Th.37', 383, NULL, NULL, 'Menunggu', '0', NULL, NULL, NULL, NULL, NULL, 'pambudisidiq@gmail.com', '2020-02-14 10:29:30', NULL, NULL),
	(1515, '0011/LP Balittanah/02/2020', '20.02.11, F.Th.37', 384, NULL, NULL, 'Menunggu', '0', NULL, NULL, NULL, NULL, NULL, 'pambudisidiq@gmail.com', '2020-02-14 10:29:30', NULL, NULL),
	(1516, '0011/LP Balittanah/02/2020', '20.02.11, F.Th.37', 385, NULL, NULL, 'Menunggu', '0', NULL, NULL, NULL, NULL, NULL, 'pambudisidiq@gmail.com', '2020-02-14 10:29:30', NULL, NULL),
	(1517, '0011/LP Balittanah/02/2020', '20.02.11, F.Th.38', 383, NULL, NULL, 'Menunggu', '0', NULL, NULL, NULL, NULL, NULL, 'pambudisidiq@gmail.com', '2020-02-14 10:29:30', NULL, NULL),
	(1518, '0011/LP Balittanah/02/2020', '20.02.11, F.Th.38', 384, NULL, NULL, 'Menunggu', '0', NULL, NULL, NULL, NULL, NULL, 'pambudisidiq@gmail.com', '2020-02-14 10:29:30', NULL, NULL),
	(1519, '0011/LP Balittanah/02/2020', '20.02.11, F.Th.38', 385, NULL, NULL, 'Menunggu', '0', NULL, NULL, NULL, NULL, NULL, 'pambudisidiq@gmail.com', '2020-02-14 10:29:30', NULL, NULL),
	(1520, '0011/LP Balittanah/02/2020', '20.02.11, F.Th.39', 383, NULL, NULL, 'Menunggu', '0', NULL, NULL, NULL, NULL, NULL, 'pambudisidiq@gmail.com', '2020-02-14 10:29:30', NULL, NULL),
	(1521, '0011/LP Balittanah/02/2020', '20.02.11, F.Th.39', 384, NULL, NULL, 'Menunggu', '0', NULL, NULL, NULL, NULL, NULL, 'pambudisidiq@gmail.com', '2020-02-14 10:29:30', NULL, NULL),
	(1522, '0011/LP Balittanah/02/2020', '20.02.11, F.Th.39', 385, NULL, NULL, 'Menunggu', '0', NULL, NULL, NULL, NULL, NULL, 'pambudisidiq@gmail.com', '2020-02-14 10:29:30', NULL, NULL),
	(1523, '0011/LP Balittanah/02/2020', '20.02.11, F.Th.40', 383, NULL, NULL, 'Menunggu', '0', NULL, NULL, NULL, NULL, NULL, 'pambudisidiq@gmail.com', '2020-02-14 10:29:30', NULL, NULL),
	(1524, '0011/LP Balittanah/02/2020', '20.02.11, F.Th.40', 384, NULL, NULL, 'Menunggu', '0', NULL, NULL, NULL, NULL, NULL, 'pambudisidiq@gmail.com', '2020-02-14 10:29:30', NULL, NULL),
	(1525, '0011/LP Balittanah/02/2020', '20.02.11, F.Th.40', 385, NULL, NULL, 'Menunggu', '0', NULL, NULL, NULL, NULL, NULL, 'pambudisidiq@gmail.com', '2020-02-14 10:29:30', NULL, NULL),
	(1526, '0011/LP Balittanah/02/2020', '20.02.11, F.Th.41', 383, NULL, NULL, 'Menunggu', '0', NULL, NULL, NULL, NULL, NULL, 'pambudisidiq@gmail.com', '2020-02-14 10:29:30', NULL, NULL),
	(1527, '0011/LP Balittanah/02/2020', '20.02.11, F.Th.41', 384, NULL, NULL, 'Menunggu', '0', NULL, NULL, NULL, NULL, NULL, 'pambudisidiq@gmail.com', '2020-02-14 10:29:30', NULL, NULL),
	(1528, '0011/LP Balittanah/02/2020', '20.02.11, F.Th.41', 385, NULL, NULL, 'Menunggu', '0', NULL, NULL, NULL, NULL, NULL, 'pambudisidiq@gmail.com', '2020-02-14 10:29:30', NULL, NULL),
	(1529, '0011/LP Balittanah/02/2020', '20.02.11, F.Th.42', 383, NULL, NULL, 'Menunggu', '0', NULL, NULL, NULL, NULL, NULL, 'pambudisidiq@gmail.com', '2020-02-14 10:29:30', NULL, NULL),
	(1530, '0011/LP Balittanah/02/2020', '20.02.11, F.Th.42', 384, NULL, NULL, 'Menunggu', '0', NULL, NULL, NULL, NULL, NULL, 'pambudisidiq@gmail.com', '2020-02-14 10:29:30', NULL, NULL),
	(1531, '0011/LP Balittanah/02/2020', '20.02.11, F.Th.42', 385, NULL, NULL, 'Menunggu', '0', NULL, NULL, NULL, NULL, NULL, 'pambudisidiq@gmail.com', '2020-02-14 10:29:30', NULL, NULL),
	(1532, '0011/LP Balittanah/02/2020', '20.02.11, F.Th.43', 383, NULL, NULL, 'Menunggu', '0', NULL, NULL, NULL, NULL, NULL, 'pambudisidiq@gmail.com', '2020-02-14 10:29:30', NULL, NULL),
	(1533, '0011/LP Balittanah/02/2020', '20.02.11, F.Th.43', 384, NULL, NULL, 'Menunggu', '0', NULL, NULL, NULL, NULL, NULL, 'pambudisidiq@gmail.com', '2020-02-14 10:29:30', NULL, NULL),
	(1534, '0011/LP Balittanah/02/2020', '20.02.11, F.Th.43', 385, NULL, NULL, 'Menunggu', '0', NULL, NULL, NULL, NULL, NULL, 'pambudisidiq@gmail.com', '2020-02-14 10:29:30', NULL, NULL),
	(1535, '0011/LP Balittanah/02/2020', '20.02.11, F.Th.44', 383, NULL, NULL, 'Menunggu', '0', NULL, NULL, NULL, NULL, NULL, 'pambudisidiq@gmail.com', '2020-02-14 10:29:30', NULL, NULL),
	(1536, '0011/LP Balittanah/02/2020', '20.02.11, F.Th.44', 384, NULL, NULL, 'Menunggu', '0', NULL, NULL, NULL, NULL, NULL, 'pambudisidiq@gmail.com', '2020-02-14 10:29:30', NULL, NULL),
	(1537, '0011/LP Balittanah/02/2020', '20.02.11, F.Th.44', 385, NULL, NULL, 'Menunggu', '0', NULL, NULL, NULL, NULL, NULL, 'pambudisidiq@gmail.com', '2020-02-14 10:29:30', NULL, NULL),
	(1538, '0011/LP Balittanah/02/2020', '20.02.11, F.Th.45', 383, NULL, NULL, 'Menunggu', '0', NULL, NULL, NULL, NULL, NULL, 'pambudisidiq@gmail.com', '2020-02-14 10:29:30', NULL, NULL),
	(1539, '0011/LP Balittanah/02/2020', '20.02.11, F.Th.45', 384, NULL, NULL, 'Menunggu', '0', NULL, NULL, NULL, NULL, NULL, 'pambudisidiq@gmail.com', '2020-02-14 10:29:30', NULL, NULL),
	(1540, '0011/LP Balittanah/02/2020', '20.02.11, F.Th.45', 385, NULL, NULL, 'Menunggu', '0', NULL, NULL, NULL, NULL, NULL, 'pambudisidiq@gmail.com', '2020-02-14 10:29:30', NULL, NULL),
	(1541, '0011/LP Balittanah/02/2020', '20.02.11, F.Th.46', 383, NULL, NULL, 'Menunggu', '0', NULL, NULL, NULL, NULL, NULL, 'pambudisidiq@gmail.com', '2020-02-14 10:29:30', NULL, NULL),
	(1542, '0011/LP Balittanah/02/2020', '20.02.11, F.Th.46', 384, NULL, NULL, 'Menunggu', '0', NULL, NULL, NULL, NULL, NULL, 'pambudisidiq@gmail.com', '2020-02-14 10:29:30', NULL, NULL),
	(1543, '0011/LP Balittanah/02/2020', '20.02.11, F.Th.46', 385, NULL, NULL, 'Menunggu', '0', NULL, NULL, NULL, NULL, NULL, 'pambudisidiq@gmail.com', '2020-02-14 10:29:30', NULL, NULL),
	(1544, '0011/LP Balittanah/02/2020', '20.02.11, F.Th.47', 383, NULL, NULL, 'Menunggu', '0', NULL, NULL, NULL, NULL, NULL, 'pambudisidiq@gmail.com', '2020-02-14 10:29:30', NULL, NULL),
	(1545, '0011/LP Balittanah/02/2020', '20.02.11, F.Th.47', 384, NULL, NULL, 'Menunggu', '0', NULL, NULL, NULL, NULL, NULL, 'pambudisidiq@gmail.com', '2020-02-14 10:29:30', NULL, NULL),
	(1546, '0011/LP Balittanah/02/2020', '20.02.11, F.Th.47', 385, NULL, NULL, 'Menunggu', '0', NULL, NULL, NULL, NULL, NULL, 'pambudisidiq@gmail.com', '2020-02-14 10:29:30', NULL, NULL),
	(1547, '0011/LP Balittanah/02/2020', '20.02.11, F.Th.48', 383, NULL, NULL, 'Menunggu', '0', NULL, NULL, NULL, NULL, NULL, 'pambudisidiq@gmail.com', '2020-02-14 10:29:30', NULL, NULL),
	(1548, '0011/LP Balittanah/02/2020', '20.02.11, F.Th.48', 384, NULL, NULL, 'Menunggu', '0', NULL, NULL, NULL, NULL, NULL, 'pambudisidiq@gmail.com', '2020-02-14 10:29:30', NULL, NULL),
	(1549, '0011/LP Balittanah/02/2020', '20.02.11, F.Th.48', 385, NULL, NULL, 'Menunggu', '0', NULL, NULL, NULL, NULL, NULL, 'pambudisidiq@gmail.com', '2020-02-14 10:29:30', NULL, NULL),
	(1550, '0011/LP Balittanah/02/2020', '20.02.11, F.Th.49', 383, NULL, NULL, 'Menunggu', '0', NULL, NULL, NULL, NULL, NULL, 'pambudisidiq@gmail.com', '2020-02-14 10:29:30', NULL, NULL),
	(1551, '0011/LP Balittanah/02/2020', '20.02.11, F.Th.49', 384, NULL, NULL, 'Menunggu', '0', NULL, NULL, NULL, NULL, NULL, 'pambudisidiq@gmail.com', '2020-02-14 10:29:30', NULL, NULL),
	(1552, '0011/LP Balittanah/02/2020', '20.02.11, F.Th.49', 385, NULL, NULL, 'Menunggu', '0', NULL, NULL, NULL, NULL, NULL, 'pambudisidiq@gmail.com', '2020-02-14 10:29:30', NULL, NULL),
	(1553, '0011/LP Balittanah/02/2020', '20.02.11, F.Th.50', 383, NULL, NULL, 'Menunggu', '0', NULL, NULL, NULL, NULL, NULL, 'pambudisidiq@gmail.com', '2020-02-14 10:29:30', NULL, NULL),
	(1554, '0011/LP Balittanah/02/2020', '20.02.11, F.Th.50', 384, NULL, NULL, 'Menunggu', '0', NULL, NULL, NULL, NULL, NULL, 'pambudisidiq@gmail.com', '2020-02-14 10:29:30', NULL, NULL),
	(1555, '0011/LP Balittanah/02/2020', '20.02.11, F.Th.50', 385, NULL, NULL, 'Menunggu', '0', NULL, NULL, NULL, NULL, NULL, 'pambudisidiq@gmail.com', '2020-02-14 10:29:30', NULL, NULL),
	(1556, '0011/LP Balittanah/02/2020', '20.02.11, F.Th.51', 383, NULL, NULL, 'Menunggu', '0', NULL, NULL, NULL, NULL, NULL, 'pambudisidiq@gmail.com', '2020-02-14 10:29:30', NULL, NULL),
	(1557, '0011/LP Balittanah/02/2020', '20.02.11, F.Th.51', 384, NULL, NULL, 'Menunggu', '0', NULL, NULL, NULL, NULL, NULL, 'pambudisidiq@gmail.com', '2020-02-14 10:29:30', NULL, NULL),
	(1558, '0011/LP Balittanah/02/2020', '20.02.11, F.Th.51', 385, NULL, NULL, 'Menunggu', '0', NULL, NULL, NULL, NULL, NULL, 'pambudisidiq@gmail.com', '2020-02-14 10:29:30', NULL, NULL),
	(1559, '0011/LP Balittanah/02/2020', '20.02.11, F.Th.52', 383, NULL, NULL, 'Menunggu', '0', NULL, NULL, NULL, NULL, NULL, 'pambudisidiq@gmail.com', '2020-02-14 10:29:30', NULL, NULL),
	(1560, '0011/LP Balittanah/02/2020', '20.02.11, F.Th.52', 384, NULL, NULL, 'Menunggu', '0', NULL, NULL, NULL, NULL, NULL, 'pambudisidiq@gmail.com', '2020-02-14 10:29:30', NULL, NULL),
	(1561, '0011/LP Balittanah/02/2020', '20.02.11, F.Th.52', 385, NULL, NULL, 'Menunggu', '0', NULL, NULL, NULL, NULL, NULL, 'pambudisidiq@gmail.com', '2020-02-14 10:29:30', NULL, NULL),
	(1562, '0011/LP Balittanah/02/2020', '20.02.11, F.Th.53', 383, NULL, NULL, 'Menunggu', '0', NULL, NULL, NULL, NULL, NULL, 'pambudisidiq@gmail.com', '2020-02-14 10:29:30', NULL, NULL),
	(1563, '0011/LP Balittanah/02/2020', '20.02.11, F.Th.53', 384, NULL, NULL, 'Menunggu', '0', NULL, NULL, NULL, NULL, NULL, 'pambudisidiq@gmail.com', '2020-02-14 10:29:30', NULL, NULL),
	(1564, '0011/LP Balittanah/02/2020', '20.02.11, F.Th.53', 385, NULL, NULL, 'Menunggu', '0', NULL, NULL, NULL, NULL, NULL, 'pambudisidiq@gmail.com', '2020-02-14 10:29:30', NULL, NULL),
	(1565, '0011/LP Balittanah/02/2020', '20.02.11, F.Th.54', 383, NULL, NULL, 'Menunggu', '0', NULL, NULL, NULL, NULL, NULL, 'pambudisidiq@gmail.com', '2020-02-14 10:29:30', NULL, NULL),
	(1566, '0011/LP Balittanah/02/2020', '20.02.11, F.Th.54', 384, NULL, NULL, 'Menunggu', '0', NULL, NULL, NULL, NULL, NULL, 'pambudisidiq@gmail.com', '2020-02-14 10:29:30', NULL, NULL),
	(1567, '0011/LP Balittanah/02/2020', '20.02.11, F.Th.54', 385, NULL, NULL, 'Menunggu', '0', NULL, NULL, NULL, NULL, NULL, 'pambudisidiq@gmail.com', '2020-02-14 10:29:30', NULL, NULL),
	(1568, '0011/LP Balittanah/02/2020', '20.02.11, F.Th.55', 383, NULL, NULL, 'Menunggu', '0', NULL, NULL, NULL, NULL, NULL, 'pambudisidiq@gmail.com', '2020-02-14 10:29:30', NULL, NULL),
	(1569, '0011/LP Balittanah/02/2020', '20.02.11, F.Th.55', 384, NULL, NULL, 'Menunggu', '0', NULL, NULL, NULL, NULL, NULL, 'pambudisidiq@gmail.com', '2020-02-14 10:29:30', NULL, NULL),
	(1570, '0011/LP Balittanah/02/2020', '20.02.11, F.Th.55', 385, NULL, NULL, 'Menunggu', '0', NULL, NULL, NULL, NULL, NULL, 'pambudisidiq@gmail.com', '2020-02-14 10:29:30', NULL, NULL),
	(1571, '0011/LP Balittanah/02/2020', '20.02.11, F.Th.56', 383, NULL, NULL, 'Menunggu', '0', NULL, NULL, NULL, NULL, NULL, 'pambudisidiq@gmail.com', '2020-02-14 10:29:30', NULL, NULL),
	(1572, '0011/LP Balittanah/02/2020', '20.02.11, F.Th.56', 384, NULL, NULL, 'Menunggu', '0', NULL, NULL, NULL, NULL, NULL, 'pambudisidiq@gmail.com', '2020-02-14 10:29:30', NULL, NULL),
	(1573, '0011/LP Balittanah/02/2020', '20.02.11, F.Th.56', 385, NULL, NULL, 'Menunggu', '0', NULL, NULL, NULL, NULL, NULL, 'pambudisidiq@gmail.com', '2020-02-14 10:29:30', NULL, NULL),
	(1574, '0011/LP Balittanah/02/2020', '20.02.11, F.Th.57', 383, NULL, NULL, 'Menunggu', '0', NULL, NULL, NULL, NULL, NULL, 'pambudisidiq@gmail.com', '2020-02-14 10:29:30', NULL, NULL),
	(1575, '0011/LP Balittanah/02/2020', '20.02.11, F.Th.57', 384, NULL, NULL, 'Menunggu', '0', NULL, NULL, NULL, NULL, NULL, 'pambudisidiq@gmail.com', '2020-02-14 10:29:30', NULL, NULL),
	(1576, '0011/LP Balittanah/02/2020', '20.02.11, F.Th.57', 385, NULL, NULL, 'Menunggu', '0', NULL, NULL, NULL, NULL, NULL, 'pambudisidiq@gmail.com', '2020-02-14 10:29:30', NULL, NULL),
	(1577, '0011/LP Balittanah/02/2020', '20.02.11, F.Th.58', 383, NULL, NULL, 'Menunggu', '0', NULL, NULL, NULL, NULL, NULL, 'pambudisidiq@gmail.com', '2020-02-14 10:29:30', NULL, NULL),
	(1578, '0011/LP Balittanah/02/2020', '20.02.11, F.Th.58', 384, NULL, NULL, 'Menunggu', '0', NULL, NULL, NULL, NULL, NULL, 'pambudisidiq@gmail.com', '2020-02-14 10:29:30', NULL, NULL),
	(1579, '0011/LP Balittanah/02/2020', '20.02.11, F.Th.58', 385, NULL, NULL, 'Menunggu', '0', NULL, NULL, NULL, NULL, NULL, 'pambudisidiq@gmail.com', '2020-02-14 10:29:30', NULL, NULL),
	(1580, '0011/LP Balittanah/02/2020', '20.02.11, F.Th.59', 383, NULL, NULL, 'Menunggu', '0', NULL, NULL, NULL, NULL, NULL, 'pambudisidiq@gmail.com', '2020-02-14 10:29:30', NULL, NULL),
	(1581, '0011/LP Balittanah/02/2020', '20.02.11, F.Th.59', 384, NULL, NULL, 'Menunggu', '0', NULL, NULL, NULL, NULL, NULL, 'pambudisidiq@gmail.com', '2020-02-14 10:29:30', NULL, NULL),
	(1582, '0011/LP Balittanah/02/2020', '20.02.11, F.Th.59', 385, NULL, NULL, 'Menunggu', '0', NULL, NULL, NULL, NULL, NULL, 'pambudisidiq@gmail.com', '2020-02-14 10:29:30', NULL, NULL),
	(1583, '0011/LP Balittanah/02/2020', '20.02.11, F.Th.60', 383, NULL, NULL, 'Menunggu', '0', NULL, NULL, NULL, NULL, NULL, 'pambudisidiq@gmail.com', '2020-02-14 10:29:30', NULL, NULL),
	(1584, '0011/LP Balittanah/02/2020', '20.02.11, F.Th.60', 384, NULL, NULL, 'Menunggu', '0', NULL, NULL, NULL, NULL, NULL, 'pambudisidiq@gmail.com', '2020-02-14 10:29:30', NULL, NULL),
	(1585, '0011/LP Balittanah/02/2020', '20.02.11, F.Th.60', 385, NULL, NULL, 'Menunggu', '0', NULL, NULL, NULL, NULL, NULL, 'pambudisidiq@gmail.com', '2020-02-14 10:29:30', NULL, NULL),
	(1586, '0011/LP Balittanah/02/2020', '20.02.11, F.Th.61', 383, NULL, NULL, 'Menunggu', '0', NULL, NULL, NULL, NULL, NULL, 'pambudisidiq@gmail.com', '2020-02-14 10:29:30', NULL, NULL),
	(1587, '0011/LP Balittanah/02/2020', '20.02.11, F.Th.61', 384, NULL, NULL, 'Menunggu', '0', NULL, NULL, NULL, NULL, NULL, 'pambudisidiq@gmail.com', '2020-02-14 10:29:30', NULL, NULL),
	(1588, '0011/LP Balittanah/02/2020', '20.02.11, F.Th.61', 385, NULL, NULL, 'Menunggu', '0', NULL, NULL, NULL, NULL, NULL, 'pambudisidiq@gmail.com', '2020-02-14 10:29:30', NULL, NULL),
	(1589, '0011/LP Balittanah/02/2020', '20.02.11, F.Th.62', 383, NULL, NULL, 'Menunggu', '0', NULL, NULL, NULL, NULL, NULL, 'pambudisidiq@gmail.com', '2020-02-14 10:29:30', NULL, NULL),
	(1590, '0011/LP Balittanah/02/2020', '20.02.11, F.Th.62', 384, NULL, NULL, 'Menunggu', '0', NULL, NULL, NULL, NULL, NULL, 'pambudisidiq@gmail.com', '2020-02-14 10:29:30', NULL, NULL),
	(1591, '0011/LP Balittanah/02/2020', '20.02.11, F.Th.62', 385, NULL, NULL, 'Menunggu', '0', NULL, NULL, NULL, NULL, NULL, 'pambudisidiq@gmail.com', '2020-02-14 10:29:30', NULL, NULL),
	(1592, '0011/LP Balittanah/02/2020', '20.02.11, F.Th.63', 383, NULL, NULL, 'Menunggu', '0', NULL, NULL, NULL, NULL, NULL, 'pambudisidiq@gmail.com', '2020-02-14 10:29:30', NULL, NULL),
	(1593, '0011/LP Balittanah/02/2020', '20.02.11, F.Th.63', 384, NULL, NULL, 'Menunggu', '0', NULL, NULL, NULL, NULL, NULL, 'pambudisidiq@gmail.com', '2020-02-14 10:29:30', NULL, NULL),
	(1594, '0011/LP Balittanah/02/2020', '20.02.11, F.Th.63', 385, NULL, NULL, 'Menunggu', '0', NULL, NULL, NULL, NULL, NULL, 'pambudisidiq@gmail.com', '2020-02-14 10:29:30', NULL, NULL),
	(1595, '0011/LP Balittanah/02/2020', '20.02.11, F.Th.64', 383, NULL, NULL, 'Menunggu', '0', NULL, NULL, NULL, NULL, NULL, 'pambudisidiq@gmail.com', '2020-02-14 10:29:30', NULL, NULL),
	(1596, '0011/LP Balittanah/02/2020', '20.02.11, F.Th.64', 384, NULL, NULL, 'Menunggu', '0', NULL, NULL, NULL, NULL, NULL, 'pambudisidiq@gmail.com', '2020-02-14 10:29:30', NULL, NULL),
	(1597, '0011/LP Balittanah/02/2020', '20.02.11, F.Th.64', 385, NULL, NULL, 'Menunggu', '0', NULL, NULL, NULL, NULL, NULL, 'pambudisidiq@gmail.com', '2020-02-14 10:29:30', NULL, NULL),
	(1598, '0011/LP Balittanah/02/2020', '20.02.11, F.Th.65', 383, NULL, NULL, 'Menunggu', '0', NULL, NULL, NULL, NULL, NULL, 'pambudisidiq@gmail.com', '2020-02-14 10:29:30', NULL, NULL),
	(1599, '0011/LP Balittanah/02/2020', '20.02.11, F.Th.65', 384, NULL, NULL, 'Menunggu', '0', NULL, NULL, NULL, NULL, NULL, 'pambudisidiq@gmail.com', '2020-02-14 10:29:30', NULL, NULL),
	(1600, '0011/LP Balittanah/02/2020', '20.02.11, F.Th.65', 385, NULL, NULL, 'Menunggu', '0', NULL, NULL, NULL, NULL, NULL, 'pambudisidiq@gmail.com', '2020-02-14 10:29:30', NULL, NULL),
	(1601, '0011/LP Balittanah/02/2020', '20.02.11, F.Th.66', 383, NULL, NULL, 'Menunggu', '0', NULL, NULL, NULL, NULL, NULL, 'pambudisidiq@gmail.com', '2020-02-14 10:29:30', NULL, NULL),
	(1602, '0011/LP Balittanah/02/2020', '20.02.11, F.Th.66', 384, NULL, NULL, 'Menunggu', '0', NULL, NULL, NULL, NULL, NULL, 'pambudisidiq@gmail.com', '2020-02-14 10:29:30', NULL, NULL),
	(1603, '0011/LP Balittanah/02/2020', '20.02.11, F.Th.66', 385, NULL, NULL, 'Menunggu', '0', NULL, NULL, NULL, NULL, NULL, 'pambudisidiq@gmail.com', '2020-02-14 10:29:30', NULL, NULL),
	(1604, '0011/LP Balittanah/02/2020', '20.02.11, F.Th.67', 383, NULL, NULL, 'Menunggu', '0', NULL, NULL, NULL, NULL, NULL, 'pambudisidiq@gmail.com', '2020-02-14 10:29:30', NULL, NULL),
	(1605, '0011/LP Balittanah/02/2020', '20.02.11, F.Th.67', 384, NULL, NULL, 'Menunggu', '0', NULL, NULL, NULL, NULL, NULL, 'pambudisidiq@gmail.com', '2020-02-14 10:29:30', NULL, NULL),
	(1606, '0011/LP Balittanah/02/2020', '20.02.11, F.Th.67', 385, NULL, NULL, 'Menunggu', '0', NULL, NULL, NULL, NULL, NULL, 'pambudisidiq@gmail.com', '2020-02-14 10:29:30', NULL, NULL),
	(1607, '0011/LP Balittanah/02/2020', '20.02.11, F.Th.68', 383, NULL, NULL, 'Menunggu', '0', NULL, NULL, NULL, NULL, NULL, 'pambudisidiq@gmail.com', '2020-02-14 10:29:30', NULL, NULL),
	(1608, '0011/LP Balittanah/02/2020', '20.02.11, F.Th.68', 384, NULL, NULL, 'Menunggu', '0', NULL, NULL, NULL, NULL, NULL, 'pambudisidiq@gmail.com', '2020-02-14 10:29:30', NULL, NULL),
	(1609, '0011/LP Balittanah/02/2020', '20.02.11, F.Th.68', 385, NULL, NULL, 'Menunggu', '0', NULL, NULL, NULL, NULL, NULL, 'pambudisidiq@gmail.com', '2020-02-14 10:29:30', NULL, NULL),
	(1610, '0011/LP Balittanah/02/2020', '20.02.11, F.Th.69', 383, NULL, NULL, 'Menunggu', '0', NULL, NULL, NULL, NULL, NULL, 'pambudisidiq@gmail.com', '2020-02-14 10:29:30', NULL, NULL),
	(1611, '0011/LP Balittanah/02/2020', '20.02.11, F.Th.69', 384, NULL, NULL, 'Menunggu', '0', NULL, NULL, NULL, NULL, NULL, 'pambudisidiq@gmail.com', '2020-02-14 10:29:30', NULL, NULL),
	(1612, '0011/LP Balittanah/02/2020', '20.02.11, F.Th.69', 385, NULL, NULL, 'Menunggu', '0', NULL, NULL, NULL, NULL, NULL, 'pambudisidiq@gmail.com', '2020-02-14 10:29:30', NULL, NULL),
	(1613, '0011/LP Balittanah/02/2020', '20.02.11, F.Th.70', 383, NULL, NULL, 'Menunggu', '0', NULL, NULL, NULL, NULL, NULL, 'pambudisidiq@gmail.com', '2020-02-14 10:29:30', NULL, NULL),
	(1614, '0011/LP Balittanah/02/2020', '20.02.11, F.Th.70', 384, NULL, NULL, 'Menunggu', '0', NULL, NULL, NULL, NULL, NULL, 'pambudisidiq@gmail.com', '2020-02-14 10:29:30', NULL, NULL),
	(1615, '0011/LP Balittanah/02/2020', '20.02.11, F.Th.70', 385, NULL, NULL, 'Menunggu', '0', NULL, NULL, NULL, NULL, NULL, 'pambudisidiq@gmail.com', '2020-02-14 10:29:30', NULL, NULL),
	(1616, '0011/LP Balittanah/02/2020', '20.02.11, F.Th.71', 383, NULL, NULL, 'Menunggu', '0', NULL, NULL, NULL, NULL, NULL, 'pambudisidiq@gmail.com', '2020-02-14 10:29:30', NULL, NULL),
	(1617, '0011/LP Balittanah/02/2020', '20.02.11, F.Th.71', 384, NULL, NULL, 'Menunggu', '0', NULL, NULL, NULL, NULL, NULL, 'pambudisidiq@gmail.com', '2020-02-14 10:29:30', NULL, NULL),
	(1618, '0011/LP Balittanah/02/2020', '20.02.11, F.Th.71', 385, NULL, NULL, 'Menunggu', '0', NULL, NULL, NULL, NULL, NULL, 'pambudisidiq@gmail.com', '2020-02-14 10:29:30', NULL, NULL),
	(1619, '0011/LP Balittanah/02/2020', '20.02.11, F.Th.72', 383, NULL, NULL, 'Menunggu', '0', NULL, NULL, NULL, NULL, NULL, 'pambudisidiq@gmail.com', '2020-02-14 10:29:30', NULL, NULL),
	(1620, '0011/LP Balittanah/02/2020', '20.02.11, F.Th.72', 384, NULL, NULL, 'Menunggu', '0', NULL, NULL, NULL, NULL, NULL, 'pambudisidiq@gmail.com', '2020-02-14 10:29:30', NULL, NULL),
	(1621, '0011/LP Balittanah/02/2020', '20.02.11, F.Th.72', 385, NULL, NULL, 'Menunggu', '0', NULL, NULL, NULL, NULL, NULL, 'pambudisidiq@gmail.com', '2020-02-14 10:29:30', NULL, NULL),
	(1622, '0011/LP Balittanah/02/2020', '20.02.11, F.Th.73', 383, NULL, NULL, 'Menunggu', '0', NULL, NULL, NULL, NULL, NULL, 'pambudisidiq@gmail.com', '2020-02-14 10:29:30', NULL, NULL),
	(1623, '0011/LP Balittanah/02/2020', '20.02.11, F.Th.73', 384, NULL, NULL, 'Menunggu', '0', NULL, NULL, NULL, NULL, NULL, 'pambudisidiq@gmail.com', '2020-02-14 10:29:30', NULL, NULL),
	(1624, '0011/LP Balittanah/02/2020', '20.02.11, F.Th.73', 385, NULL, NULL, 'Menunggu', '0', NULL, NULL, NULL, NULL, NULL, 'pambudisidiq@gmail.com', '2020-02-14 10:29:30', NULL, NULL),
	(1625, '0011/LP Balittanah/02/2020', '20.02.11, F.Th.74', 383, NULL, NULL, 'Menunggu', '0', NULL, NULL, NULL, NULL, NULL, 'pambudisidiq@gmail.com', '2020-02-14 10:29:30', NULL, NULL),
	(1626, '0011/LP Balittanah/02/2020', '20.02.11, F.Th.74', 384, NULL, NULL, 'Menunggu', '0', NULL, NULL, NULL, NULL, NULL, 'pambudisidiq@gmail.com', '2020-02-14 10:29:30', NULL, NULL),
	(1627, '0011/LP Balittanah/02/2020', '20.02.11, F.Th.74', 385, NULL, NULL, 'Menunggu', '0', NULL, NULL, NULL, NULL, NULL, 'pambudisidiq@gmail.com', '2020-02-14 10:29:30', NULL, NULL),
	(1628, '0011/LP Balittanah/02/2020', '20.02.11, F.Th.75', 383, NULL, NULL, 'Menunggu', '0', NULL, NULL, NULL, NULL, NULL, 'pambudisidiq@gmail.com', '2020-02-14 10:29:30', NULL, NULL),
	(1629, '0011/LP Balittanah/02/2020', '20.02.11, F.Th.75', 384, NULL, NULL, 'Menunggu', '0', NULL, NULL, NULL, NULL, NULL, 'pambudisidiq@gmail.com', '2020-02-14 10:29:30', NULL, NULL),
	(1630, '0011/LP Balittanah/02/2020', '20.02.11, F.Th.75', 385, NULL, NULL, 'Menunggu', '0', NULL, NULL, NULL, NULL, NULL, 'pambudisidiq@gmail.com', '2020-02-14 10:29:30', NULL, NULL),
	(1631, '0011/LP Balittanah/02/2020', '20.02.11, F.Th.76', 383, NULL, NULL, 'Menunggu', '0', NULL, NULL, NULL, NULL, NULL, 'pambudisidiq@gmail.com', '2020-02-14 10:29:30', NULL, NULL),
	(1632, '0011/LP Balittanah/02/2020', '20.02.11, F.Th.76', 384, NULL, NULL, 'Menunggu', '0', NULL, NULL, NULL, NULL, NULL, 'pambudisidiq@gmail.com', '2020-02-14 10:29:30', NULL, NULL),
	(1633, '0011/LP Balittanah/02/2020', '20.02.11, F.Th.76', 385, NULL, NULL, 'Menunggu', '0', NULL, NULL, NULL, NULL, NULL, 'pambudisidiq@gmail.com', '2020-02-14 10:29:30', NULL, NULL),
	(1634, '0011/LP Balittanah/02/2020', '20.02.11, F.Th.77', 383, NULL, NULL, 'Menunggu', '0', NULL, NULL, NULL, NULL, NULL, 'pambudisidiq@gmail.com', '2020-02-14 10:29:30', NULL, NULL),
	(1635, '0011/LP Balittanah/02/2020', '20.02.11, F.Th.77', 384, NULL, NULL, 'Menunggu', '0', NULL, NULL, NULL, NULL, NULL, 'pambudisidiq@gmail.com', '2020-02-14 10:29:30', NULL, NULL),
	(1636, '0011/LP Balittanah/02/2020', '20.02.11, F.Th.77', 385, NULL, NULL, 'Menunggu', '0', NULL, NULL, NULL, NULL, NULL, 'pambudisidiq@gmail.com', '2020-02-14 10:29:30', NULL, NULL),
	(1637, '0011/LP Balittanah/02/2020', '20.02.11, F.Th.78', 383, NULL, NULL, 'Menunggu', '0', NULL, NULL, NULL, NULL, NULL, 'pambudisidiq@gmail.com', '2020-02-14 10:29:30', NULL, NULL),
	(1638, '0011/LP Balittanah/02/2020', '20.02.11, F.Th.78', 384, NULL, NULL, 'Menunggu', '0', NULL, NULL, NULL, NULL, NULL, 'pambudisidiq@gmail.com', '2020-02-14 10:29:30', NULL, NULL),
	(1639, '0011/LP Balittanah/02/2020', '20.02.11, F.Th.78', 385, NULL, NULL, 'Menunggu', '0', NULL, NULL, NULL, NULL, NULL, 'pambudisidiq@gmail.com', '2020-02-14 10:29:30', NULL, NULL),
	(1640, '0011/LP Balittanah/02/2020', '20.02.11, F.Th.79', 383, NULL, NULL, 'Menunggu', '0', NULL, NULL, NULL, NULL, NULL, 'pambudisidiq@gmail.com', '2020-02-14 10:29:30', NULL, NULL),
	(1641, '0011/LP Balittanah/02/2020', '20.02.11, F.Th.79', 384, NULL, NULL, 'Menunggu', '0', NULL, NULL, NULL, NULL, NULL, 'pambudisidiq@gmail.com', '2020-02-14 10:29:30', NULL, NULL),
	(1642, '0011/LP Balittanah/02/2020', '20.02.11, F.Th.79', 385, NULL, NULL, 'Menunggu', '0', NULL, NULL, NULL, NULL, NULL, 'pambudisidiq@gmail.com', '2020-02-14 10:29:30', NULL, NULL),
	(1643, '0011/LP Balittanah/02/2020', '20.02.11, F.Th.80', 383, NULL, NULL, 'Menunggu', '0', NULL, NULL, NULL, NULL, NULL, 'pambudisidiq@gmail.com', '2020-02-14 10:29:30', NULL, NULL),
	(1644, '0011/LP Balittanah/02/2020', '20.02.11, F.Th.80', 384, NULL, NULL, 'Menunggu', '0', NULL, NULL, NULL, NULL, NULL, 'pambudisidiq@gmail.com', '2020-02-14 10:29:30', NULL, NULL),
	(1645, '0011/LP Balittanah/02/2020', '20.02.11, F.Th.80', 385, NULL, NULL, 'Menunggu', '0', NULL, NULL, NULL, NULL, NULL, 'pambudisidiq@gmail.com', '2020-02-14 10:29:30', NULL, NULL),
	(1646, '0011/LP Balittanah/02/2020', '20.02.11, F.Th.81', 383, NULL, NULL, 'Menunggu', '0', NULL, NULL, NULL, NULL, NULL, 'pambudisidiq@gmail.com', '2020-02-14 10:29:30', NULL, NULL),
	(1647, '0011/LP Balittanah/02/2020', '20.02.11, F.Th.81', 384, NULL, NULL, 'Menunggu', '0', NULL, NULL, NULL, NULL, NULL, 'pambudisidiq@gmail.com', '2020-02-14 10:29:30', NULL, NULL),
	(1648, '0011/LP Balittanah/02/2020', '20.02.11, F.Th.81', 385, NULL, NULL, 'Menunggu', '0', NULL, NULL, NULL, NULL, NULL, 'pambudisidiq@gmail.com', '2020-02-14 10:29:30', NULL, NULL),
	(1649, '0011/LP Balittanah/02/2020', '20.02.11, F.Th.82', 383, NULL, NULL, 'Menunggu', '0', NULL, NULL, NULL, NULL, NULL, 'pambudisidiq@gmail.com', '2020-02-14 10:29:30', NULL, NULL),
	(1650, '0011/LP Balittanah/02/2020', '20.02.11, F.Th.82', 384, NULL, NULL, 'Menunggu', '0', NULL, NULL, NULL, NULL, NULL, 'pambudisidiq@gmail.com', '2020-02-14 10:29:30', NULL, NULL),
	(1651, '0011/LP Balittanah/02/2020', '20.02.11, F.Th.82', 385, NULL, NULL, 'Menunggu', '0', NULL, NULL, NULL, NULL, NULL, 'pambudisidiq@gmail.com', '2020-02-14 10:29:30', NULL, NULL),
	(1652, '0011/LP Balittanah/02/2020', '20.02.11, F.Th.83', 383, NULL, NULL, 'Menunggu', '0', NULL, NULL, NULL, NULL, NULL, 'pambudisidiq@gmail.com', '2020-02-14 10:29:30', NULL, NULL),
	(1653, '0011/LP Balittanah/02/2020', '20.02.11, F.Th.83', 384, NULL, NULL, 'Menunggu', '0', NULL, NULL, NULL, NULL, NULL, 'pambudisidiq@gmail.com', '2020-02-14 10:29:30', NULL, NULL),
	(1654, '0011/LP Balittanah/02/2020', '20.02.11, F.Th.83', 385, NULL, NULL, 'Menunggu', '0', NULL, NULL, NULL, NULL, NULL, 'pambudisidiq@gmail.com', '2020-02-14 10:29:30', NULL, NULL),
	(1655, '0011/LP Balittanah/02/2020', '20.02.11, F.Th.84', 383, NULL, NULL, 'Menunggu', '0', NULL, NULL, NULL, NULL, NULL, 'pambudisidiq@gmail.com', '2020-02-14 10:29:30', NULL, NULL),
	(1656, '0011/LP Balittanah/02/2020', '20.02.11, F.Th.84', 384, NULL, NULL, 'Menunggu', '0', NULL, NULL, NULL, NULL, NULL, 'pambudisidiq@gmail.com', '2020-02-14 10:29:30', NULL, NULL),
	(1657, '0011/LP Balittanah/02/2020', '20.02.11, F.Th.84', 385, NULL, NULL, 'Menunggu', '0', NULL, NULL, NULL, NULL, NULL, 'pambudisidiq@gmail.com', '2020-02-14 10:29:30', NULL, NULL),
	(1658, '0011/LP Balittanah/02/2020', '20.02.11, F.Th.85', 383, NULL, NULL, 'Menunggu', '0', NULL, NULL, NULL, NULL, NULL, 'pambudisidiq@gmail.com', '2020-02-14 10:29:30', NULL, NULL),
	(1659, '0011/LP Balittanah/02/2020', '20.02.11, F.Th.85', 384, NULL, NULL, 'Menunggu', '0', NULL, NULL, NULL, NULL, NULL, 'pambudisidiq@gmail.com', '2020-02-14 10:29:30', NULL, NULL),
	(1660, '0011/LP Balittanah/02/2020', '20.02.11, F.Th.85', 385, NULL, NULL, 'Menunggu', '0', NULL, NULL, NULL, NULL, NULL, 'pambudisidiq@gmail.com', '2020-02-14 10:29:30', NULL, NULL),
	(1661, '0011/LP Balittanah/02/2020', '20.02.11, F.Th.86', 383, NULL, NULL, 'Menunggu', '0', NULL, NULL, NULL, NULL, NULL, 'pambudisidiq@gmail.com', '2020-02-14 10:29:30', NULL, NULL),
	(1662, '0011/LP Balittanah/02/2020', '20.02.11, F.Th.86', 384, NULL, NULL, 'Menunggu', '0', NULL, NULL, NULL, NULL, NULL, 'pambudisidiq@gmail.com', '2020-02-14 10:29:30', NULL, NULL),
	(1663, '0011/LP Balittanah/02/2020', '20.02.11, F.Th.86', 385, NULL, NULL, 'Menunggu', '0', NULL, NULL, NULL, NULL, NULL, 'pambudisidiq@gmail.com', '2020-02-14 10:29:30', NULL, NULL),
	(1664, '0011/LP Balittanah/02/2020', '20.02.11, F.Th.87', 383, NULL, NULL, 'Menunggu', '0', NULL, NULL, NULL, NULL, NULL, 'pambudisidiq@gmail.com', '2020-02-14 10:29:30', NULL, NULL),
	(1665, '0011/LP Balittanah/02/2020', '20.02.11, F.Th.87', 384, NULL, NULL, 'Menunggu', '0', NULL, NULL, NULL, NULL, NULL, 'pambudisidiq@gmail.com', '2020-02-14 10:29:30', NULL, NULL),
	(1666, '0011/LP Balittanah/02/2020', '20.02.11, F.Th.87', 385, NULL, NULL, 'Menunggu', '0', NULL, NULL, NULL, NULL, NULL, 'pambudisidiq@gmail.com', '2020-02-14 10:29:30', NULL, NULL),
	(1667, '0011/LP Balittanah/02/2020', '20.02.11, F.Th.88', 383, NULL, NULL, 'Menunggu', '0', NULL, NULL, NULL, NULL, NULL, 'pambudisidiq@gmail.com', '2020-02-14 10:29:30', NULL, NULL),
	(1668, '0011/LP Balittanah/02/2020', '20.02.11, F.Th.88', 384, NULL, NULL, 'Menunggu', '0', NULL, NULL, NULL, NULL, NULL, 'pambudisidiq@gmail.com', '2020-02-14 10:29:30', NULL, NULL),
	(1669, '0011/LP Balittanah/02/2020', '20.02.11, F.Th.88', 385, NULL, NULL, 'Menunggu', '0', NULL, NULL, NULL, NULL, NULL, 'pambudisidiq@gmail.com', '2020-02-14 10:29:30', NULL, NULL),
	(1670, '0011/LP Balittanah/02/2020', '20.02.11, F.Th.89', 383, NULL, NULL, 'Menunggu', '0', NULL, NULL, NULL, NULL, NULL, 'pambudisidiq@gmail.com', '2020-02-14 10:29:30', NULL, NULL),
	(1671, '0011/LP Balittanah/02/2020', '20.02.11, F.Th.89', 384, NULL, NULL, 'Menunggu', '0', NULL, NULL, NULL, NULL, NULL, 'pambudisidiq@gmail.com', '2020-02-14 10:29:30', NULL, NULL),
	(1672, '0011/LP Balittanah/02/2020', '20.02.11, F.Th.89', 385, NULL, NULL, 'Menunggu', '0', NULL, NULL, NULL, NULL, NULL, 'pambudisidiq@gmail.com', '2020-02-14 10:29:30', NULL, NULL),
	(1673, '0011/LP Balittanah/02/2020', '20.02.11, F.Th.90', 383, NULL, NULL, 'Menunggu', '0', NULL, NULL, NULL, NULL, NULL, 'pambudisidiq@gmail.com', '2020-02-14 10:29:30', NULL, NULL),
	(1674, '0011/LP Balittanah/02/2020', '20.02.11, F.Th.90', 384, NULL, NULL, 'Menunggu', '0', NULL, NULL, NULL, NULL, NULL, 'pambudisidiq@gmail.com', '2020-02-14 10:29:30', NULL, NULL),
	(1675, '0011/LP Balittanah/02/2020', '20.02.11, F.Th.90', 385, NULL, NULL, 'Menunggu', '0', NULL, NULL, NULL, NULL, NULL, 'pambudisidiq@gmail.com', '2020-02-14 10:29:30', NULL, NULL),
	(1676, '0011/LP Balittanah/02/2020', '20.02.11, F.Th.91', 383, NULL, NULL, 'Menunggu', '0', NULL, NULL, NULL, NULL, NULL, 'pambudisidiq@gmail.com', '2020-02-14 10:29:30', NULL, NULL),
	(1677, '0011/LP Balittanah/02/2020', '20.02.11, F.Th.91', 384, NULL, NULL, 'Menunggu', '0', NULL, NULL, NULL, NULL, NULL, 'pambudisidiq@gmail.com', '2020-02-14 10:29:30', NULL, NULL),
	(1678, '0011/LP Balittanah/02/2020', '20.02.11, F.Th.91', 385, NULL, NULL, 'Menunggu', '0', NULL, NULL, NULL, NULL, NULL, 'pambudisidiq@gmail.com', '2020-02-14 10:29:30', NULL, NULL),
	(1679, '0011/LP Balittanah/02/2020', '20.02.11, F.Th.92', 383, NULL, NULL, 'Menunggu', '0', NULL, NULL, NULL, NULL, NULL, 'pambudisidiq@gmail.com', '2020-02-14 10:29:30', NULL, NULL),
	(1680, '0011/LP Balittanah/02/2020', '20.02.11, F.Th.92', 384, NULL, NULL, 'Menunggu', '0', NULL, NULL, NULL, NULL, NULL, 'pambudisidiq@gmail.com', '2020-02-14 10:29:30', NULL, NULL),
	(1681, '0011/LP Balittanah/02/2020', '20.02.11, F.Th.92', 385, NULL, NULL, 'Menunggu', '0', NULL, NULL, NULL, NULL, NULL, 'pambudisidiq@gmail.com', '2020-02-14 10:29:30', NULL, NULL),
	(1682, '0011/LP Balittanah/02/2020', '20.02.11, F.Th.93', 383, NULL, NULL, 'Menunggu', '0', NULL, NULL, NULL, NULL, NULL, 'pambudisidiq@gmail.com', '2020-02-14 10:29:30', NULL, NULL),
	(1683, '0011/LP Balittanah/02/2020', '20.02.11, F.Th.93', 384, NULL, NULL, 'Menunggu', '0', NULL, NULL, NULL, NULL, NULL, 'pambudisidiq@gmail.com', '2020-02-14 10:29:30', NULL, NULL),
	(1684, '0011/LP Balittanah/02/2020', '20.02.11, F.Th.93', 385, NULL, NULL, 'Menunggu', '0', NULL, NULL, NULL, NULL, NULL, 'pambudisidiq@gmail.com', '2020-02-14 10:29:30', NULL, NULL),
	(1685, '0011/LP Balittanah/02/2020', '20.02.11, F.Th.94', 383, NULL, NULL, 'Menunggu', '0', NULL, NULL, NULL, NULL, NULL, 'pambudisidiq@gmail.com', '2020-02-14 10:29:30', NULL, NULL),
	(1686, '0011/LP Balittanah/02/2020', '20.02.11, F.Th.94', 384, NULL, NULL, 'Menunggu', '0', NULL, NULL, NULL, NULL, NULL, 'pambudisidiq@gmail.com', '2020-02-14 10:29:30', NULL, NULL),
	(1687, '0011/LP Balittanah/02/2020', '20.02.11, F.Th.94', 385, NULL, NULL, 'Menunggu', '0', NULL, NULL, NULL, NULL, NULL, 'pambudisidiq@gmail.com', '2020-02-14 10:29:30', NULL, NULL),
	(1688, '0011/LP Balittanah/02/2020', '20.02.11, F.Th.95', 383, NULL, NULL, 'Menunggu', '0', NULL, NULL, NULL, NULL, NULL, 'pambudisidiq@gmail.com', '2020-02-14 10:29:30', NULL, NULL),
	(1689, '0011/LP Balittanah/02/2020', '20.02.11, F.Th.95', 384, NULL, NULL, 'Menunggu', '0', NULL, NULL, NULL, NULL, NULL, 'pambudisidiq@gmail.com', '2020-02-14 10:29:30', NULL, NULL),
	(1690, '0011/LP Balittanah/02/2020', '20.02.11, F.Th.95', 385, NULL, NULL, 'Menunggu', '0', NULL, NULL, NULL, NULL, NULL, 'pambudisidiq@gmail.com', '2020-02-14 10:29:30', NULL, NULL),
	(1691, '0011/LP Balittanah/02/2020', '20.02.11, F.Th.96', 383, NULL, NULL, 'Menunggu', '0', NULL, NULL, NULL, NULL, NULL, 'pambudisidiq@gmail.com', '2020-02-14 10:29:30', NULL, NULL),
	(1692, '0011/LP Balittanah/02/2020', '20.02.11, F.Th.96', 384, NULL, NULL, 'Menunggu', '0', NULL, NULL, NULL, NULL, NULL, 'pambudisidiq@gmail.com', '2020-02-14 10:29:30', NULL, NULL),
	(1693, '0011/LP Balittanah/02/2020', '20.02.11, F.Th.96', 385, NULL, NULL, 'Menunggu', '0', NULL, NULL, NULL, NULL, NULL, 'pambudisidiq@gmail.com', '2020-02-14 10:29:30', NULL, NULL),
	(1694, '0011/LP Balittanah/02/2020', '20.02.11, F.Th.97', 383, NULL, NULL, 'Menunggu', '0', NULL, NULL, NULL, NULL, NULL, 'pambudisidiq@gmail.com', '2020-02-14 10:29:30', NULL, NULL),
	(1695, '0011/LP Balittanah/02/2020', '20.02.11, F.Th.97', 384, NULL, NULL, 'Menunggu', '0', NULL, NULL, NULL, NULL, NULL, 'pambudisidiq@gmail.com', '2020-02-14 10:29:30', NULL, NULL),
	(1696, '0011/LP Balittanah/02/2020', '20.02.11, F.Th.97', 385, NULL, NULL, 'Menunggu', '0', NULL, NULL, NULL, NULL, NULL, 'pambudisidiq@gmail.com', '2020-02-14 10:29:30', NULL, NULL),
	(1697, '0011/LP Balittanah/02/2020', '20.02.11, F.Th.98', 383, NULL, NULL, 'Menunggu', '0', NULL, NULL, NULL, NULL, NULL, 'pambudisidiq@gmail.com', '2020-02-14 10:29:30', NULL, NULL),
	(1698, '0011/LP Balittanah/02/2020', '20.02.11, F.Th.98', 384, NULL, NULL, 'Menunggu', '0', NULL, NULL, NULL, NULL, NULL, 'pambudisidiq@gmail.com', '2020-02-14 10:29:30', NULL, NULL),
	(1699, '0011/LP Balittanah/02/2020', '20.02.11, F.Th.98', 385, NULL, NULL, 'Menunggu', '0', NULL, NULL, NULL, NULL, NULL, 'pambudisidiq@gmail.com', '2020-02-14 10:29:30', NULL, NULL),
	(1700, '0011/LP Balittanah/02/2020', '20.02.11, F.Th.99', 383, NULL, NULL, 'Menunggu', '0', NULL, NULL, NULL, NULL, NULL, 'pambudisidiq@gmail.com', '2020-02-14 10:29:30', NULL, NULL),
	(1701, '0011/LP Balittanah/02/2020', '20.02.11, F.Th.99', 384, NULL, NULL, 'Menunggu', '0', NULL, NULL, NULL, NULL, NULL, 'pambudisidiq@gmail.com', '2020-02-14 10:29:30', NULL, NULL),
	(1702, '0011/LP Balittanah/02/2020', '20.02.11, F.Th.99', 385, NULL, NULL, 'Menunggu', '0', NULL, NULL, NULL, NULL, NULL, 'pambudisidiq@gmail.com', '2020-02-14 10:29:30', NULL, NULL),
	(1703, '0012/LP Balittanah/02/2020', '20.02.12, K.T.203', 421, NULL, NULL, 'Diproses', '0', 14, NULL, NULL, NULL, NULL, 'galihyprtm@gmail.com', '2020-02-24 10:42:17', NULL, NULL),
	(1704, '0013/LP Balittanah/02/2020', '20.02.13, K.T.204', 421, NULL, NULL, 'Diproses', '0', 14, NULL, NULL, NULL, NULL, 'galihyprtm@gmail.com', '2020-02-24 11:37:59', NULL, NULL),
	(1705, '0014/LP Balittanah/03/2020', '20.03.14, K.T.205', 389, NULL, NULL, 'Diproses', '0', 14, NULL, NULL, NULL, NULL, 'galihyprtm@gmail.com', '2020-03-16 21:57:14', NULL, NULL),
	(1706, '0014/LP Balittanah/03/2020', '20.03.14, K.T.205', 418, NULL, NULL, 'Diproses', '0', NULL, NULL, NULL, NULL, NULL, 'galihyprtm@gmail.com', '2020-03-16 21:57:14', NULL, NULL),
	(1707, '0014/LP Balittanah/03/2020', '20.03.14, K.T.205', 427, NULL, NULL, 'Diproses', '0', NULL, NULL, NULL, NULL, NULL, 'galihyprtm@gmail.com', '2020-03-16 21:57:14', NULL, NULL),
	(1708, '0014/LP Balittanah/03/2020', '20.03.14, K.T.205', 428, NULL, NULL, 'Diproses', '0', NULL, NULL, NULL, NULL, NULL, 'galihyprtm@gmail.com', '2020-03-16 21:57:14', NULL, NULL),
	(1709, '0015/LP Balittanah/03/2020', '20.03.15, K.T.206', 389, NULL, NULL, 'Diproses', '0', 14, NULL, NULL, NULL, NULL, 'galihyprtm@gmail.com', '2020-03-17 07:53:20', NULL, NULL),
	(1710, '0015/LP Balittanah/03/2020', '20.03.15, K.T.206', 417, NULL, NULL, 'Diproses', '0', NULL, NULL, NULL, NULL, NULL, 'galihyprtm@gmail.com', '2020-03-17 07:53:20', NULL, NULL),
	(1711, '0015/LP Balittanah/03/2020', '20.03.15, K.T.206', 428, NULL, NULL, 'Diproses', '0', NULL, NULL, NULL, NULL, NULL, 'galihyprtm@gmail.com', '2020-03-17 07:53:20', NULL, NULL),
	(1712, '0016/LP Balittanah/03/2020', '20.03.16, K.Th.207', 265, NULL, NULL, 'Diproses', '0', 14, NULL, NULL, NULL, NULL, 'galihyprtm@gmail.com', '2020-03-17 07:56:51', NULL, NULL),
	(1713, '0016/LP Balittanah/03/2020', '20.03.16, K.Th.207', 269, NULL, NULL, 'Diproses', '0', NULL, NULL, NULL, NULL, NULL, 'galihyprtm@gmail.com', '2020-03-17 07:56:51', NULL, NULL),
	(1714, '0016/LP Balittanah/03/2020', '20.03.16, K.Th.207', 414, NULL, NULL, 'Diproses', '0', NULL, NULL, NULL, NULL, NULL, 'galihyprtm@gmail.com', '2020-03-17 07:56:51', NULL, NULL),
	(1715, '0017/LP Balittanah/03/2020', '20.03.17, K.T.208', 389, NULL, NULL, 'Menunggu', '0', 14, NULL, NULL, NULL, NULL, 'galihyprtm@gmail.com', '2020-03-17 08:09:58', NULL, NULL),
	(1716, '0017/LP Balittanah/03/2020', '20.03.17, K.T.208', 422, NULL, NULL, 'Menunggu', '0', NULL, NULL, NULL, NULL, NULL, 'galihyprtm@gmail.com', '2020-03-17 08:09:58', NULL, NULL),
	(1717, '0017/LP Balittanah/03/2020', '20.03.17, K.T.208', 428, NULL, NULL, 'Menunggu', '0', NULL, NULL, NULL, NULL, NULL, 'galihyprtm@gmail.com', '2020-03-17 08:09:58', NULL, NULL),
	(1718, '0018/LP Balittanah/03/2020', '20.03.18, K.Th.209', 276, NULL, NULL, 'Menunggu', '0', 59, NULL, NULL, NULL, NULL, 'galihyprtm@gmail.com', '2020-03-17 08:13:26', NULL, NULL),
	(1719, '0018/LP Balittanah/03/2020', '20.03.18, K.Th.209', 639, NULL, NULL, 'Menunggu', '0', NULL, NULL, NULL, NULL, NULL, 'galihyprtm@gmail.com', '2020-03-17 08:13:26', NULL, NULL),
	(1720, '0018/LP Balittanah/03/2020', '20.03.18, K.Th.209', 641, NULL, NULL, 'Menunggu', '0', NULL, NULL, NULL, NULL, NULL, 'galihyprtm@gmail.com', '2020-03-17 08:13:26', NULL, NULL),
	(1721, '0019/LP Balittanah/03/2020', '20.03.19, K.P.O210', 560, NULL, NULL, 'Diproses', '0', 61, NULL, NULL, NULL, NULL, 'galihyprtm@gmail.com', '2020-03-17 08:30:06', NULL, NULL),
	(1722, '0019/LP Balittanah/03/2020', '20.03.19, K.P.O210', 589, NULL, NULL, 'Diproses', '0', NULL, NULL, NULL, NULL, NULL, 'galihyprtm@gmail.com', '2020-03-17 08:30:06', NULL, NULL),
	(1723, '0019/LP Balittanah/03/2020', '20.03.19, K.P.O210', 590, NULL, NULL, 'Diproses', '0', NULL, NULL, NULL, NULL, NULL, 'galihyprtm@gmail.com', '2020-03-17 08:30:06', NULL, NULL),
	(1724, '0020/LP Balittanah/03/2020', '20.03.20, K.P.A211', 483, NULL, NULL, 'Menunggu', '0', 60, NULL, NULL, NULL, NULL, 'galihyprtm@gmail.com', '2020-03-17 08:40:30', NULL, NULL),
	(1725, '0020/LP Balittanah/03/2020', '20.03.20, K.P.A211', 486, NULL, NULL, 'Menunggu', '0', NULL, NULL, NULL, NULL, NULL, 'galihyprtm@gmail.com', '2020-03-17 08:40:30', NULL, NULL),
	(1726, '0020/LP Balittanah/03/2020', '20.03.20, K.P.A211', 487, NULL, NULL, 'Menunggu', '0', NULL, NULL, NULL, NULL, NULL, 'galihyprtm@gmail.com', '2020-03-17 08:40:30', NULL, NULL),
	(1727, '0021/LP Balittanah/03/2020', '20.03.21, B.Th.212', 286, NULL, NULL, 'Menunggu', '0', 39, NULL, NULL, NULL, NULL, 'kustomer1@outlook.co.id', '2020-03-17 10:33:25', NULL, NULL),
	(1728, '0021/LP Balittanah/03/2020', '20.03.21, B.Th.212', 287, NULL, NULL, 'Menunggu', '0', NULL, NULL, NULL, NULL, NULL, 'kustomer1@outlook.co.id', '2020-03-17 10:33:25', NULL, NULL),
	(1729, '0021/LP Balittanah/03/2020', '20.03.21, B.Th.212', 288, NULL, NULL, 'Menunggu', '0', NULL, NULL, NULL, NULL, NULL, 'kustomer1@outlook.co.id', '2020-03-17 10:33:25', NULL, NULL),
	(1730, '0021/LP Balittanah/03/2020', '20.03.21, B.Th.212', 289, NULL, NULL, 'Menunggu', '0', NULL, NULL, NULL, NULL, NULL, 'kustomer1@outlook.co.id', '2020-03-17 10:33:25', NULL, NULL),
	(1731, '0021/LP Balittanah/03/2020', '20.03.21, B.Th.212', 290, NULL, NULL, 'Menunggu', '0', NULL, NULL, NULL, NULL, NULL, 'kustomer1@outlook.co.id', '2020-03-17 10:33:25', NULL, NULL),
	(1732, '0021/LP Balittanah/03/2020', '20.03.21, B.Th.213', 286, NULL, NULL, 'Menunggu', '0', NULL, NULL, NULL, NULL, NULL, 'kustomer1@outlook.co.id', '2020-03-17 10:33:25', NULL, NULL),
	(1733, '0021/LP Balittanah/03/2020', '20.03.21, B.Th.213', 287, NULL, NULL, 'Menunggu', '0', NULL, NULL, NULL, NULL, NULL, 'kustomer1@outlook.co.id', '2020-03-17 10:33:25', NULL, NULL),
	(1734, '0021/LP Balittanah/03/2020', '20.03.21, B.Th.213', 288, NULL, NULL, 'Menunggu', '0', NULL, NULL, NULL, NULL, NULL, 'kustomer1@outlook.co.id', '2020-03-17 10:33:25', NULL, NULL),
	(1735, '0021/LP Balittanah/03/2020', '20.03.21, B.Th.213', 289, NULL, NULL, 'Menunggu', '0', NULL, NULL, NULL, NULL, NULL, 'kustomer1@outlook.co.id', '2020-03-17 10:33:25', NULL, NULL),
	(1736, '0021/LP Balittanah/03/2020', '20.03.21, B.Th.213', 290, NULL, NULL, 'Menunggu', '0', NULL, NULL, NULL, NULL, NULL, 'kustomer1@outlook.co.id', '2020-03-17 10:33:25', NULL, NULL),
	(1737, '0022/LP Balittanah/03/2020', '20.03.22, F.Th.214', 365, NULL, NULL, 'Menunggu', '0', 45, NULL, NULL, NULL, NULL, 'kustomer1@outlook.co.id', '2020-03-17 10:34:43', NULL, NULL),
	(1738, '0022/LP Balittanah/03/2020', '20.03.22, F.Th.214', 366, NULL, NULL, 'Menunggu', '0', NULL, NULL, NULL, NULL, NULL, 'kustomer1@outlook.co.id', '2020-03-17 10:34:43', NULL, NULL),
	(1739, '0022/LP Balittanah/03/2020', '20.03.22, F.Th.214', 367, NULL, NULL, 'Diproses', '0', NULL, 'https://balittanahstorage.blob.core.windows.net/balittanahpelayanan/manual_leanfa.la3ll@gmail.com_17Mar2020_ERuWopk3.xlsx', 'manual_leanfa.la3ll@gmail.com_17Mar2020_ERuWopk3.xlsx', NULL, NULL, 'kustomer1@outlook.co.id', '2020-03-17 10:34:43', 'leanfa.la3ll@gmail.com', '2020-03-17 06:58:31'),
	(1740, '0022/LP Balittanah/03/2020', '20.03.22, F.Th.214', 383, NULL, NULL, 'Menunggu', '0', NULL, NULL, NULL, NULL, NULL, 'kustomer1@outlook.co.id', '2020-03-17 10:34:43', NULL, NULL),
	(1741, '0022/LP Balittanah/03/2020', '20.03.22, F.Th.215', 365, NULL, NULL, 'Menunggu', '0', NULL, NULL, NULL, NULL, NULL, 'kustomer1@outlook.co.id', '2020-03-17 10:34:43', NULL, NULL),
	(1742, '0022/LP Balittanah/03/2020', '20.03.22, F.Th.215', 366, NULL, NULL, 'Menunggu', '0', NULL, NULL, NULL, NULL, NULL, 'kustomer1@outlook.co.id', '2020-03-17 10:34:43', NULL, NULL),
	(1743, '0022/LP Balittanah/03/2020', '20.03.22, F.Th.215', 367, NULL, NULL, 'Menunggu', '0', NULL, NULL, NULL, NULL, NULL, 'kustomer1@outlook.co.id', '2020-03-17 10:34:43', NULL, NULL),
	(1744, '0022/LP Balittanah/03/2020', '20.03.22, F.Th.215', 383, NULL, NULL, 'Menunggu', '0', NULL, NULL, NULL, NULL, NULL, 'kustomer1@outlook.co.id', '2020-03-17 10:34:43', NULL, NULL),
	(1745, '0023/LP Balittanah/03/2020', '20.03.23, K.Th.216', 276, NULL, NULL, 'Menunggu', '0', 60, NULL, NULL, NULL, NULL, 'kustomer1@outlook.co.id', '2020-03-17 10:36:27', NULL, NULL),
	(1746, '0023/LP Balittanah/03/2020', '20.03.23, K.Th.216', 277, NULL, NULL, 'Menunggu', '0', NULL, NULL, NULL, NULL, NULL, 'kustomer1@outlook.co.id', '2020-03-17 10:36:27', NULL, NULL),
	(1747, '0023/LP Balittanah/03/2020', '20.03.23, K.Th.216', 278, NULL, NULL, 'Menunggu', '0', NULL, NULL, NULL, NULL, NULL, 'kustomer1@outlook.co.id', '2020-03-17 10:36:27', NULL, NULL),
	(1748, '0023/LP Balittanah/03/2020', '20.03.23, K.Th.216', 279, NULL, NULL, 'Menunggu', '0', NULL, NULL, NULL, NULL, NULL, 'kustomer1@outlook.co.id', '2020-03-17 10:36:27', NULL, NULL),
	(1749, '0023/LP Balittanah/03/2020', '20.03.23, K.Th.217', 276, NULL, NULL, 'Menunggu', '0', NULL, NULL, NULL, NULL, NULL, 'kustomer1@outlook.co.id', '2020-03-17 10:36:27', NULL, NULL),
	(1750, '0023/LP Balittanah/03/2020', '20.03.23, K.Th.217', 277, NULL, NULL, 'Menunggu', '0', NULL, NULL, NULL, NULL, NULL, 'kustomer1@outlook.co.id', '2020-03-17 10:36:27', NULL, NULL),
	(1751, '0023/LP Balittanah/03/2020', '20.03.23, K.Th.217', 278, NULL, NULL, 'Menunggu', '0', NULL, NULL, NULL, NULL, NULL, 'kustomer1@outlook.co.id', '2020-03-17 10:36:27', NULL, NULL),
	(1752, '0023/LP Balittanah/03/2020', '20.03.23, K.Th.217', 279, NULL, NULL, 'Menunggu', '0', NULL, NULL, NULL, NULL, NULL, 'kustomer1@outlook.co.id', '2020-03-17 10:36:27', NULL, NULL),
	(1753, '0024/LP Balittanah/03/2020', '20.03.24, M.Th.218', 363, NULL, NULL, 'Diproses', '0', 95, 'https://balittanahstorage.blob.core.windows.net/balittanahpelayanan/manual_antoniusfrasisco@pertanian.go.id_17Mar2020_xJuV4bH5jTYgh.doc', 'manual_antoniusfrasisco@pertanian.go.id_17Mar2020_xJuV4bH5jTYgh.doc', NULL, NULL, 'kustomer1@outlook.co.id', '2020-03-17 10:37:53', 'antoniusfrasisco@pertanian.go.id', '2020-03-17 07:28:01'),
	(1754, '0024/LP Balittanah/03/2020', '20.03.24, M.Th.218', 364, NULL, NULL, 'Menunggu', '0', NULL, NULL, NULL, NULL, NULL, 'kustomer1@outlook.co.id', '2020-03-17 10:37:53', NULL, NULL),
	(1755, '0024/LP Balittanah/03/2020', '20.03.24, M.Th.219', 363, NULL, NULL, 'Menunggu', '0', NULL, NULL, NULL, NULL, NULL, 'kustomer1@outlook.co.id', '2020-03-17 10:37:53', NULL, NULL),
	(1756, '0024/LP Balittanah/03/2020', '20.03.24, M.Th.219', 364, NULL, NULL, 'Diproses', '0', NULL, 'https://balittanahstorage.blob.core.windows.net/balittanahpelayanan/manual_antoniusfrasisco@pertanian.go.id_17Mar2020_JXkFwp3ogeTyJ.jpeg', 'manual_antoniusfrasisco@pertanian.go.id_17Mar2020_JXkFwp3ogeTyJ.jpeg', NULL, NULL, 'kustomer1@outlook.co.id', '2020-03-17 10:37:53', 'antoniusfrasisco@pertanian.go.id', '2020-03-17 07:28:50'),
	(1757, '0025/LP Balittanah/03/2020', '20.03.25, B.Th.220', 286, NULL, NULL, 'Menunggu', '0', 39, NULL, NULL, NULL, NULL, 'kustomer1@outlook.co.id', '2020-03-17 11:46:33', NULL, NULL),
	(1758, '0025/LP Balittanah/03/2020', '20.03.25, B.Th.220', 287, NULL, NULL, 'Menunggu', '0', NULL, NULL, NULL, NULL, NULL, 'kustomer1@outlook.co.id', '2020-03-17 11:46:33', NULL, NULL),
	(1759, '0025/LP Balittanah/03/2020', '20.03.25, B.Th.220', 288, NULL, NULL, 'Menunggu', '0', NULL, NULL, NULL, NULL, NULL, 'kustomer1@outlook.co.id', '2020-03-17 11:46:33', NULL, NULL),
	(1760, '0025/LP Balittanah/03/2020', '20.03.25, B.Th.221', 286, NULL, NULL, 'Diproses', '0', NULL, 'https://balittanahstorage.blob.core.windows.net/balittanahpelayanan/manual_jjumena17@gmail.com_17Mar2020_GWf5lzDDYU.xls', 'manual_jjumena17@gmail.com_17Mar2020_GWf5lzDDYU.xls', NULL, NULL, 'kustomer1@outlook.co.id', '2020-03-17 11:46:33', 'jjumena17@gmail.com', '2020-03-17 07:19:07'),
	(1761, '0025/LP Balittanah/03/2020', '20.03.25, B.Th.221', 287, NULL, NULL, 'Diproses', '0', NULL, 'https://balittanahstorage.blob.core.windows.net/balittanahpelayanan/manual_jjumena17@gmail.com_17Mar2020_vpYWRhk9.xls', 'manual_jjumena17@gmail.com_17Mar2020_vpYWRhk9.xls', NULL, NULL, 'kustomer1@outlook.co.id', '2020-03-17 11:46:33', 'jjumena17@gmail.com', '2020-03-17 07:20:13'),
	(1762, '0025/LP Balittanah/03/2020', '20.03.25, B.Th.221', 288, NULL, NULL, 'Diproses', '0', NULL, 'https://balittanahstorage.blob.core.windows.net/balittanahpelayanan/manual_jjumena17@gmail.com_17Mar2020_TQQ7BtSwjxDq.docx', 'manual_jjumena17@gmail.com_17Mar2020_TQQ7BtSwjxDq.docx', NULL, NULL, 'kustomer1@outlook.co.id', '2020-03-17 11:46:33', 'jjumena17@gmail.com', '2020-03-17 07:20:49'),
	(1763, '0026/LP Balittanah/03/2020', '20.03.26, K.T.222', 389, NULL, NULL, 'Menunggu', '0', 59, NULL, NULL, NULL, NULL, 'galihyprtm@gmail.com', '2020-03-17 12:16:29', NULL, NULL),
	(1764, '0026/LP Balittanah/03/2020', '20.03.26, K.T.222', 390, NULL, NULL, 'Menunggu', '0', NULL, NULL, NULL, NULL, NULL, 'galihyprtm@gmail.com', '2020-03-17 12:16:29', NULL, NULL),
	(1765, '0027/LP Balittanah/03/2020', '20.03.27, K.Th.223', 265, NULL, NULL, 'Menunggu', '0', 58, NULL, NULL, NULL, NULL, 'galihyprtm@gmail.com', '2020-03-17 12:23:02', NULL, NULL),
	(1766, '0027/LP Balittanah/03/2020', '20.03.27, K.Th.223', 267, NULL, NULL, 'Menunggu', '0', NULL, NULL, NULL, NULL, NULL, 'galihyprtm@gmail.com', '2020-03-17 12:23:02', NULL, NULL),
	(1767, '0028/LP Balittanah/03/2020', '20.03.28, K.P.A224', 483, NULL, NULL, 'Menunggu', '0', 60, NULL, NULL, NULL, NULL, 'galihyprtm@gmail.com', '2020-03-17 12:46:17', NULL, NULL),
	(1768, '0028/LP Balittanah/03/2020', '20.03.28, K.P.A224', 486, NULL, NULL, 'Menunggu', '0', NULL, NULL, NULL, NULL, NULL, 'galihyprtm@gmail.com', '2020-03-17 12:46:17', NULL, NULL),
	(1769, '0028/LP Balittanah/03/2020', '20.03.28, K.P.A224', 487, NULL, NULL, 'Menunggu', '0', NULL, NULL, NULL, NULL, NULL, 'galihyprtm@gmail.com', '2020-03-17 12:46:17', NULL, NULL),
	(1770, '0029/LP Balittanah/03/2020', '20.03.29, K.P.O225', 560, NULL, NULL, 'Menunggu', '0', 59, NULL, NULL, NULL, NULL, 'galihyprtm@gmail.com', '2020-03-17 12:47:39', NULL, NULL),
	(1771, '0029/LP Balittanah/03/2020', '20.03.29, K.P.O225', 567, NULL, NULL, 'Menunggu', '0', NULL, NULL, NULL, NULL, NULL, 'galihyprtm@gmail.com', '2020-03-17 12:47:39', NULL, NULL),
	(1772, '0029/LP Balittanah/03/2020', '20.03.29, K.P.O225', 590, NULL, NULL, 'Menunggu', '0', NULL, NULL, NULL, NULL, NULL, 'galihyprtm@gmail.com', '2020-03-17 12:47:39', NULL, NULL),
	(1773, '0030/LP Balittanah/03/2020', '20.03.30, K.A226', 450, NULL, NULL, 'Menunggu', '0', 61, NULL, NULL, NULL, NULL, 'galihyprtm@gmail.com', '2020-03-17 12:48:52', NULL, NULL);
/*!40000 ALTER TABLE `orderanalysisdetailtbl` ENABLE KEYS */;

-- Dumping structure for table smlpob.ordermastertbl
DROP TABLE IF EXISTS `ordermastertbl`;
CREATE TABLE IF NOT EXISTS `ordermastertbl` (
  `orderNo` varchar(30) NOT NULL,
  `batchId` varchar(15) DEFAULT NULL,
  `customerNo` int(11) NOT NULL,
  `comodityNo` int(11) NOT NULL,
  `analysisType` varchar(255) DEFAULT NULL,
  `sampleTotal` int(11) DEFAULT NULL,
  `priceTotal` decimal(12,2) DEFAULT NULL,
  `statusType` varchar(255) DEFAULT NULL,
  `status` varchar(100) DEFAULT NULL,
  `paymentStatus` varchar(255) DEFAULT NULL,
  `ppn` decimal(12,2) DEFAULT NULL,
  `receiptDate` datetime DEFAULT NULL,
  `isPaid` char(1) NOT NULL,
  `paymentDate` datetime DEFAULT NULL,
  `pic` int(11) DEFAULT NULL,
  `isOnLab` char(1) DEFAULT NULL,
  `ApprPenyelia` char(1) DEFAULT NULL,
  `ApprEvaluator` char(1) DEFAULT NULL,
  `ApprManagerTeknis` char(1) DEFAULT NULL,
  `LHPAttachmentUrl` text,
  `LHPFileName` varchar(255) DEFAULT NULL,
  `EvaluationFileUrl` text,
  `EvaluationFileName` varchar(255) DEFAULT NULL,
  `isRecalculate` char(1) DEFAULT NULL,
  `CalculationFileUrl` text,
  `CalculationFilename` varchar(255) DEFAULT NULL,
  `isReviewing` char(1) DEFAULT NULL,
  `packageName` varchar(255) DEFAULT NULL,
  `additionalPrice1` decimal(12,2) DEFAULT NULL,
  `additionalPrice2` decimal(12,2) DEFAULT NULL,
  `totalGenus` int(11) DEFAULT NULL,
  `dosePerHectare` decimal(5,0) DEFAULT NULL,
  `additionalPriceRemark` varchar(256) DEFAULT NULL,
  `creaBy` varchar(255) DEFAULT NULL,
  `creaDate` datetime DEFAULT NULL,
  `modBy` varchar(255) DEFAULT NULL,
  `modDate` datetime DEFAULT NULL,
  PRIMARY KEY (`orderNo`),
  KEY `OrderMasterTbltoCustomerTbl` (`customerNo`),
  KEY `OrderMasterTbltoComodityTbl` (`comodityNo`),
  KEY `OrderMasterTbltoEmployeeTbl` (`pic`),
  KEY `OrderMasterTbltoAnalysisTypeTbl` (`analysisType`),
  KEY `FK_ordermastertbl_batchtbl` (`batchId`),
  CONSTRAINT `FK_ordermastertbl_batchtbl` FOREIGN KEY (`batchId`) REFERENCES `batchtbl` (`batchId`),
  CONSTRAINT `OrderMasterTbltoAnalysisTypeTbl` FOREIGN KEY (`analysisType`) REFERENCES `analysistypetbl` (`analysisTypeName`),
  CONSTRAINT `OrderMasterTbltoComodityTbl` FOREIGN KEY (`comodityNo`) REFERENCES `comoditytbl` (`comodityNo`),
  CONSTRAINT `OrderMasterTbltoCustomerTbl` FOREIGN KEY (`customerNo`) REFERENCES `customertbl` (`customerNo`),
  CONSTRAINT `OrderMasterTbltoEmployeeTbl` FOREIGN KEY (`pic`) REFERENCES `employeetbl` (`employeeNo`)
) ENGINE=InnoDB DEFAULT CHARSET=latin1;

-- Dumping data for table smlpob.ordermastertbl: ~30 rows (approximately)
DELETE FROM `ordermastertbl`;
/*!40000 ALTER TABLE `ordermastertbl` DISABLE KEYS */;
INSERT INTO `ordermastertbl` (`orderNo`, `batchId`, `customerNo`, `comodityNo`, `analysisType`, `sampleTotal`, `priceTotal`, `statusType`, `status`, `paymentStatus`, `ppn`, `receiptDate`, `isPaid`, `paymentDate`, `pic`, `isOnLab`, `ApprPenyelia`, `ApprEvaluator`, `ApprManagerTeknis`, `LHPAttachmentUrl`, `LHPFileName`, `EvaluationFileUrl`, `EvaluationFileName`, `isRecalculate`, `CalculationFileUrl`, `CalculationFilename`, `isReviewing`, `packageName`, `additionalPrice1`, `additionalPrice2`, `totalGenus`, `dosePerHectare`, `additionalPriceRemark`, `creaBy`, `creaDate`, `modBy`, `modDate`) VALUES
	('0001/LP Balittanah/01/2020', 'B-00003/03/2020', 1244, 21, 'Kimia', 1, 60000.00, 'Penelitian', 'Proses Lab', 'Sudah dibayar', 6000.00, '2020-01-23 00:00:00', '1', NULL, 14, '1', NULL, NULL, NULL, NULL, NULL, NULL, NULL, NULL, NULL, NULL, NULL, NULL, NULL, NULL, NULL, NULL, '', 'galihyprtm@gmail.com', '2020-01-23 13:22:37', 'galihyprtm@gmail.com', '2020-01-23 13:22:37'),
	('0002/LP Balittanah/01/2020', NULL, 1244, 1, 'Kimia', 1, 568000.00, 'Penelitian', 'Barcode Sampel', 'Sudah dibayar', 56800.00, '2020-01-28 00:00:00', '1', NULL, NULL, NULL, NULL, NULL, NULL, NULL, NULL, NULL, NULL, NULL, NULL, NULL, NULL, 'ASAM HUMAT PADAT ', NULL, NULL, NULL, NULL, '', 'galihyprtm@gmail.com', '2020-01-28 13:31:45', 'galihyprtm@gmail.com', '2020-01-28 13:31:45'),
	('0003/LP Balittanah/01/2020', NULL, 1183, 24, 'Biologi', 4, 1600000.00, 'PNBP', 'Proses Lab', 'Sudah dibayar', 160000.00, '2020-01-30 00:00:00', '1', NULL, 39, '1', NULL, NULL, NULL, NULL, NULL, NULL, NULL, NULL, NULL, NULL, NULL, NULL, NULL, NULL, NULL, NULL, '', 'kustomer1@outlook.co.id', '2020-01-30 09:34:49', 'kustomer1@outlook.co.id', '2020-01-30 09:34:49'),
	('0004/LP Balittanah/01/2020', 'B-00008/03/2020', 1183, 21, 'Kimia', 2, 336000.00, 'PNBP', 'Evaluasi Hasil', 'Sudah dibayar', 33600.00, '2020-01-30 00:00:00', '1', NULL, 14, '1', NULL, NULL, NULL, NULL, NULL, NULL, NULL, NULL, NULL, NULL, NULL, NULL, NULL, NULL, NULL, NULL, '', 'kustomer1@outlook.co.id', '2020-01-30 15:23:37', 'kustomer1@outlook.co.id', '2020-01-30 15:23:37'),
	('0005/LP Balittanah/01/2020', NULL, 1249, 15, 'Kimia', 1, 1150000.00, 'PNBP', 'Barcode Sampel', 'Sudah dibayar', 115000.00, '2020-01-31 00:00:00', '1', NULL, NULL, NULL, NULL, NULL, NULL, NULL, NULL, NULL, NULL, NULL, NULL, NULL, NULL, 'PUPUK ORGANIK CAIR (Kepmentan 261/KPTS/SR.310/M/4/2019)', NULL, NULL, NULL, NULL, '', 'pt.inovasi.natural.bio.organik@gmail.com', '2020-01-31 10:13:42', 'pt.inovasi.natural.bio.organik@gmail.com', '2020-01-31 10:13:42'),
	('0006/LP Balittanah/02/2020', NULL, 1251, 15, 'Kimia', 1, 1150000.00, 'PNBP', 'Barcode Sampel', 'Sudah dibayar', 115000.00, '2020-02-06 00:00:00', '1', NULL, NULL, NULL, NULL, NULL, NULL, NULL, NULL, NULL, NULL, NULL, NULL, NULL, NULL, 'PUPUK ORGANIK CAIR (Kepmentan 261/KPTS/SR.310/M/4/2019)', NULL, NULL, NULL, NULL, '', 'Zuhriansyahsiregar@gmail.com', '2020-02-06 14:53:12', 'Zuhriansyahsiregar@gmail.com', '2020-02-06 14:53:12'),
	('0007/LP Balittanah/02/2020', NULL, 1183, 21, 'Kimia', 11, 990000.00, 'Penelitian', 'Barcode Sampel', 'Sudah dibayar', 99000.00, '2020-02-07 00:00:00', '1', NULL, NULL, NULL, NULL, NULL, NULL, NULL, NULL, NULL, NULL, NULL, NULL, NULL, NULL, NULL, NULL, NULL, NULL, NULL, '', 'kustomer1@outlook.co.id', '2020-02-07 15:47:49', 'kustomer1@outlook.co.id', '2020-02-07 15:47:49'),
	('0008/LP Balittanah/02/2020', NULL, 1255, 24, 'Biologi', 1, 125000.00, 'PNBP', 'Barcode Sampel', 'Sudah dibayar', 12500.00, '2020-02-10 00:00:00', '1', NULL, NULL, NULL, NULL, NULL, NULL, NULL, NULL, NULL, NULL, NULL, NULL, NULL, NULL, NULL, NULL, NULL, NULL, NULL, '', 'llaborattoriiummiikrobiollogii@gmail.com', '2020-02-10 08:55:53', 'llaborattoriiummiikrobiollogii@gmail.com', '2020-02-10 08:55:53'),
	('0009/LP Balittanah/02/2020', NULL, 1257, 21, 'Kimia', 2, 924000.00, 'PNBP', 'Barcode Sampel', 'Sudah dibayar', 92400.00, '2020-02-10 00:00:00', '1', NULL, NULL, NULL, NULL, NULL, NULL, NULL, NULL, NULL, NULL, NULL, NULL, NULL, NULL, NULL, NULL, NULL, NULL, NULL, '', 'andysaryoko@yahoo.com', '2020-02-10 13:50:19', 'andysaryoko@yahoo.com', '2020-02-10 13:50:19'),
	('0010/LP Balittanah/02/2020', NULL, 1258, 14, 'Kimia', 1, 1096000.00, 'PNBP', 'Barcode Sampel', 'Sudah dibayar', 109600.00, '2020-02-10 00:00:00', '1', NULL, NULL, NULL, NULL, NULL, NULL, NULL, NULL, NULL, NULL, NULL, NULL, NULL, NULL, 'PUPUK ORGANIK PADAT (Kepmentan 261/KPTS/SR.310/M/4/2019) (DIPERKAYA MIKROBA)', NULL, NULL, NULL, NULL, 'Tambahan Biaya (Harga Genus x Jml. Genus x Jml. Sampel) Rp.0 x 0,00 x 1,00 = Rp. 0,00', 'biotakemi.id@gmail.com', '2020-02-10 15:11:05', 'biotakemi.id@gmail.com', '2020-02-10 15:11:05'),
	('0011/LP Balittanah/02/2020', NULL, 1261, 27, 'Fisika', 177, 7965000.00, 'Komersial', 'Pesanan Baru', 'Belum dibayar', 796500.00, '2020-02-14 00:00:00', '0', NULL, NULL, NULL, NULL, NULL, NULL, NULL, NULL, NULL, NULL, NULL, NULL, NULL, NULL, NULL, NULL, NULL, NULL, NULL, '', 'pambudisidiq@gmail.com', '2020-02-14 10:29:30', 'pambudisidiq@gmail.com', '2020-02-14 10:29:30'),
	('0012/LP Balittanah/02/2020', 'B-00003/03/2020', 1244, 28, 'Kimia', 1, 42000.00, 'Penelitian', 'LHP Keluar', 'Sudah dibayar', 4200.00, '2020-02-24 00:00:00', '1', NULL, 14, '1', NULL, NULL, NULL, 'https://balittanahstorage.blob.core.windows.net/balittanahpelayanan/LHP_penyelia1@gmail.com_16Mar2020_CpPv9aBV.xlsx', 'LHP_penyelia1@gmail.com_16Mar2020_CpPv9aBV.xlsx', NULL, NULL, NULL, NULL, NULL, NULL, NULL, NULL, NULL, NULL, NULL, '', 'galihyprtm@gmail.com', '2020-02-24 10:42:17', 'galihyprtm@gmail.com', '2020-02-24 10:42:17'),
	('0013/LP Balittanah/02/2020', 'B-00004/03/2020', 1244, 28, 'Kimia', 1, 42000.00, 'Penelitian', 'Evaluasi Hasil', 'Sudah dibayar', 4200.00, '2020-02-24 00:00:00', '1', NULL, 14, '1', NULL, NULL, NULL, NULL, NULL, NULL, NULL, NULL, NULL, NULL, NULL, NULL, NULL, NULL, NULL, NULL, '', 'galihyprtm@gmail.com', '2020-02-24 11:37:59', 'galihyprtm@gmail.com', '2020-02-24 11:37:59'),
	('0014/LP Balittanah/03/2020', 'B-00004/03/2020', 1244, 28, 'Kimia', 1, 84000.00, 'Penelitian', 'Evaluasi Hasil', 'Sudah dibayar', 8400.00, '2020-03-16 00:00:00', '1', NULL, 14, '1', NULL, NULL, NULL, NULL, NULL, NULL, NULL, NULL, NULL, NULL, NULL, NULL, NULL, NULL, NULL, NULL, '', 'galihyprtm@gmail.com', '2020-03-16 21:57:14', 'galihyprtm@gmail.com', '2020-03-16 21:57:14'),
	('0015/LP Balittanah/03/2020', 'B-00008/03/2020', 1244, 28, 'Kimia', 1, 60000.00, 'Penelitian', 'Evaluasi Hasil', 'Sudah dibayar', 6000.00, '2020-03-17 00:00:00', '1', NULL, 14, '1', NULL, NULL, NULL, NULL, NULL, NULL, NULL, NULL, NULL, NULL, NULL, NULL, NULL, NULL, NULL, NULL, '', 'galihyprtm@gmail.com', '2020-03-17 07:53:20', 'galihyprtm@gmail.com', '2020-03-17 07:53:20'),
	('0016/LP Balittanah/03/2020', 'B-00007/03/2020', 1244, 21, 'Kimia', 1, 66000.00, 'Penelitian', 'Evaluasi Hasil', 'Sudah dibayar', 6600.00, '2020-03-17 00:00:00', '1', NULL, 14, '1', NULL, NULL, NULL, NULL, NULL, NULL, NULL, NULL, NULL, NULL, NULL, NULL, NULL, NULL, NULL, NULL, '', 'galihyprtm@gmail.com', '2020-03-17 07:56:51', 'galihyprtm@gmail.com', '2020-03-17 07:56:51'),
	('0017/LP Balittanah/03/2020', NULL, 1244, 28, 'Kimia', 1, 60000.00, 'Penelitian', 'Batch Management', 'Sudah dibayar', 6000.00, '2020-03-17 00:00:00', '1', NULL, 14, '1', NULL, NULL, NULL, NULL, NULL, NULL, NULL, NULL, NULL, NULL, NULL, NULL, NULL, NULL, NULL, NULL, '', 'galihyprtm@gmail.com', '2020-03-17 08:09:58', 'galihyprtm@gmail.com', '2020-03-17 08:09:58'),
	('0018/LP Balittanah/03/2020', 'B-00012/03/2020', 1244, 22, 'Kimia', 1, 48000.00, 'Penelitian', 'Proses Lab', 'Sudah dibayar', 4800.00, '2020-03-17 00:00:00', '1', NULL, 59, '1', NULL, NULL, NULL, NULL, NULL, NULL, NULL, NULL, NULL, NULL, NULL, NULL, NULL, NULL, NULL, NULL, '', 'galihyprtm@gmail.com', '2020-03-17 08:13:26', 'galihyprtm@gmail.com', '2020-03-17 08:13:26'),
	('0019/LP Balittanah/03/2020', 'B-00013/03/2020', 1244, 31, 'Kimia', 1, 172000.00, 'Penelitian', 'Evaluasi Hasil', 'Sudah dibayar', 17200.00, '2020-03-17 00:00:00', '1', NULL, 61, '1', NULL, NULL, NULL, NULL, NULL, NULL, NULL, NULL, NULL, NULL, NULL, NULL, NULL, NULL, NULL, NULL, '', 'galihyprtm@gmail.com', '2020-03-17 08:30:06', 'galihyprtm@gmail.com', '2020-03-17 08:30:06'),
	('0020/LP Balittanah/03/2020', 'B-00011/03/2020', 1244, 30, 'Kimia', 1, 78000.00, 'Penelitian', 'Proses Lab', 'Sudah dibayar', 7800.00, '2020-03-17 00:00:00', '1', NULL, 60, '1', NULL, NULL, NULL, NULL, NULL, NULL, NULL, NULL, NULL, NULL, NULL, NULL, NULL, NULL, NULL, NULL, '', 'galihyprtm@gmail.com', '2020-03-17 08:40:30', 'galihyprtm@gmail.com', '2020-03-17 08:40:30'),
	('0021/LP Balittanah/03/2020', NULL, 1183, 23, 'Biologi', 2, 1600000.00, 'Penelitian', 'Proses Lab', 'Sudah dibayar', 160000.00, '2020-03-17 00:00:00', '1', NULL, 39, '1', NULL, NULL, NULL, NULL, NULL, NULL, NULL, NULL, NULL, NULL, NULL, NULL, NULL, NULL, NULL, NULL, '', 'kustomer1@outlook.co.id', '2020-03-17 10:33:25', 'kustomer1@outlook.co.id', '2020-03-17 10:33:25'),
	('0022/LP Balittanah/03/2020', NULL, 1183, 27, 'Fisika', 2, 275000.00, 'Penelitian', 'Proses Lab', 'Sudah dibayar', 27500.00, '2020-03-17 00:00:00', '1', NULL, 45, '1', NULL, NULL, NULL, NULL, NULL, NULL, NULL, NULL, NULL, NULL, NULL, NULL, NULL, NULL, NULL, NULL, '', 'kustomer1@outlook.co.id', '2020-03-17 10:34:43', 'kustomer1@outlook.co.id', '2020-03-17 10:34:43'),
	('0023/LP Balittanah/03/2020', 'B-00011/03/2020', 1183, 22, 'Kimia', 2, 144000.00, 'Penelitian', 'Menunggu Approval', 'Sudah dibayar', 14400.00, '2020-03-17 00:00:00', '1', NULL, 60, '1', NULL, NULL, NULL, 'https://balittanahstorage.blob.core.windows.net/balittanahpelayanan/LHP_penyelia1@gmail.com_17Mar2020_R8b9azcFSerYrB.xlsx', 'LHP_penyelia1@gmail.com_17Mar2020_R8b9azcFSerYrB.xlsx', NULL, NULL, NULL, NULL, NULL, NULL, NULL, NULL, NULL, NULL, NULL, '', 'kustomer1@outlook.co.id', '2020-03-17 10:36:27', 'kustomer1@outlook.co.id', '2020-03-17 10:36:27'),
	('0024/LP Balittanah/03/2020', NULL, 1183, 26, 'Mineralogi', 2, 1000000.00, 'Penelitian', 'Proses Lab', 'Sudah dibayar', 100000.00, '2020-03-17 00:00:00', '1', NULL, 95, '1', NULL, NULL, NULL, NULL, NULL, NULL, NULL, NULL, 'https://balittanahstorage.blob.core.windows.net/balittanahpelayanan/LampiranLHP_tentremtiti42@gmail.com_17Mar2020_gfvMoHd4I9a.xlsx', 'LampiranLHP_tentremtiti42@gmail.com_17Mar2020_gfvMoHd4I9a.xlsx', NULL, NULL, NULL, NULL, NULL, NULL, '', 'kustomer1@outlook.co.id', '2020-03-17 10:37:53', 'kustomer1@outlook.co.id', '2020-03-17 10:37:53'),
	('0025/LP Balittanah/03/2020', NULL, 1183, 23, 'Biologi', 2, 1050000.00, 'Penelitian', 'Proses Lab', 'Sudah dibayar', 105000.00, '2020-03-17 00:00:00', '1', NULL, 39, '1', NULL, NULL, NULL, NULL, NULL, NULL, NULL, NULL, 'https://balittanahstorage.blob.core.windows.net/balittanahpelayanan/LampiranLHP_elsantianti21@gmail.com_17Mar2020_oW9jtaExFXC.pdf', 'LampiranLHP_elsantianti21@gmail.com_17Mar2020_oW9jtaExFXC.pdf', NULL, NULL, NULL, NULL, NULL, NULL, '', 'kustomer1@outlook.co.id', '2020-03-17 11:46:33', 'kustomer1@outlook.co.id', '2020-03-17 11:46:33'),
	('0026/LP Balittanah/03/2020', NULL, 1244, 28, 'Kimia', 1, 42000.00, 'Penelitian', 'Batch Management', 'Sudah dibayar', 4200.00, '2020-03-17 00:00:00', '1', NULL, 59, '1', NULL, NULL, NULL, NULL, NULL, NULL, NULL, NULL, NULL, NULL, NULL, NULL, NULL, NULL, NULL, NULL, '', 'galihyprtm@gmail.com', '2020-03-17 12:16:29', 'galihyprtm@gmail.com', '2020-03-17 12:16:29'),
	('0027/LP Balittanah/03/2020', 'B-00017/03/2020', 1244, 21, 'Kimia', 1, 30000.00, 'Penelitian', 'Proses Lab', 'Sudah dibayar', 3000.00, '2020-03-17 00:00:00', '1', NULL, 58, '1', NULL, NULL, NULL, NULL, NULL, NULL, NULL, NULL, NULL, NULL, NULL, NULL, NULL, NULL, NULL, NULL, '', 'galihyprtm@gmail.com', '2020-03-17 12:23:02', 'galihyprtm@gmail.com', '2020-03-17 12:23:02'),
	('0028/LP Balittanah/03/2020', 'B-00015/03/2020', 1244, 30, 'Kimia', 1, 78000.00, 'Penelitian', 'Proses Lab', 'Sudah dibayar', 7800.00, '2020-03-17 00:00:00', '1', NULL, 60, '1', NULL, NULL, NULL, NULL, NULL, NULL, NULL, NULL, NULL, NULL, NULL, NULL, NULL, NULL, NULL, NULL, '', 'galihyprtm@gmail.com', '2020-03-17 12:46:17', 'galihyprtm@gmail.com', '2020-03-17 12:46:17'),
	('0029/LP Balittanah/03/2020', NULL, 1244, 31, 'Kimia', 1, 126000.00, 'Penelitian', 'Batch Management', 'Sudah dibayar', 12600.00, '2020-03-17 00:00:00', '1', NULL, 59, '1', NULL, NULL, NULL, NULL, NULL, NULL, NULL, NULL, NULL, NULL, NULL, NULL, NULL, NULL, NULL, NULL, '', 'galihyprtm@gmail.com', '2020-03-17 12:47:39', 'galihyprtm@gmail.com', '2020-03-17 12:47:39'),
	('0030/LP Balittanah/03/2020', 'B-00016/03/2020', 1244, 29, 'Kimia', 1, 15000.00, 'Penelitian', 'Proses Lab', 'Sudah dibayar', 1500.00, '2020-03-17 00:00:00', '1', NULL, 61, '1', NULL, NULL, NULL, NULL, NULL, NULL, NULL, NULL, NULL, NULL, NULL, NULL, NULL, NULL, NULL, NULL, '', 'galihyprtm@gmail.com', '2020-03-17 12:48:52', 'galihyprtm@gmail.com', '2020-03-17 12:48:52');
/*!40000 ALTER TABLE `ordermastertbl` ENABLE KEYS */;

-- Dumping structure for table smlpob.ordernavigationtbl
DROP TABLE IF EXISTS `ordernavigationtbl`;
CREATE TABLE IF NOT EXISTS `ordernavigationtbl` (
  `id` int(11) NOT NULL AUTO_INCREMENT,
  `name` varchar(150) NOT NULL DEFAULT '0',
  `parentId` int(11) NOT NULL DEFAULT '0',
  `isLeaf` varchar(1) NOT NULL DEFAULT '0',
  `commodityNo` int(11) NOT NULL DEFAULT '0',
  `orderNo` int(11) NOT NULL DEFAULT '0',
  `isVisible` varchar(1) NOT NULL DEFAULT '1',
  PRIMARY KEY (`id`)
) ENGINE=InnoDB AUTO_INCREMENT=72 DEFAULT CHARSET=latin1;

-- Dumping data for table smlpob.ordernavigationtbl: ~69 rows (approximately)
DELETE FROM `ordernavigationtbl`;
/*!40000 ALTER TABLE `ordernavigationtbl` DISABLE KEYS */;
INSERT INTO `ordernavigationtbl` (`id`, `name`, `parentId`, `isLeaf`, `commodityNo`, `orderNo`, `isVisible`) VALUES
	(1, 'Lab Kimia', -1, '0', 0, 0, '1'),
	(2, 'Lab Fisika', -1, '0', 0, 1, '1'),
	(3, 'Lab Biologi', -1, '0', 0, 2, '1'),
	(4, 'tanah', 1, '0', 0, 0, '1'),
	(5, 'air', 1, '0', 29, 1, '1'),
	(6, 'tanaman', 1, '0', 28, 2, '1'),
	(7, 'pupuk & pembenah tanah', 1, '0', 0, 3, '1'),
	(8, 'tanah rutin', 4, '1', 21, 0, '1'),
	(9, 'tanah khusus', 4, '1', 22, 1, '1'),
	(10, 'pupuk organik', 7, '0', 0, 0, '1'),
	(11, 'pupuk hayati', 7, '0', 0, 0, '1'),
	(12, 'pupuk anorganik', 7, '0', 0, 0, '1'),
	(13, 'pembenah tanah', 7, '0', 0, 0, '1'),
	(14, 'humat', 7, '0', 0, 0, '1'),
	(15, 'PO Padat tanpa diperkaya mikroba', 10, '0', 0, 0, '1'),
	(16, 'PO Padat diperkaya mikroba', 10, '0', 0, 1, '1'),
	(17, 'PO Cair', 10, '0', 0, 2, '1'),
	(18, 'SNI 7763:2018', 15, '1', 13, 0, '1'),
	(19, 'Permentan 01/2019, Kep. Mentan 261/2019', 16, '1', 14, 0, '1'),
	(20, 'Permentan 01/2019 dan Kep. Mentan 261/2019', 17, '1', 15, 0, '1'),
	(21, 'PA Makro Tunggal', 12, '0', 0, 0, '1'),
	(22, 'PA Makro Majemuk', 12, '0', 0, 1, '1'),
	(23, 'PA Mikro Tunggal', 12, '0', 0, 2, '1'),
	(24, 'PA Mikro Majemuk', 12, '0', 0, 3, '1'),
	(25, 'PA Campuran Makro dan Mikro', 12, '0', 0, 4, '1'),
	(26, 'Padat', 21, '1', 3, 0, '1'),
	(27, 'Cair', 21, '1', 4, 1, '1'),
	(28, 'Padat', 22, '1', 5, 0, '1'),
	(29, 'Cair', 22, '1', 6, 1, '1'),
	(30, 'Padat', 23, '1', 7, 0, '1'),
	(31, 'Cair', 23, '1', 8, 1, '1'),
	(32, 'Padat', 24, '1', 9, 0, '1'),
	(33, 'Cair', 24, '1', 10, 1, '1'),
	(34, 'Padat', 25, '1', 11, 0, '1'),
	(35, 'Cair', 25, '1', 12, 1, '1'),
	(36, 'Organik', 13, '0', 0, 0, '1'),
	(37, 'Fungsi Khusus', 13, '0', 0, 1, '1'),
	(38, 'Hayati', 13, '0', 0, 2, '1'),
	(39, 'Padat', 36, '1', 13, 0, '1'),
	(40, 'Cair', 36, '1', 15, 0, '1'),
	(41, 'Peningkatan KTK', 37, '0', 0, 0, '1'),
	(42, 'Penstabil Tanah Organik', 37, '0', 0, 1, '1'),
	(43, 'Kemampuan WHC', 37, '0', 0, 2, '1'),
	(44, 'Zeolit', 41, '1', 0, 0, '1'),
	(45, 'Non Zeolit', 41, '1', 0, 1, '1'),
	(46, 'Curah/Remah', 42, '1', 0, 0, '1'),
	(47, 'Granul', 42, '1', 0, 1, '1'),
	(48, 'Peningkatan C Tanah', 43, '1', 0, 0, '1'),
	(49, 'Penetralisis Kemasaman Tanah', 43, '1', 0, 1, '1'),
	(50, 'Penetralisir Logam Berat', 38, '1', 0, 0, '1'),
	(51, 'Stabilitas Tanah / Agregasi', 38, '1', 0, 1, '1'),
	(52, 'Humat Padat', 14, '1', 1, 0, '1'),
	(53, 'Humat Cair', 14, '1', 2, 1, '1'),
	(54, 'Pupuk hayati Tunggal', 11, '0', 16, 0, '1'),
	(55, 'Pupuk hayati Majemuk', 11, '0', 19, 1, '1'),
	(56, 'Bakteri', 54, '1', 0, 0, '1'),
	(57, 'Actinomycetes', 54, '1', 0, 1, '1'),
	(58, 'Fungi', 54, '1', 0, 2, '1'),
	(59, 'Endokimoriza arbuskulars', 54, '1', 17, 3, '1'),
	(60, 'Ektomikoriza', 54, '1', 18, 4, '1'),
	(61, 'Bakteri', 55, '1', 0, 0, '1'),
	(62, 'Aktinomycetes', 55, '1', 0, 0, '1'),
	(63, 'Fungi', 55, '1', 0, 0, '1'),
	(64, 'Lab Mineral', -1, '0', 0, 3, '1'),
	(65, 'Contoh Tanah', 3, '1', 23, 0, '1'),
	(66, 'Contoh Pupuk Hayati', 3, '1', 24, 1, '1'),
	(67, 'Pembenah Tanah', 3, '1', 25, 2, '1'),
	(68, 'Mineral Tanah', 64, '1', 26, 0, '1'),
	(69, 'Fisika Tanah', 2, '1', 27, 0, '1'),
	(70, 'Pupuk Organik', 10, '0', 31, 0, '1'),
	(71, 'Pupuk Anorganik', 12, '0', 30, 0, '1');
/*!40000 ALTER TABLE `ordernavigationtbl` ENABLE KEYS */;

-- Dumping structure for table smlpob.orderpricedetailtbl
DROP TABLE IF EXISTS `orderpricedetailtbl`;
CREATE TABLE IF NOT EXISTS `orderpricedetailtbl` (
  `orderPriceDetailNo` int(11) NOT NULL AUTO_INCREMENT,
  `orderNo` varchar(30) DEFAULT NULL,
  `elementId` int(11) DEFAULT NULL,
  `price` decimal(12,2) DEFAULT NULL,
  `quantity` int(11) DEFAULT NULL,
  `TotalPrice` decimal(22,2) DEFAULT NULL,
  PRIMARY KEY (`orderPriceDetailNo`),
  KEY `OrderPriceDetailTbltoOrderMasterTbl` (`orderNo`),
  KEY `OrderPriceDetailtoElementServicesTbl` (`elementId`),
  CONSTRAINT `OrderPriceDetailTbltoOrderMasterTbl` FOREIGN KEY (`orderNo`) REFERENCES `ordermastertbl` (`orderNo`),
  CONSTRAINT `OrderPriceDetailtoElementServicesTbl` FOREIGN KEY (`elementId`) REFERENCES `elementservicestbl` (`elementid`)
) ENGINE=InnoDB AUTO_INCREMENT=1177 DEFAULT CHARSET=latin1;

-- Dumping data for table smlpob.orderpricedetailtbl: ~148 rows (approximately)
DELETE FROM `orderpricedetailtbl`;
/*!40000 ALTER TABLE `orderpricedetailtbl` DISABLE KEYS */;
INSERT INTO `orderpricedetailtbl` (`orderPriceDetailNo`, `orderNo`, `elementId`, `price`, `quantity`, `TotalPrice`) VALUES
	(1013, '0001/LP Balittanah/01/2020', 266, 30000.00, 1, 30000.00),
	(1014, '0001/LP Balittanah/01/2020', 269, 30000.00, 1, 30000.00),
	(1015, '0002/LP Balittanah/01/2020', 1, 0.00, 1, 0.00),
	(1016, '0002/LP Balittanah/01/2020', 2, 0.00, 1, 0.00),
	(1017, '0002/LP Balittanah/01/2020', 3, 0.00, 1, 0.00),
	(1018, '0002/LP Balittanah/01/2020', 4, 0.00, 1, 0.00),
	(1019, '0002/LP Balittanah/01/2020', 5, 0.00, 1, 0.00),
	(1020, '0002/LP Balittanah/01/2020', 6, 0.00, 1, 0.00),
	(1021, '0002/LP Balittanah/01/2020', 7, 0.00, 1, 0.00),
	(1022, '0002/LP Balittanah/01/2020', 8, 0.00, 1, 0.00),
	(1023, '0002/LP Balittanah/01/2020', 9, 0.00, 1, 0.00),
	(1024, '0002/LP Balittanah/01/2020', 10, 0.00, 1, 0.00),
	(1025, '0002/LP Balittanah/01/2020', 11, 0.00, 1, 0.00),
	(1026, '0003/LP Balittanah/01/2020', 324, 125000.00, 4, 500000.00),
	(1027, '0003/LP Balittanah/01/2020', 329, 150000.00, 4, 600000.00),
	(1028, '0003/LP Balittanah/01/2020', 330, 125000.00, 4, 500000.00),
	(1029, '0004/LP Balittanah/01/2020', 265, 18000.00, 2, 36000.00),
	(1030, '0004/LP Balittanah/01/2020', 266, 30000.00, 2, 60000.00),
	(1031, '0004/LP Balittanah/01/2020', 267, 24000.00, 2, 48000.00),
	(1032, '0004/LP Balittanah/01/2020', 268, 24000.00, 2, 48000.00),
	(1033, '0004/LP Balittanah/01/2020', 269, 30000.00, 2, 60000.00),
	(1034, '0004/LP Balittanah/01/2020', 273, 42000.00, 2, 84000.00),
	(1035, '0005/LP Balittanah/01/2020', 244, 0.00, 1, 0.00),
	(1036, '0005/LP Balittanah/01/2020', 245, 0.00, 1, 0.00),
	(1037, '0005/LP Balittanah/01/2020', 246, 0.00, 1, 0.00),
	(1038, '0005/LP Balittanah/01/2020', 247, 0.00, 1, 0.00),
	(1039, '0005/LP Balittanah/01/2020', 248, 0.00, 1, 0.00),
	(1040, '0005/LP Balittanah/01/2020', 249, 0.00, 1, 0.00),
	(1041, '0005/LP Balittanah/01/2020', 250, 0.00, 1, 0.00),
	(1042, '0005/LP Balittanah/01/2020', 251, 0.00, 1, 0.00),
	(1043, '0005/LP Balittanah/01/2020', 252, 0.00, 1, 0.00),
	(1044, '0005/LP Balittanah/01/2020', 254, 0.00, 1, 0.00),
	(1045, '0005/LP Balittanah/01/2020', 255, 0.00, 1, 0.00),
	(1046, '0005/LP Balittanah/01/2020', 256, 0.00, 1, 0.00),
	(1047, '0005/LP Balittanah/01/2020', 257, 0.00, 1, 0.00),
	(1048, '0005/LP Balittanah/01/2020', 258, 0.00, 1, 0.00),
	(1049, '0005/LP Balittanah/01/2020', 259, 0.00, 1, 0.00),
	(1050, '0005/LP Balittanah/01/2020', 260, 0.00, 1, 0.00),
	(1051, '0005/LP Balittanah/01/2020', 261, 0.00, 1, 0.00),
	(1052, '0005/LP Balittanah/01/2020', 262, 0.00, 1, 0.00),
	(1053, '0005/LP Balittanah/01/2020', 263, 0.00, 1, 0.00),
	(1054, '0005/LP Balittanah/01/2020', 264, 0.00, 1, 0.00),
	(1055, '0006/LP Balittanah/02/2020', 244, 0.00, 1, 0.00),
	(1056, '0006/LP Balittanah/02/2020', 245, 0.00, 1, 0.00),
	(1057, '0006/LP Balittanah/02/2020', 246, 0.00, 1, 0.00),
	(1058, '0006/LP Balittanah/02/2020', 247, 0.00, 1, 0.00),
	(1059, '0006/LP Balittanah/02/2020', 248, 0.00, 1, 0.00),
	(1060, '0006/LP Balittanah/02/2020', 249, 0.00, 1, 0.00),
	(1061, '0006/LP Balittanah/02/2020', 250, 0.00, 1, 0.00),
	(1062, '0006/LP Balittanah/02/2020', 251, 0.00, 1, 0.00),
	(1063, '0006/LP Balittanah/02/2020', 252, 0.00, 1, 0.00),
	(1064, '0006/LP Balittanah/02/2020', 254, 0.00, 1, 0.00),
	(1065, '0006/LP Balittanah/02/2020', 255, 0.00, 1, 0.00),
	(1066, '0006/LP Balittanah/02/2020', 256, 0.00, 1, 0.00),
	(1067, '0006/LP Balittanah/02/2020', 257, 0.00, 1, 0.00),
	(1068, '0006/LP Balittanah/02/2020', 258, 0.00, 1, 0.00),
	(1069, '0006/LP Balittanah/02/2020', 259, 0.00, 1, 0.00),
	(1070, '0006/LP Balittanah/02/2020', 260, 0.00, 1, 0.00),
	(1071, '0006/LP Balittanah/02/2020', 261, 0.00, 1, 0.00),
	(1072, '0006/LP Balittanah/02/2020', 262, 0.00, 1, 0.00),
	(1073, '0006/LP Balittanah/02/2020', 263, 0.00, 1, 0.00),
	(1074, '0006/LP Balittanah/02/2020', 264, 0.00, 1, 0.00),
	(1075, '0007/LP Balittanah/02/2020', 265, 18000.00, 11, 198000.00),
	(1076, '0007/LP Balittanah/02/2020', 267, 12000.00, 11, 132000.00),
	(1077, '0007/LP Balittanah/02/2020', 268, 24000.00, 11, 264000.00),
	(1078, '0007/LP Balittanah/02/2020', 414, 18000.00, 11, 198000.00),
	(1079, '0007/LP Balittanah/02/2020', 415, 18000.00, 11, 198000.00),
	(1080, '0008/LP Balittanah/02/2020', 340, 125000.00, 1, 125000.00),
	(1081, '0009/LP Balittanah/02/2020', 265, 18000.00, 2, 36000.00),
	(1082, '0009/LP Balittanah/02/2020', 266, 30000.00, 2, 60000.00),
	(1083, '0009/LP Balittanah/02/2020', 267, 12000.00, 2, 24000.00),
	(1084, '0009/LP Balittanah/02/2020', 268, 24000.00, 2, 48000.00),
	(1085, '0009/LP Balittanah/02/2020', 269, 30000.00, 2, 60000.00),
	(1086, '0009/LP Balittanah/02/2020', 273, 42000.00, 2, 84000.00),
	(1087, '0009/LP Balittanah/02/2020', 403, 12000.00, 2, 24000.00),
	(1088, '0009/LP Balittanah/02/2020', 404, 30000.00, 2, 60000.00),
	(1089, '0009/LP Balittanah/02/2020', 405, 30000.00, 2, 60000.00),
	(1090, '0009/LP Balittanah/02/2020', 406, 48000.00, 2, 96000.00),
	(1091, '0009/LP Balittanah/02/2020', 407, 42000.00, 2, 84000.00),
	(1092, '0009/LP Balittanah/02/2020', 408, 12000.00, 2, 24000.00),
	(1093, '0009/LP Balittanah/02/2020', 409, 12000.00, 2, 24000.00),
	(1094, '0009/LP Balittanah/02/2020', 410, 18000.00, 2, 36000.00),
	(1095, '0009/LP Balittanah/02/2020', 411, 18000.00, 2, 36000.00),
	(1096, '0009/LP Balittanah/02/2020', 412, 24000.00, 2, 48000.00),
	(1097, '0009/LP Balittanah/02/2020', 413, 24000.00, 2, 48000.00),
	(1098, '0009/LP Balittanah/02/2020', 414, 18000.00, 2, 36000.00),
	(1099, '0009/LP Balittanah/02/2020', 415, 18000.00, 2, 36000.00),
	(1100, '0010/LP Balittanah/02/2020', 224, 0.00, 1, 0.00),
	(1101, '0010/LP Balittanah/02/2020', 225, 0.00, 1, 0.00),
	(1102, '0010/LP Balittanah/02/2020', 226, 0.00, 1, 0.00),
	(1103, '0010/LP Balittanah/02/2020', 227, 0.00, 1, 0.00),
	(1104, '0010/LP Balittanah/02/2020', 228, 0.00, 1, 0.00),
	(1105, '0010/LP Balittanah/02/2020', 229, 0.00, 1, 0.00),
	(1106, '0010/LP Balittanah/02/2020', 230, 0.00, 1, 0.00),
	(1107, '0010/LP Balittanah/02/2020', 231, 0.00, 1, 0.00),
	(1108, '0010/LP Balittanah/02/2020', 232, 0.00, 1, 0.00),
	(1109, '0010/LP Balittanah/02/2020', 233, 0.00, 1, 0.00),
	(1110, '0010/LP Balittanah/02/2020', 234, 0.00, 1, 0.00),
	(1111, '0010/LP Balittanah/02/2020', 235, 0.00, 1, 0.00),
	(1112, '0010/LP Balittanah/02/2020', 236, 0.00, 1, 0.00),
	(1113, '0010/LP Balittanah/02/2020', 237, 0.00, 1, 0.00),
	(1114, '0010/LP Balittanah/02/2020', 238, 0.00, 1, 0.00),
	(1115, '0010/LP Balittanah/02/2020', 239, 0.00, 1, 0.00),
	(1116, '0010/LP Balittanah/02/2020', 240, 0.00, 1, 0.00),
	(1117, '0010/LP Balittanah/02/2020', 241, 0.00, 1, 0.00),
	(1118, '0010/LP Balittanah/02/2020', 242, 0.00, 1, 0.00),
	(1119, '0010/LP Balittanah/02/2020', 243, 0.00, 1, 0.00),
	(1120, '0010/LP Balittanah/02/2020', 253, 0.00, 1, 0.00),
	(1121, '0011/LP Balittanah/02/2020', 383, 15000.00, 177, 2655000.00),
	(1122, '0011/LP Balittanah/02/2020', 384, 12500.00, 177, 2212500.00),
	(1123, '0011/LP Balittanah/02/2020', 385, 17500.00, 177, 3097500.00),
	(1124, '0012/LP Balittanah/02/2020', 421, 12000.00, 1, 12000.00),
	(1125, '0013/LP Balittanah/02/2020', 421, 12000.00, 1, 12000.00),
	(1126, '0014/LP Balittanah/03/2020', 389, 18000.00, 1, 18000.00),
	(1127, '0014/LP Balittanah/03/2020', 418, 12000.00, 1, 12000.00),
	(1128, '0014/LP Balittanah/03/2020', 427, 24000.00, 1, 24000.00),
	(1129, '0014/LP Balittanah/03/2020', 428, 30000.00, 1, 30000.00),
	(1130, '0015/LP Balittanah/03/2020', 389, 18000.00, 1, 18000.00),
	(1131, '0015/LP Balittanah/03/2020', 417, 12000.00, 1, 12000.00),
	(1132, '0015/LP Balittanah/03/2020', 428, 30000.00, 1, 30000.00),
	(1133, '0016/LP Balittanah/03/2020', 265, 18000.00, 1, 18000.00),
	(1134, '0016/LP Balittanah/03/2020', 269, 30000.00, 1, 30000.00),
	(1135, '0016/LP Balittanah/03/2020', 414, 18000.00, 1, 18000.00),
	(1136, '0017/LP Balittanah/03/2020', 389, 18000.00, 1, 18000.00),
	(1137, '0017/LP Balittanah/03/2020', 422, 12000.00, 1, 12000.00),
	(1138, '0017/LP Balittanah/03/2020', 428, 30000.00, 1, 30000.00),
	(1139, '0018/LP Balittanah/03/2020', 276, 18000.00, 1, 18000.00),
	(1140, '0018/LP Balittanah/03/2020', 639, 12000.00, 1, 12000.00),
	(1141, '0018/LP Balittanah/03/2020', 641, 18000.00, 1, 18000.00),
	(1142, '0019/LP Balittanah/03/2020', 560, 30000.00, 1, 30000.00),
	(1143, '0019/LP Balittanah/03/2020', 589, 70000.00, 1, 70000.00),
	(1144, '0019/LP Balittanah/03/2020', 590, 72000.00, 1, 72000.00),
	(1145, '0020/LP Balittanah/03/2020', 483, 30000.00, 1, 30000.00),
	(1146, '0020/LP Balittanah/03/2020', 486, 24000.00, 1, 24000.00),
	(1147, '0020/LP Balittanah/03/2020', 487, 24000.00, 1, 24000.00),
	(1148, '0021/LP Balittanah/03/2020', 286, 125000.00, 2, 250000.00),
	(1149, '0021/LP Balittanah/03/2020', 287, 150000.00, 2, 300000.00),
	(1150, '0021/LP Balittanah/03/2020', 288, 250000.00, 2, 500000.00),
	(1151, '0021/LP Balittanah/03/2020', 289, 150000.00, 2, 300000.00),
	(1152, '0021/LP Balittanah/03/2020', 290, 125000.00, 2, 250000.00),
	(1153, '0022/LP Balittanah/03/2020', 365, 18000.00, 2, 36000.00),
	(1154, '0022/LP Balittanah/03/2020', 366, 52500.00, 2, 105000.00),
	(1155, '0022/LP Balittanah/03/2020', 367, 52000.00, 2, 104000.00),
	(1156, '0022/LP Balittanah/03/2020', 383, 15000.00, 2, 30000.00),
	(1157, '0023/LP Balittanah/03/2020', 276, 18000.00, 2, 36000.00),
	(1158, '0023/LP Balittanah/03/2020', 277, 18000.00, 2, 36000.00),
	(1159, '0023/LP Balittanah/03/2020', 278, 18000.00, 2, 36000.00),
	(1160, '0023/LP Balittanah/03/2020', 279, 18000.00, 2, 36000.00),
	(1161, '0024/LP Balittanah/03/2020', 363, 100000.00, 2, 200000.00),
	(1162, '0024/LP Balittanah/03/2020', 364, 400000.00, 2, 800000.00),
	(1163, '0025/LP Balittanah/03/2020', 286, 125000.00, 2, 250000.00),
	(1164, '0025/LP Balittanah/03/2020', 287, 150000.00, 2, 300000.00),
	(1165, '0025/LP Balittanah/03/2020', 288, 250000.00, 2, 500000.00),
	(1166, '0026/LP Balittanah/03/2020', 389, 18000.00, 1, 18000.00),
	(1167, '0026/LP Balittanah/03/2020', 390, 24000.00, 1, 24000.00),
	(1168, '0027/LP Balittanah/03/2020', 265, 18000.00, 1, 18000.00),
	(1169, '0027/LP Balittanah/03/2020', 267, 12000.00, 1, 12000.00),
	(1170, '0028/LP Balittanah/03/2020', 483, 30000.00, 1, 30000.00),
	(1171, '0028/LP Balittanah/03/2020', 486, 24000.00, 1, 24000.00),
	(1172, '0028/LP Balittanah/03/2020', 487, 24000.00, 1, 24000.00),
	(1173, '0029/LP Balittanah/03/2020', 560, 30000.00, 1, 30000.00),
	(1174, '0029/LP Balittanah/03/2020', 567, 24000.00, 1, 24000.00),
	(1175, '0029/LP Balittanah/03/2020', 590, 72000.00, 1, 72000.00),
	(1176, '0030/LP Balittanah/03/2020', 450, 15000.00, 1, 15000.00);
/*!40000 ALTER TABLE `orderpricedetailtbl` ENABLE KEYS */;

-- Dumping structure for table smlpob.ordersampletbl
DROP TABLE IF EXISTS `ordersampletbl`;
CREATE TABLE IF NOT EXISTS `ordersampletbl` (
  `noBalittanah` varchar(25) NOT NULL,
  `orderNo` varchar(30) NOT NULL,
  `countNumber` int(11) DEFAULT NULL,
  `sampleCode` varchar(255) NOT NULL,
  `sampleDescription` text,
  `samplingDate` datetime DEFAULT NULL,
  `village` varchar(255) DEFAULT NULL,
  `subDistrict` varchar(255) DEFAULT NULL,
  `district` varchar(255) DEFAULT NULL,
  `province` varchar(255) DEFAULT NULL,
  `longitude` varchar(255) DEFAULT NULL,
  `latitude` varchar(255) DEFAULT NULL,
  `landUse` varchar(255) DEFAULT NULL,
  `isReceived` char(1) DEFAULT NULL,
  `creaBy` varchar(255) DEFAULT NULL,
  `creaDate` datetime DEFAULT NULL,
  `modBy` varchar(255) DEFAULT NULL,
  `modDate` datetime DEFAULT NULL,
  PRIMARY KEY (`noBalittanah`),
  KEY `OrderSampleTbltoOrderMasterTbl` (`orderNo`),
  CONSTRAINT `OrderSampleTbltoOrderMasterTbl` FOREIGN KEY (`orderNo`) REFERENCES `ordermastertbl` (`orderNo`)
) ENGINE=InnoDB DEFAULT CHARSET=latin1;

-- Dumping data for table smlpob.ordersampletbl: ~202 rows (approximately)
DELETE FROM `ordersampletbl`;
/*!40000 ALTER TABLE `ordersampletbl` DISABLE KEYS */;
INSERT INTO `ordersampletbl` (`noBalittanah`, `orderNo`, `countNumber`, `sampleCode`, `sampleDescription`, `samplingDate`, `village`, `subDistrict`, `district`, `province`, `longitude`, `latitude`, `landUse`, `isReceived`, `creaBy`, `creaDate`, `modBy`, `modDate`) VALUES
	('20.01.1, K.Th.1', '0001/LP Balittanah/01/2020', 1, 'testSample01', 'untuk test barcode', '2020-01-07 00:00:00', 'ALUE BAGOK', 'KEC. ARONGAN LAMBALEK', 'KAB. ACEH BARAT', 'PROV. ACEH', '0', '0', 'Tanah', '1', 'galihyprtm@gmail.com', '2020-01-23 13:19:15', 'galihyprtm@gmail.com', '2020-01-23 13:19:15'),
	('20.01.2, K.P.2', '0002/LP Balittanah/01/2020', 1, 'test2', 'test', '2020-01-06 00:00:00', 'BANI AMAS', 'KEC. BENGKAYANG', 'KAB. BENGKAYANG', 'PROV. KALIMANTAN BARAT', '0', '0', 'Air', '0', 'galihyprtm@gmail.com', '2020-01-28 13:30:33', 'galihyprtm@gmail.com', '2020-01-28 13:30:33'),
	('20.01.3, B.P.3', '0003/LP Balittanah/01/2020', 1, 'phc', 'hayati', '2020-01-30 00:00:00', 'CIHERANG', 'KEC. DRAMAGA', 'KAB. BOGOR', 'PROV. JAWA BARAT', '0', '0', 'Pupuk Organik', '1', 'kustomer1@outlook.co.id', '2020-01-30 09:30:11', 'kustomer1@outlook.co.id', '2020-01-30 09:30:11'),
	('20.01.3, B.P.4', '0003/LP Balittanah/01/2020', 2, 'phc 1', 'hayati', '2020-01-30 00:00:00', 'CIHERANG', 'KEC. DRAMAGA', 'KAB. BOGOR', 'PROV. JAWA BARAT', '0', '0', 'Pupuk Organik', '1', 'kustomer1@outlook.co.id', '2020-01-30 09:30:45', 'kustomer1@outlook.co.id', '2020-01-30 09:30:45'),
	('20.01.3, B.P.5', '0003/LP Balittanah/01/2020', 3, 'phc 2', 'hayati', '2020-01-30 00:00:00', 'CIHERANG', 'KEC. DRAMAGA', 'KAB. BOGOR', 'PROV. JAWA BARAT', '0', '0', 'Pupuk Organik', '1', 'kustomer1@outlook.co.id', '2020-01-30 09:30:45', 'kustomer1@outlook.co.id', '2020-01-30 09:30:45'),
	('20.01.3, B.P.6', '0003/LP Balittanah/01/2020', 4, 'phc 3', 'hayati', '2020-01-30 00:00:00', 'CIHERANG', 'KEC. DRAMAGA', 'KAB. BOGOR', 'PROV. JAWA BARAT', '0', '0', 'Pupuk Organik', '1', 'kustomer1@outlook.co.id', '2020-01-30 09:30:45', 'kustomer1@outlook.co.id', '2020-01-30 09:30:45'),
	('20.01.4, K.Th.7', '0004/LP Balittanah/01/2020', 1, 'Tanah 1', 'Sawah', '2020-01-30 00:00:00', 'TAJUR HALANG', 'KEC. TAJURHALANG', 'KAB. BOGOR', 'PROV. JAWA BARAT', '0', '0', 'Tanah', '1', 'kustomer1@outlook.co.id', '2020-01-30 15:11:30', 'kustomer1@outlook.co.id', '2020-01-30 15:11:30'),
	('20.01.4, K.Th.8', '0004/LP Balittanah/01/2020', 2, 'Tanah 2', 'Sawah', '2020-01-30 00:00:00', 'TAJUR HALANG', 'KEC. TAJURHALANG', 'KAB. BOGOR', 'PROV. JAWA BARAT', '0', '0', 'Tanah', '1', 'kustomer1@outlook.co.id', '2020-01-30 15:12:42', 'kustomer1@outlook.co.id', '2020-01-30 15:12:42'),
	('20.01.5, K.P.9', '0005/LP Balittanah/01/2020', 1, 'INBO CAIR', '1 Botol', '2020-01-31 00:00:00', 'PONDOK RANJI', 'KEC. CIPUTAT TIMUR', 'KOTA TANGERANG SELATAN', 'PROV. BANTEN', '0', '0', 'Pupuk Organik', '1', 'pt.inovasi.natural.bio.organik@gmail.com', '2020-01-31 10:13:01', 'pt.inovasi.natural.bio.organik@gmail.com', '2020-01-31 10:13:01'),
	('20.02.10, K.P.25', '0010/LP Balittanah/02/2020', 1, 'Takemi Bio 100', 'granul', '2020-02-10 00:00:00', 'MENTENG', 'KEC. MENTENG', 'KOTA JAKARTA PUSAT', 'PROV. D.K.I. JAKARTA', '0', '0', 'Pupuk Organik', '0', 'biotakemi.id@gmail.com', '2020-02-10 15:10:05', 'biotakemi.id@gmail.com', '2020-02-10 15:10:05'),
	('20.02.11, F.Th.100', '0011/LP Balittanah/02/2020', 75, 'SAMPLE/zaOL0Tc9Hb', 'Total 177 sampel', '2020-01-20 00:00:00', 'SESAYAP', 'KEC. SESAYAP HILIR', 'KAB. TANA TIDUNG', 'PROV. KALIMANTAN UTARA', '0', '0', 'Lahan Gambut', '0', 'pambudisidiq@gmail.com', '2020-02-14 10:26:44', 'pambudisidiq@gmail.com', '2020-02-14 10:26:44'),
	('20.02.11, F.Th.101', '0011/LP Balittanah/02/2020', 76, 'SAMPLE/VmrzXLFO71', 'Total 177 sampel', '2020-01-20 00:00:00', 'SESAYAP', 'KEC. SESAYAP HILIR', 'KAB. TANA TIDUNG', 'PROV. KALIMANTAN UTARA', '0', '0', 'Lahan Gambut', '0', 'pambudisidiq@gmail.com', '2020-02-14 10:26:44', 'pambudisidiq@gmail.com', '2020-02-14 10:26:44'),
	('20.02.11, F.Th.102', '0011/LP Balittanah/02/2020', 77, 'SAMPLE/t7WuII9uht', 'Total 177 sampel', '2020-01-20 00:00:00', 'SESAYAP', 'KEC. SESAYAP HILIR', 'KAB. TANA TIDUNG', 'PROV. KALIMANTAN UTARA', '0', '0', 'Lahan Gambut', '0', 'pambudisidiq@gmail.com', '2020-02-14 10:26:44', 'pambudisidiq@gmail.com', '2020-02-14 10:26:44'),
	('20.02.11, F.Th.103', '0011/LP Balittanah/02/2020', 78, 'SAMPLE/2Ftms03lEq', 'Total 177 sampel', '2020-01-20 00:00:00', 'SESAYAP', 'KEC. SESAYAP HILIR', 'KAB. TANA TIDUNG', 'PROV. KALIMANTAN UTARA', '0', '0', 'Lahan Gambut', '0', 'pambudisidiq@gmail.com', '2020-02-14 10:26:44', 'pambudisidiq@gmail.com', '2020-02-14 10:26:44'),
	('20.02.11, F.Th.104', '0011/LP Balittanah/02/2020', 79, 'SAMPLE/MNBmFGKt8p', 'Total 177 sampel', '2020-01-20 00:00:00', 'SESAYAP', 'KEC. SESAYAP HILIR', 'KAB. TANA TIDUNG', 'PROV. KALIMANTAN UTARA', '0', '0', 'Lahan Gambut', '0', 'pambudisidiq@gmail.com', '2020-02-14 10:26:44', 'pambudisidiq@gmail.com', '2020-02-14 10:26:44'),
	('20.02.11, F.Th.105', '0011/LP Balittanah/02/2020', 80, 'SAMPLE/3sfNvCoucr', 'Total 177 sampel', '2020-01-20 00:00:00', 'SESAYAP', 'KEC. SESAYAP HILIR', 'KAB. TANA TIDUNG', 'PROV. KALIMANTAN UTARA', '0', '0', 'Lahan Gambut', '0', 'pambudisidiq@gmail.com', '2020-02-14 10:26:44', 'pambudisidiq@gmail.com', '2020-02-14 10:26:44'),
	('20.02.11, F.Th.106', '0011/LP Balittanah/02/2020', 81, 'SAMPLE/UR2olr2fg7', 'Total 177 sampel', '2020-01-20 00:00:00', 'SESAYAP', 'KEC. SESAYAP HILIR', 'KAB. TANA TIDUNG', 'PROV. KALIMANTAN UTARA', '0', '0', 'Lahan Gambut', '0', 'pambudisidiq@gmail.com', '2020-02-14 10:26:44', 'pambudisidiq@gmail.com', '2020-02-14 10:26:44'),
	('20.02.11, F.Th.107', '0011/LP Balittanah/02/2020', 82, 'SAMPLE/SwlQoPGKYb', 'Total 177 sampel', '2020-01-20 00:00:00', 'SESAYAP', 'KEC. SESAYAP HILIR', 'KAB. TANA TIDUNG', 'PROV. KALIMANTAN UTARA', '0', '0', 'Lahan Gambut', '0', 'pambudisidiq@gmail.com', '2020-02-14 10:26:44', 'pambudisidiq@gmail.com', '2020-02-14 10:26:44'),
	('20.02.11, F.Th.108', '0011/LP Balittanah/02/2020', 83, 'SAMPLE/8Pv3AJAP00', 'Total 177 sampel', '2020-01-20 00:00:00', 'SESAYAP', 'KEC. SESAYAP HILIR', 'KAB. TANA TIDUNG', 'PROV. KALIMANTAN UTARA', '0', '0', 'Lahan Gambut', '0', 'pambudisidiq@gmail.com', '2020-02-14 10:26:44', 'pambudisidiq@gmail.com', '2020-02-14 10:26:44'),
	('20.02.11, F.Th.109', '0011/LP Balittanah/02/2020', 84, 'SAMPLE/MIgnF5Vocp', 'Total 177 sampel', '2020-01-20 00:00:00', 'SESAYAP', 'KEC. SESAYAP HILIR', 'KAB. TANA TIDUNG', 'PROV. KALIMANTAN UTARA', '0', '0', 'Lahan Gambut', '0', 'pambudisidiq@gmail.com', '2020-02-14 10:26:44', 'pambudisidiq@gmail.com', '2020-02-14 10:26:44'),
	('20.02.11, F.Th.110', '0011/LP Balittanah/02/2020', 85, 'SAMPLE/NEnaFHhzzO', 'Total 177 sampel', '2020-01-20 00:00:00', 'SESAYAP', 'KEC. SESAYAP HILIR', 'KAB. TANA TIDUNG', 'PROV. KALIMANTAN UTARA', '0', '0', 'Lahan Gambut', '0', 'pambudisidiq@gmail.com', '2020-02-14 10:26:44', 'pambudisidiq@gmail.com', '2020-02-14 10:26:44'),
	('20.02.11, F.Th.111', '0011/LP Balittanah/02/2020', 86, 'SAMPLE/6MFasex8WK', 'Total 177 sampel', '2020-01-20 00:00:00', 'SESAYAP', 'KEC. SESAYAP HILIR', 'KAB. TANA TIDUNG', 'PROV. KALIMANTAN UTARA', '0', '0', 'Lahan Gambut', '0', 'pambudisidiq@gmail.com', '2020-02-14 10:26:44', 'pambudisidiq@gmail.com', '2020-02-14 10:26:44'),
	('20.02.11, F.Th.112', '0011/LP Balittanah/02/2020', 87, 'SAMPLE/1npqvlp7mt', 'Total 177 sampel', '2020-01-20 00:00:00', 'SESAYAP', 'KEC. SESAYAP HILIR', 'KAB. TANA TIDUNG', 'PROV. KALIMANTAN UTARA', '0', '0', 'Lahan Gambut', '0', 'pambudisidiq@gmail.com', '2020-02-14 10:26:44', 'pambudisidiq@gmail.com', '2020-02-14 10:26:44'),
	('20.02.11, F.Th.113', '0011/LP Balittanah/02/2020', 88, 'SAMPLE/4sIJyDDux3', 'Total 177 sampel', '2020-01-20 00:00:00', 'SESAYAP', 'KEC. SESAYAP HILIR', 'KAB. TANA TIDUNG', 'PROV. KALIMANTAN UTARA', '0', '0', 'Lahan Gambut', '0', 'pambudisidiq@gmail.com', '2020-02-14 10:26:44', 'pambudisidiq@gmail.com', '2020-02-14 10:26:44'),
	('20.02.11, F.Th.114', '0011/LP Balittanah/02/2020', 89, 'SAMPLE/Bbqm49dg5A', 'Total 177 sampel', '2020-01-20 00:00:00', 'SESAYAP', 'KEC. SESAYAP HILIR', 'KAB. TANA TIDUNG', 'PROV. KALIMANTAN UTARA', '0', '0', 'Lahan Gambut', '0', 'pambudisidiq@gmail.com', '2020-02-14 10:26:44', 'pambudisidiq@gmail.com', '2020-02-14 10:26:44'),
	('20.02.11, F.Th.115', '0011/LP Balittanah/02/2020', 90, 'SAMPLE/HWACyBq6Pv', 'Total 177 sampel', '2020-01-20 00:00:00', 'SESAYAP', 'KEC. SESAYAP HILIR', 'KAB. TANA TIDUNG', 'PROV. KALIMANTAN UTARA', '0', '0', 'Lahan Gambut', '0', 'pambudisidiq@gmail.com', '2020-02-14 10:26:44', 'pambudisidiq@gmail.com', '2020-02-14 10:26:44'),
	('20.02.11, F.Th.116', '0011/LP Balittanah/02/2020', 91, 'SAMPLE/tkngTNe5MY', 'Total 177 sampel', '2020-01-20 00:00:00', 'SESAYAP', 'KEC. SESAYAP HILIR', 'KAB. TANA TIDUNG', 'PROV. KALIMANTAN UTARA', '0', '0', 'Lahan Gambut', '0', 'pambudisidiq@gmail.com', '2020-02-14 10:26:44', 'pambudisidiq@gmail.com', '2020-02-14 10:26:44'),
	('20.02.11, F.Th.117', '0011/LP Balittanah/02/2020', 92, 'SAMPLE/LcL4j06dvv', 'Total 177 sampel', '2020-01-20 00:00:00', 'SESAYAP', 'KEC. SESAYAP HILIR', 'KAB. TANA TIDUNG', 'PROV. KALIMANTAN UTARA', '0', '0', 'Lahan Gambut', '0', 'pambudisidiq@gmail.com', '2020-02-14 10:26:44', 'pambudisidiq@gmail.com', '2020-02-14 10:26:44'),
	('20.02.11, F.Th.118', '0011/LP Balittanah/02/2020', 93, 'SAMPLE/gjbUUh2fm6', 'Total 177 sampel', '2020-01-20 00:00:00', 'SESAYAP', 'KEC. SESAYAP HILIR', 'KAB. TANA TIDUNG', 'PROV. KALIMANTAN UTARA', '0', '0', 'Lahan Gambut', '0', 'pambudisidiq@gmail.com', '2020-02-14 10:26:44', 'pambudisidiq@gmail.com', '2020-02-14 10:26:44'),
	('20.02.11, F.Th.119', '0011/LP Balittanah/02/2020', 94, 'SAMPLE/oGObKqXlBr', 'Total 177 sampel', '2020-01-20 00:00:00', 'SESAYAP', 'KEC. SESAYAP HILIR', 'KAB. TANA TIDUNG', 'PROV. KALIMANTAN UTARA', '0', '0', 'Lahan Gambut', '0', 'pambudisidiq@gmail.com', '2020-02-14 10:26:44', 'pambudisidiq@gmail.com', '2020-02-14 10:26:44'),
	('20.02.11, F.Th.120', '0011/LP Balittanah/02/2020', 95, 'SAMPLE/5hDgYFkFtI', 'Total 177 sampel', '2020-01-20 00:00:00', 'SESAYAP', 'KEC. SESAYAP HILIR', 'KAB. TANA TIDUNG', 'PROV. KALIMANTAN UTARA', '0', '0', 'Lahan Gambut', '0', 'pambudisidiq@gmail.com', '2020-02-14 10:26:44', 'pambudisidiq@gmail.com', '2020-02-14 10:26:44'),
	('20.02.11, F.Th.121', '0011/LP Balittanah/02/2020', 96, 'SAMPLE/FnKupljCvM', 'Total 177 sampel', '2020-01-20 00:00:00', 'SESAYAP', 'KEC. SESAYAP HILIR', 'KAB. TANA TIDUNG', 'PROV. KALIMANTAN UTARA', '0', '0', 'Lahan Gambut', '0', 'pambudisidiq@gmail.com', '2020-02-14 10:26:44', 'pambudisidiq@gmail.com', '2020-02-14 10:26:44'),
	('20.02.11, F.Th.122', '0011/LP Balittanah/02/2020', 97, 'SAMPLE/V8SQKexJu2', 'Total 177 sampel', '2020-01-20 00:00:00', 'SESAYAP', 'KEC. SESAYAP HILIR', 'KAB. TANA TIDUNG', 'PROV. KALIMANTAN UTARA', '0', '0', 'Lahan Gambut', '0', 'pambudisidiq@gmail.com', '2020-02-14 10:26:44', 'pambudisidiq@gmail.com', '2020-02-14 10:26:44'),
	('20.02.11, F.Th.123', '0011/LP Balittanah/02/2020', 98, 'SAMPLE/bWLeA8O56p', 'Total 177 sampel', '2020-01-20 00:00:00', 'SESAYAP', 'KEC. SESAYAP HILIR', 'KAB. TANA TIDUNG', 'PROV. KALIMANTAN UTARA', '0', '0', 'Lahan Gambut', '0', 'pambudisidiq@gmail.com', '2020-02-14 10:26:45', 'pambudisidiq@gmail.com', '2020-02-14 10:26:45'),
	('20.02.11, F.Th.124', '0011/LP Balittanah/02/2020', 99, 'SAMPLE/6wWNBb6vWA', 'Total 177 sampel', '2020-01-20 00:00:00', 'SESAYAP', 'KEC. SESAYAP HILIR', 'KAB. TANA TIDUNG', 'PROV. KALIMANTAN UTARA', '0', '0', 'Lahan Gambut', '0', 'pambudisidiq@gmail.com', '2020-02-14 10:26:45', 'pambudisidiq@gmail.com', '2020-02-14 10:26:45'),
	('20.02.11, F.Th.125', '0011/LP Balittanah/02/2020', 100, 'SAMPLE/gvXYF6zWFT', 'Total 177 sampel', '2020-01-20 00:00:00', 'SESAYAP', 'KEC. SESAYAP HILIR', 'KAB. TANA TIDUNG', 'PROV. KALIMANTAN UTARA', '0', '0', 'Lahan Gambut', '0', 'pambudisidiq@gmail.com', '2020-02-14 10:26:45', 'pambudisidiq@gmail.com', '2020-02-14 10:26:45'),
	('20.02.11, F.Th.126', '0011/LP Balittanah/02/2020', 101, 'SAMPLE/jKmAGRKG3q', 'Total 177 sampel', '2020-01-20 00:00:00', 'SESAYAP', 'KEC. SESAYAP HILIR', 'KAB. TANA TIDUNG', 'PROV. KALIMANTAN UTARA', '0', '0', 'Lahan Gambut', '0', 'pambudisidiq@gmail.com', '2020-02-14 10:26:45', 'pambudisidiq@gmail.com', '2020-02-14 10:26:45'),
	('20.02.11, F.Th.127', '0011/LP Balittanah/02/2020', 102, 'SAMPLE/EoGfPzmfpJ', 'Total 177 sampel', '2020-01-20 00:00:00', 'SESAYAP', 'KEC. SESAYAP HILIR', 'KAB. TANA TIDUNG', 'PROV. KALIMANTAN UTARA', '0', '0', 'Lahan Gambut', '0', 'pambudisidiq@gmail.com', '2020-02-14 10:26:45', 'pambudisidiq@gmail.com', '2020-02-14 10:26:45'),
	('20.02.11, F.Th.128', '0011/LP Balittanah/02/2020', 103, 'SAMPLE/jbW4VQ8WID', 'Total 177 sampel', '2020-01-20 00:00:00', 'SESAYAP', 'KEC. SESAYAP HILIR', 'KAB. TANA TIDUNG', 'PROV. KALIMANTAN UTARA', '0', '0', 'Lahan Gambut', '0', 'pambudisidiq@gmail.com', '2020-02-14 10:26:45', 'pambudisidiq@gmail.com', '2020-02-14 10:26:45'),
	('20.02.11, F.Th.129', '0011/LP Balittanah/02/2020', 104, 'SAMPLE/J2AmgvkwhS', 'Total 177 sampel', '2020-01-20 00:00:00', 'SESAYAP', 'KEC. SESAYAP HILIR', 'KAB. TANA TIDUNG', 'PROV. KALIMANTAN UTARA', '0', '0', 'Lahan Gambut', '0', 'pambudisidiq@gmail.com', '2020-02-14 10:26:45', 'pambudisidiq@gmail.com', '2020-02-14 10:26:45'),
	('20.02.11, F.Th.130', '0011/LP Balittanah/02/2020', 105, 'SAMPLE/AzBH53YRjf', 'Total 177 sampel', '2020-01-20 00:00:00', 'SESAYAP', 'KEC. SESAYAP HILIR', 'KAB. TANA TIDUNG', 'PROV. KALIMANTAN UTARA', '0', '0', 'Lahan Gambut', '0', 'pambudisidiq@gmail.com', '2020-02-14 10:26:45', 'pambudisidiq@gmail.com', '2020-02-14 10:26:45'),
	('20.02.11, F.Th.131', '0011/LP Balittanah/02/2020', 106, 'SAMPLE/UtH5LgXsO0', 'Total 177 sampel', '2020-01-20 00:00:00', 'SESAYAP', 'KEC. SESAYAP HILIR', 'KAB. TANA TIDUNG', 'PROV. KALIMANTAN UTARA', '0', '0', 'Lahan Gambut', '0', 'pambudisidiq@gmail.com', '2020-02-14 10:26:45', 'pambudisidiq@gmail.com', '2020-02-14 10:26:45'),
	('20.02.11, F.Th.132', '0011/LP Balittanah/02/2020', 107, 'SAMPLE/SX7APMWu9u', 'Total 177 sampel', '2020-01-20 00:00:00', 'SESAYAP', 'KEC. SESAYAP HILIR', 'KAB. TANA TIDUNG', 'PROV. KALIMANTAN UTARA', '0', '0', 'Lahan Gambut', '0', 'pambudisidiq@gmail.com', '2020-02-14 10:26:45', 'pambudisidiq@gmail.com', '2020-02-14 10:26:45'),
	('20.02.11, F.Th.133', '0011/LP Balittanah/02/2020', 108, 'SAMPLE/pY8GjTKq82', 'Total 177 sampel', '2020-01-20 00:00:00', 'SESAYAP', 'KEC. SESAYAP HILIR', 'KAB. TANA TIDUNG', 'PROV. KALIMANTAN UTARA', '0', '0', 'Lahan Gambut', '0', 'pambudisidiq@gmail.com', '2020-02-14 10:26:45', 'pambudisidiq@gmail.com', '2020-02-14 10:26:45'),
	('20.02.11, F.Th.134', '0011/LP Balittanah/02/2020', 109, 'SAMPLE/1rNDSqvEJ9', 'Total 177 sampel', '2020-01-20 00:00:00', 'SESAYAP', 'KEC. SESAYAP HILIR', 'KAB. TANA TIDUNG', 'PROV. KALIMANTAN UTARA', '0', '0', 'Lahan Gambut', '0', 'pambudisidiq@gmail.com', '2020-02-14 10:26:45', 'pambudisidiq@gmail.com', '2020-02-14 10:26:45'),
	('20.02.11, F.Th.135', '0011/LP Balittanah/02/2020', 110, 'SAMPLE/H2Rr9MBb1t', 'Total 177 sampel', '2020-01-20 00:00:00', 'SESAYAP', 'KEC. SESAYAP HILIR', 'KAB. TANA TIDUNG', 'PROV. KALIMANTAN UTARA', '0', '0', 'Lahan Gambut', '0', 'pambudisidiq@gmail.com', '2020-02-14 10:26:45', 'pambudisidiq@gmail.com', '2020-02-14 10:26:45'),
	('20.02.11, F.Th.136', '0011/LP Balittanah/02/2020', 111, 'SAMPLE/gERX05vbV2', 'Total 177 sampel', '2020-01-20 00:00:00', 'SESAYAP', 'KEC. SESAYAP HILIR', 'KAB. TANA TIDUNG', 'PROV. KALIMANTAN UTARA', '0', '0', 'Lahan Gambut', '0', 'pambudisidiq@gmail.com', '2020-02-14 10:26:45', 'pambudisidiq@gmail.com', '2020-02-14 10:26:45'),
	('20.02.11, F.Th.137', '0011/LP Balittanah/02/2020', 112, 'SAMPLE/GHtV8ClEQz', 'Total 177 sampel', '2020-01-20 00:00:00', 'SESAYAP', 'KEC. SESAYAP HILIR', 'KAB. TANA TIDUNG', 'PROV. KALIMANTAN UTARA', '0', '0', 'Lahan Gambut', '0', 'pambudisidiq@gmail.com', '2020-02-14 10:26:45', 'pambudisidiq@gmail.com', '2020-02-14 10:26:45'),
	('20.02.11, F.Th.138', '0011/LP Balittanah/02/2020', 113, 'SAMPLE/stTaWwhQGG', 'Total 177 sampel', '2020-01-20 00:00:00', 'SESAYAP', 'KEC. SESAYAP HILIR', 'KAB. TANA TIDUNG', 'PROV. KALIMANTAN UTARA', '0', '0', 'Lahan Gambut', '0', 'pambudisidiq@gmail.com', '2020-02-14 10:26:45', 'pambudisidiq@gmail.com', '2020-02-14 10:26:45'),
	('20.02.11, F.Th.139', '0011/LP Balittanah/02/2020', 114, 'SAMPLE/sIzPVwI0MX', 'Total 177 sampel', '2020-01-20 00:00:00', 'SESAYAP', 'KEC. SESAYAP HILIR', 'KAB. TANA TIDUNG', 'PROV. KALIMANTAN UTARA', '0', '0', 'Lahan Gambut', '0', 'pambudisidiq@gmail.com', '2020-02-14 10:26:45', 'pambudisidiq@gmail.com', '2020-02-14 10:26:45'),
	('20.02.11, F.Th.140', '0011/LP Balittanah/02/2020', 115, 'SAMPLE/5tRRD9J5sG', 'Total 177 sampel', '2020-01-20 00:00:00', 'SESAYAP', 'KEC. SESAYAP HILIR', 'KAB. TANA TIDUNG', 'PROV. KALIMANTAN UTARA', '0', '0', 'Lahan Gambut', '0', 'pambudisidiq@gmail.com', '2020-02-14 10:26:45', 'pambudisidiq@gmail.com', '2020-02-14 10:26:45'),
	('20.02.11, F.Th.141', '0011/LP Balittanah/02/2020', 116, 'SAMPLE/D7uBbXURbD', 'Total 177 sampel', '2020-01-20 00:00:00', 'SESAYAP', 'KEC. SESAYAP HILIR', 'KAB. TANA TIDUNG', 'PROV. KALIMANTAN UTARA', '0', '0', 'Lahan Gambut', '0', 'pambudisidiq@gmail.com', '2020-02-14 10:26:45', 'pambudisidiq@gmail.com', '2020-02-14 10:26:45'),
	('20.02.11, F.Th.142', '0011/LP Balittanah/02/2020', 117, 'SAMPLE/WNEqK7jMaM', 'Total 177 sampel', '2020-01-20 00:00:00', 'SESAYAP', 'KEC. SESAYAP HILIR', 'KAB. TANA TIDUNG', 'PROV. KALIMANTAN UTARA', '0', '0', 'Lahan Gambut', '0', 'pambudisidiq@gmail.com', '2020-02-14 10:26:45', 'pambudisidiq@gmail.com', '2020-02-14 10:26:45'),
	('20.02.11, F.Th.143', '0011/LP Balittanah/02/2020', 118, 'SAMPLE/4t13E8KcGW', 'Total 177 sampel', '2020-01-20 00:00:00', 'SESAYAP', 'KEC. SESAYAP HILIR', 'KAB. TANA TIDUNG', 'PROV. KALIMANTAN UTARA', '0', '0', 'Lahan Gambut', '0', 'pambudisidiq@gmail.com', '2020-02-14 10:26:45', 'pambudisidiq@gmail.com', '2020-02-14 10:26:45'),
	('20.02.11, F.Th.144', '0011/LP Balittanah/02/2020', 119, 'SAMPLE/Wny9dvo7O8', 'Total 177 sampel', '2020-01-20 00:00:00', 'SESAYAP', 'KEC. SESAYAP HILIR', 'KAB. TANA TIDUNG', 'PROV. KALIMANTAN UTARA', '0', '0', 'Lahan Gambut', '0', 'pambudisidiq@gmail.com', '2020-02-14 10:26:45', 'pambudisidiq@gmail.com', '2020-02-14 10:26:45'),
	('20.02.11, F.Th.145', '0011/LP Balittanah/02/2020', 120, 'SAMPLE/L0YjarYChF', 'Total 177 sampel', '2020-01-20 00:00:00', 'SESAYAP', 'KEC. SESAYAP HILIR', 'KAB. TANA TIDUNG', 'PROV. KALIMANTAN UTARA', '0', '0', 'Lahan Gambut', '0', 'pambudisidiq@gmail.com', '2020-02-14 10:26:45', 'pambudisidiq@gmail.com', '2020-02-14 10:26:45'),
	('20.02.11, F.Th.146', '0011/LP Balittanah/02/2020', 121, 'SAMPLE/164PMlfB7c', 'Total 177 sampel', '2020-01-20 00:00:00', 'SESAYAP', 'KEC. SESAYAP HILIR', 'KAB. TANA TIDUNG', 'PROV. KALIMANTAN UTARA', '0', '0', 'Lahan Gambut', '0', 'pambudisidiq@gmail.com', '2020-02-14 10:26:45', 'pambudisidiq@gmail.com', '2020-02-14 10:26:45'),
	('20.02.11, F.Th.147', '0011/LP Balittanah/02/2020', 122, 'SAMPLE/nRkoQJqFmp', 'Total 177 sampel', '2020-01-20 00:00:00', 'SESAYAP', 'KEC. SESAYAP HILIR', 'KAB. TANA TIDUNG', 'PROV. KALIMANTAN UTARA', '0', '0', 'Lahan Gambut', '0', 'pambudisidiq@gmail.com', '2020-02-14 10:26:45', 'pambudisidiq@gmail.com', '2020-02-14 10:26:45'),
	('20.02.11, F.Th.148', '0011/LP Balittanah/02/2020', 123, 'SAMPLE/Tm7cadES2n', 'Total 177 sampel', '2020-01-20 00:00:00', 'SESAYAP', 'KEC. SESAYAP HILIR', 'KAB. TANA TIDUNG', 'PROV. KALIMANTAN UTARA', '0', '0', 'Lahan Gambut', '0', 'pambudisidiq@gmail.com', '2020-02-14 10:26:45', 'pambudisidiq@gmail.com', '2020-02-14 10:26:45'),
	('20.02.11, F.Th.149', '0011/LP Balittanah/02/2020', 124, 'SAMPLE/jj4b60tSw4', 'Total 177 sampel', '2020-01-20 00:00:00', 'SESAYAP', 'KEC. SESAYAP HILIR', 'KAB. TANA TIDUNG', 'PROV. KALIMANTAN UTARA', '0', '0', 'Lahan Gambut', '0', 'pambudisidiq@gmail.com', '2020-02-14 10:26:45', 'pambudisidiq@gmail.com', '2020-02-14 10:26:45'),
	('20.02.11, F.Th.150', '0011/LP Balittanah/02/2020', 125, 'SAMPLE/qV9LV3OKCB', 'Total 177 sampel', '2020-01-20 00:00:00', 'SESAYAP', 'KEC. SESAYAP HILIR', 'KAB. TANA TIDUNG', 'PROV. KALIMANTAN UTARA', '0', '0', 'Lahan Gambut', '0', 'pambudisidiq@gmail.com', '2020-02-14 10:26:45', 'pambudisidiq@gmail.com', '2020-02-14 10:26:45'),
	('20.02.11, F.Th.151', '0011/LP Balittanah/02/2020', 126, 'SAMPLE/btq2VO82OI', 'Total 177 sampel', '2020-01-20 00:00:00', 'SESAYAP', 'KEC. SESAYAP HILIR', 'KAB. TANA TIDUNG', 'PROV. KALIMANTAN UTARA', '0', '0', 'Lahan Gambut', '0', 'pambudisidiq@gmail.com', '2020-02-14 10:26:45', 'pambudisidiq@gmail.com', '2020-02-14 10:26:45'),
	('20.02.11, F.Th.152', '0011/LP Balittanah/02/2020', 127, 'SAMPLE/OxJU3dXls1', 'Total 177 sampel', '2020-01-20 00:00:00', 'SESAYAP', 'KEC. SESAYAP HILIR', 'KAB. TANA TIDUNG', 'PROV. KALIMANTAN UTARA', '0', '0', 'Lahan Gambut', '0', 'pambudisidiq@gmail.com', '2020-02-14 10:26:45', 'pambudisidiq@gmail.com', '2020-02-14 10:26:45'),
	('20.02.11, F.Th.153', '0011/LP Balittanah/02/2020', 128, 'SAMPLE/rGjs97nwqh', 'Total 177 sampel', '2020-01-20 00:00:00', 'SESAYAP', 'KEC. SESAYAP HILIR', 'KAB. TANA TIDUNG', 'PROV. KALIMANTAN UTARA', '0', '0', 'Lahan Gambut', '0', 'pambudisidiq@gmail.com', '2020-02-14 10:26:45', 'pambudisidiq@gmail.com', '2020-02-14 10:26:45'),
	('20.02.11, F.Th.154', '0011/LP Balittanah/02/2020', 129, 'SAMPLE/z4qAm03bqr', 'Total 177 sampel', '2020-01-20 00:00:00', 'SESAYAP', 'KEC. SESAYAP HILIR', 'KAB. TANA TIDUNG', 'PROV. KALIMANTAN UTARA', '0', '0', 'Lahan Gambut', '0', 'pambudisidiq@gmail.com', '2020-02-14 10:26:45', 'pambudisidiq@gmail.com', '2020-02-14 10:26:45'),
	('20.02.11, F.Th.155', '0011/LP Balittanah/02/2020', 130, 'SAMPLE/1AdXp2noRR', 'Total 177 sampel', '2020-01-20 00:00:00', 'SESAYAP', 'KEC. SESAYAP HILIR', 'KAB. TANA TIDUNG', 'PROV. KALIMANTAN UTARA', '0', '0', 'Lahan Gambut', '0', 'pambudisidiq@gmail.com', '2020-02-14 10:26:45', 'pambudisidiq@gmail.com', '2020-02-14 10:26:45'),
	('20.02.11, F.Th.156', '0011/LP Balittanah/02/2020', 131, 'SAMPLE/fFsLkEk73X', 'Total 177 sampel', '2020-01-20 00:00:00', 'SESAYAP', 'KEC. SESAYAP HILIR', 'KAB. TANA TIDUNG', 'PROV. KALIMANTAN UTARA', '0', '0', 'Lahan Gambut', '0', 'pambudisidiq@gmail.com', '2020-02-14 10:26:45', 'pambudisidiq@gmail.com', '2020-02-14 10:26:45'),
	('20.02.11, F.Th.157', '0011/LP Balittanah/02/2020', 132, 'SAMPLE/CMLHlTgjJd', 'Total 177 sampel', '2020-01-20 00:00:00', 'SESAYAP', 'KEC. SESAYAP HILIR', 'KAB. TANA TIDUNG', 'PROV. KALIMANTAN UTARA', '0', '0', 'Lahan Gambut', '0', 'pambudisidiq@gmail.com', '2020-02-14 10:26:45', 'pambudisidiq@gmail.com', '2020-02-14 10:26:45'),
	('20.02.11, F.Th.158', '0011/LP Balittanah/02/2020', 133, 'SAMPLE/kV3a90Cvdg', 'Total 177 sampel', '2020-01-20 00:00:00', 'SESAYAP', 'KEC. SESAYAP HILIR', 'KAB. TANA TIDUNG', 'PROV. KALIMANTAN UTARA', '0', '0', 'Lahan Gambut', '0', 'pambudisidiq@gmail.com', '2020-02-14 10:26:45', 'pambudisidiq@gmail.com', '2020-02-14 10:26:45'),
	('20.02.11, F.Th.159', '0011/LP Balittanah/02/2020', 134, 'SAMPLE/T8NIc3LOqQ', 'Total 177 sampel', '2020-01-20 00:00:00', 'SESAYAP', 'KEC. SESAYAP HILIR', 'KAB. TANA TIDUNG', 'PROV. KALIMANTAN UTARA', '0', '0', 'Lahan Gambut', '0', 'pambudisidiq@gmail.com', '2020-02-14 10:26:45', 'pambudisidiq@gmail.com', '2020-02-14 10:26:45'),
	('20.02.11, F.Th.160', '0011/LP Balittanah/02/2020', 135, 'SAMPLE/P5jBYoXGNE', 'Total 177 sampel', '2020-01-20 00:00:00', 'SESAYAP', 'KEC. SESAYAP HILIR', 'KAB. TANA TIDUNG', 'PROV. KALIMANTAN UTARA', '0', '0', 'Lahan Gambut', '0', 'pambudisidiq@gmail.com', '2020-02-14 10:26:45', 'pambudisidiq@gmail.com', '2020-02-14 10:26:45'),
	('20.02.11, F.Th.161', '0011/LP Balittanah/02/2020', 136, 'SAMPLE/VdOOGtMrLu', 'Total 177 sampel', '2020-01-20 00:00:00', 'SESAYAP', 'KEC. SESAYAP HILIR', 'KAB. TANA TIDUNG', 'PROV. KALIMANTAN UTARA', '0', '0', 'Lahan Gambut', '0', 'pambudisidiq@gmail.com', '2020-02-14 10:26:45', 'pambudisidiq@gmail.com', '2020-02-14 10:26:45'),
	('20.02.11, F.Th.162', '0011/LP Balittanah/02/2020', 137, 'SAMPLE/bY4VeE9cEq', 'Total 177 sampel', '2020-01-20 00:00:00', 'SESAYAP', 'KEC. SESAYAP HILIR', 'KAB. TANA TIDUNG', 'PROV. KALIMANTAN UTARA', '0', '0', 'Lahan Gambut', '0', 'pambudisidiq@gmail.com', '2020-02-14 10:26:45', 'pambudisidiq@gmail.com', '2020-02-14 10:26:45'),
	('20.02.11, F.Th.163', '0011/LP Balittanah/02/2020', 138, 'SAMPLE/jC32ypMBmU', 'Total 177 sampel', '2020-01-20 00:00:00', 'SESAYAP', 'KEC. SESAYAP HILIR', 'KAB. TANA TIDUNG', 'PROV. KALIMANTAN UTARA', '0', '0', 'Lahan Gambut', '0', 'pambudisidiq@gmail.com', '2020-02-14 10:26:45', 'pambudisidiq@gmail.com', '2020-02-14 10:26:45'),
	('20.02.11, F.Th.164', '0011/LP Balittanah/02/2020', 139, 'SAMPLE/b6QIvPt9cS', 'Total 177 sampel', '2020-01-20 00:00:00', 'SESAYAP', 'KEC. SESAYAP HILIR', 'KAB. TANA TIDUNG', 'PROV. KALIMANTAN UTARA', '0', '0', 'Lahan Gambut', '0', 'pambudisidiq@gmail.com', '2020-02-14 10:26:45', 'pambudisidiq@gmail.com', '2020-02-14 10:26:45'),
	('20.02.11, F.Th.165', '0011/LP Balittanah/02/2020', 140, 'SAMPLE/rvc6O0bwxu', 'Total 177 sampel', '2020-01-20 00:00:00', 'SESAYAP', 'KEC. SESAYAP HILIR', 'KAB. TANA TIDUNG', 'PROV. KALIMANTAN UTARA', '0', '0', 'Lahan Gambut', '0', 'pambudisidiq@gmail.com', '2020-02-14 10:26:45', 'pambudisidiq@gmail.com', '2020-02-14 10:26:45'),
	('20.02.11, F.Th.166', '0011/LP Balittanah/02/2020', 141, 'SAMPLE/pVbxwukWqs', 'Total 177 sampel', '2020-01-20 00:00:00', 'SESAYAP', 'KEC. SESAYAP HILIR', 'KAB. TANA TIDUNG', 'PROV. KALIMANTAN UTARA', '0', '0', 'Lahan Gambut', '0', 'pambudisidiq@gmail.com', '2020-02-14 10:26:45', 'pambudisidiq@gmail.com', '2020-02-14 10:26:45'),
	('20.02.11, F.Th.167', '0011/LP Balittanah/02/2020', 142, 'SAMPLE/Qke0sfhvBy', 'Total 177 sampel', '2020-01-20 00:00:00', 'SESAYAP', 'KEC. SESAYAP HILIR', 'KAB. TANA TIDUNG', 'PROV. KALIMANTAN UTARA', '0', '0', 'Lahan Gambut', '0', 'pambudisidiq@gmail.com', '2020-02-14 10:26:45', 'pambudisidiq@gmail.com', '2020-02-14 10:26:45'),
	('20.02.11, F.Th.168', '0011/LP Balittanah/02/2020', 143, 'SAMPLE/kaaV9Wz6nH', 'Total 177 sampel', '2020-01-20 00:00:00', 'SESAYAP', 'KEC. SESAYAP HILIR', 'KAB. TANA TIDUNG', 'PROV. KALIMANTAN UTARA', '0', '0', 'Lahan Gambut', '0', 'pambudisidiq@gmail.com', '2020-02-14 10:26:45', 'pambudisidiq@gmail.com', '2020-02-14 10:26:45'),
	('20.02.11, F.Th.169', '0011/LP Balittanah/02/2020', 144, 'SAMPLE/nqd2Gq4umb', 'Total 177 sampel', '2020-01-20 00:00:00', 'SESAYAP', 'KEC. SESAYAP HILIR', 'KAB. TANA TIDUNG', 'PROV. KALIMANTAN UTARA', '0', '0', 'Lahan Gambut', '0', 'pambudisidiq@gmail.com', '2020-02-14 10:26:45', 'pambudisidiq@gmail.com', '2020-02-14 10:26:45'),
	('20.02.11, F.Th.170', '0011/LP Balittanah/02/2020', 145, 'SAMPLE/FGSUcfqmNJ', 'Total 177 sampel', '2020-01-20 00:00:00', 'SESAYAP', 'KEC. SESAYAP HILIR', 'KAB. TANA TIDUNG', 'PROV. KALIMANTAN UTARA', '0', '0', 'Lahan Gambut', '0', 'pambudisidiq@gmail.com', '2020-02-14 10:26:45', 'pambudisidiq@gmail.com', '2020-02-14 10:26:45'),
	('20.02.11, F.Th.171', '0011/LP Balittanah/02/2020', 146, 'SAMPLE/RP59jpUpxI', 'Total 177 sampel', '2020-01-20 00:00:00', 'SESAYAP', 'KEC. SESAYAP HILIR', 'KAB. TANA TIDUNG', 'PROV. KALIMANTAN UTARA', '0', '0', 'Lahan Gambut', '0', 'pambudisidiq@gmail.com', '2020-02-14 10:26:46', 'pambudisidiq@gmail.com', '2020-02-14 10:26:46'),
	('20.02.11, F.Th.172', '0011/LP Balittanah/02/2020', 147, 'SAMPLE/4oJReAgntb', 'Total 177 sampel', '2020-01-20 00:00:00', 'SESAYAP', 'KEC. SESAYAP HILIR', 'KAB. TANA TIDUNG', 'PROV. KALIMANTAN UTARA', '0', '0', 'Lahan Gambut', '0', 'pambudisidiq@gmail.com', '2020-02-14 10:26:46', 'pambudisidiq@gmail.com', '2020-02-14 10:26:46'),
	('20.02.11, F.Th.173', '0011/LP Balittanah/02/2020', 148, 'SAMPLE/kXjA2OrqT4', 'Total 177 sampel', '2020-01-20 00:00:00', 'SESAYAP', 'KEC. SESAYAP HILIR', 'KAB. TANA TIDUNG', 'PROV. KALIMANTAN UTARA', '0', '0', 'Lahan Gambut', '0', 'pambudisidiq@gmail.com', '2020-02-14 10:26:46', 'pambudisidiq@gmail.com', '2020-02-14 10:26:46'),
	('20.02.11, F.Th.174', '0011/LP Balittanah/02/2020', 149, 'SAMPLE/HntNYGveSs', 'Total 177 sampel', '2020-01-20 00:00:00', 'SESAYAP', 'KEC. SESAYAP HILIR', 'KAB. TANA TIDUNG', 'PROV. KALIMANTAN UTARA', '0', '0', 'Lahan Gambut', '0', 'pambudisidiq@gmail.com', '2020-02-14 10:26:46', 'pambudisidiq@gmail.com', '2020-02-14 10:26:46'),
	('20.02.11, F.Th.175', '0011/LP Balittanah/02/2020', 150, 'SAMPLE/FO6Ngr7aPL', 'Total 177 sampel', '2020-01-20 00:00:00', 'SESAYAP', 'KEC. SESAYAP HILIR', 'KAB. TANA TIDUNG', 'PROV. KALIMANTAN UTARA', '0', '0', 'Lahan Gambut', '0', 'pambudisidiq@gmail.com', '2020-02-14 10:26:46', 'pambudisidiq@gmail.com', '2020-02-14 10:26:46'),
	('20.02.11, F.Th.176', '0011/LP Balittanah/02/2020', 151, 'SAMPLE/8c2Ly4HFgE', 'Total 177 sampel', '2020-01-20 00:00:00', 'SESAYAP', 'KEC. SESAYAP HILIR', 'KAB. TANA TIDUNG', 'PROV. KALIMANTAN UTARA', '0', '0', 'Lahan Gambut', '0', 'pambudisidiq@gmail.com', '2020-02-14 10:26:46', 'pambudisidiq@gmail.com', '2020-02-14 10:26:46'),
	('20.02.11, F.Th.177', '0011/LP Balittanah/02/2020', 152, 'SAMPLE/7EFDbQ552H', 'Total 177 sampel', '2020-01-20 00:00:00', 'SESAYAP', 'KEC. SESAYAP HILIR', 'KAB. TANA TIDUNG', 'PROV. KALIMANTAN UTARA', '0', '0', 'Lahan Gambut', '0', 'pambudisidiq@gmail.com', '2020-02-14 10:26:46', 'pambudisidiq@gmail.com', '2020-02-14 10:26:46'),
	('20.02.11, F.Th.178', '0011/LP Balittanah/02/2020', 153, 'SAMPLE/ecEbGG2FtL', 'Total 177 sampel', '2020-01-20 00:00:00', 'SESAYAP', 'KEC. SESAYAP HILIR', 'KAB. TANA TIDUNG', 'PROV. KALIMANTAN UTARA', '0', '0', 'Lahan Gambut', '0', 'pambudisidiq@gmail.com', '2020-02-14 10:26:46', 'pambudisidiq@gmail.com', '2020-02-14 10:26:46'),
	('20.02.11, F.Th.179', '0011/LP Balittanah/02/2020', 154, 'SAMPLE/RqJh5EuQq5', 'Total 177 sampel', '2020-01-20 00:00:00', 'SESAYAP', 'KEC. SESAYAP HILIR', 'KAB. TANA TIDUNG', 'PROV. KALIMANTAN UTARA', '0', '0', 'Lahan Gambut', '0', 'pambudisidiq@gmail.com', '2020-02-14 10:26:46', 'pambudisidiq@gmail.com', '2020-02-14 10:26:46'),
	('20.02.11, F.Th.180', '0011/LP Balittanah/02/2020', 155, 'SAMPLE/907oublCLz', 'Total 177 sampel', '2020-01-20 00:00:00', 'SESAYAP', 'KEC. SESAYAP HILIR', 'KAB. TANA TIDUNG', 'PROV. KALIMANTAN UTARA', '0', '0', 'Lahan Gambut', '0', 'pambudisidiq@gmail.com', '2020-02-14 10:26:46', 'pambudisidiq@gmail.com', '2020-02-14 10:26:46'),
	('20.02.11, F.Th.181', '0011/LP Balittanah/02/2020', 156, 'SAMPLE/vbhjG5I1f1', 'Total 177 sampel', '2020-01-20 00:00:00', 'SESAYAP', 'KEC. SESAYAP HILIR', 'KAB. TANA TIDUNG', 'PROV. KALIMANTAN UTARA', '0', '0', 'Lahan Gambut', '0', 'pambudisidiq@gmail.com', '2020-02-14 10:26:46', 'pambudisidiq@gmail.com', '2020-02-14 10:26:46'),
	('20.02.11, F.Th.182', '0011/LP Balittanah/02/2020', 157, 'SAMPLE/bbmFWR4xIH', 'Total 177 sampel', '2020-01-20 00:00:00', 'SESAYAP', 'KEC. SESAYAP HILIR', 'KAB. TANA TIDUNG', 'PROV. KALIMANTAN UTARA', '0', '0', 'Lahan Gambut', '0', 'pambudisidiq@gmail.com', '2020-02-14 10:26:46', 'pambudisidiq@gmail.com', '2020-02-14 10:26:46'),
	('20.02.11, F.Th.183', '0011/LP Balittanah/02/2020', 158, 'SAMPLE/woP7HpfrQF', 'Total 177 sampel', '2020-01-20 00:00:00', 'SESAYAP', 'KEC. SESAYAP HILIR', 'KAB. TANA TIDUNG', 'PROV. KALIMANTAN UTARA', '0', '0', 'Lahan Gambut', '0', 'pambudisidiq@gmail.com', '2020-02-14 10:26:46', 'pambudisidiq@gmail.com', '2020-02-14 10:26:46'),
	('20.02.11, F.Th.184', '0011/LP Balittanah/02/2020', 159, 'SAMPLE/wA43rPhBL9', 'Total 177 sampel', '2020-01-20 00:00:00', 'SESAYAP', 'KEC. SESAYAP HILIR', 'KAB. TANA TIDUNG', 'PROV. KALIMANTAN UTARA', '0', '0', 'Lahan Gambut', '0', 'pambudisidiq@gmail.com', '2020-02-14 10:26:46', 'pambudisidiq@gmail.com', '2020-02-14 10:26:46'),
	('20.02.11, F.Th.185', '0011/LP Balittanah/02/2020', 160, 'SAMPLE/6DLy48NCAM', 'Total 177 sampel', '2020-01-20 00:00:00', 'SESAYAP', 'KEC. SESAYAP HILIR', 'KAB. TANA TIDUNG', 'PROV. KALIMANTAN UTARA', '0', '0', 'Lahan Gambut', '0', 'pambudisidiq@gmail.com', '2020-02-14 10:26:46', 'pambudisidiq@gmail.com', '2020-02-14 10:26:46'),
	('20.02.11, F.Th.186', '0011/LP Balittanah/02/2020', 161, 'SAMPLE/gW3edgwkLs', 'Total 177 sampel', '2020-01-20 00:00:00', 'SESAYAP', 'KEC. SESAYAP HILIR', 'KAB. TANA TIDUNG', 'PROV. KALIMANTAN UTARA', '0', '0', 'Lahan Gambut', '0', 'pambudisidiq@gmail.com', '2020-02-14 10:26:46', 'pambudisidiq@gmail.com', '2020-02-14 10:26:46'),
	('20.02.11, F.Th.187', '0011/LP Balittanah/02/2020', 162, 'SAMPLE/0skJFLhtph', 'Total 177 sampel', '2020-01-20 00:00:00', 'SESAYAP', 'KEC. SESAYAP HILIR', 'KAB. TANA TIDUNG', 'PROV. KALIMANTAN UTARA', '0', '0', 'Lahan Gambut', '0', 'pambudisidiq@gmail.com', '2020-02-14 10:26:46', 'pambudisidiq@gmail.com', '2020-02-14 10:26:46'),
	('20.02.11, F.Th.188', '0011/LP Balittanah/02/2020', 163, 'SAMPLE/KDVJK3MrdJ', 'Total 177 sampel', '2020-01-20 00:00:00', 'SESAYAP', 'KEC. SESAYAP HILIR', 'KAB. TANA TIDUNG', 'PROV. KALIMANTAN UTARA', '0', '0', 'Lahan Gambut', '0', 'pambudisidiq@gmail.com', '2020-02-14 10:26:46', 'pambudisidiq@gmail.com', '2020-02-14 10:26:46'),
	('20.02.11, F.Th.189', '0011/LP Balittanah/02/2020', 164, 'SAMPLE/LN0ezJGY0l', 'Total 177 sampel', '2020-01-20 00:00:00', 'SESAYAP', 'KEC. SESAYAP HILIR', 'KAB. TANA TIDUNG', 'PROV. KALIMANTAN UTARA', '0', '0', 'Lahan Gambut', '0', 'pambudisidiq@gmail.com', '2020-02-14 10:26:46', 'pambudisidiq@gmail.com', '2020-02-14 10:26:46'),
	('20.02.11, F.Th.190', '0011/LP Balittanah/02/2020', 165, 'SAMPLE/t6YtjOtb3s', 'Total 177 sampel', '2020-01-20 00:00:00', 'SESAYAP', 'KEC. SESAYAP HILIR', 'KAB. TANA TIDUNG', 'PROV. KALIMANTAN UTARA', '0', '0', 'Lahan Gambut', '0', 'pambudisidiq@gmail.com', '2020-02-14 10:26:46', 'pambudisidiq@gmail.com', '2020-02-14 10:26:46'),
	('20.02.11, F.Th.191', '0011/LP Balittanah/02/2020', 166, 'SAMPLE/0votcMbuDl', 'Total 177 sampel', '2020-01-20 00:00:00', 'SESAYAP', 'KEC. SESAYAP HILIR', 'KAB. TANA TIDUNG', 'PROV. KALIMANTAN UTARA', '0', '0', 'Lahan Gambut', '0', 'pambudisidiq@gmail.com', '2020-02-14 10:26:46', 'pambudisidiq@gmail.com', '2020-02-14 10:26:46'),
	('20.02.11, F.Th.192', '0011/LP Balittanah/02/2020', 167, 'SAMPLE/EfhbPnBfk5', 'Total 177 sampel', '2020-01-20 00:00:00', 'SESAYAP', 'KEC. SESAYAP HILIR', 'KAB. TANA TIDUNG', 'PROV. KALIMANTAN UTARA', '0', '0', 'Lahan Gambut', '0', 'pambudisidiq@gmail.com', '2020-02-14 10:26:46', 'pambudisidiq@gmail.com', '2020-02-14 10:26:46'),
	('20.02.11, F.Th.193', '0011/LP Balittanah/02/2020', 168, 'SAMPLE/esCeYNOCA6', 'Total 177 sampel', '2020-01-20 00:00:00', 'SESAYAP', 'KEC. SESAYAP HILIR', 'KAB. TANA TIDUNG', 'PROV. KALIMANTAN UTARA', '0', '0', 'Lahan Gambut', '0', 'pambudisidiq@gmail.com', '2020-02-14 10:26:46', 'pambudisidiq@gmail.com', '2020-02-14 10:26:46'),
	('20.02.11, F.Th.194', '0011/LP Balittanah/02/2020', 169, 'SAMPLE/KKyUSrAGcV', 'Total 177 sampel', '2020-01-20 00:00:00', 'SESAYAP', 'KEC. SESAYAP HILIR', 'KAB. TANA TIDUNG', 'PROV. KALIMANTAN UTARA', '0', '0', 'Lahan Gambut', '0', 'pambudisidiq@gmail.com', '2020-02-14 10:26:46', 'pambudisidiq@gmail.com', '2020-02-14 10:26:46'),
	('20.02.11, F.Th.195', '0011/LP Balittanah/02/2020', 170, 'SAMPLE/ImwQOoYWN6', 'Total 177 sampel', '2020-01-20 00:00:00', 'SESAYAP', 'KEC. SESAYAP HILIR', 'KAB. TANA TIDUNG', 'PROV. KALIMANTAN UTARA', '0', '0', 'Lahan Gambut', '0', 'pambudisidiq@gmail.com', '2020-02-14 10:26:46', 'pambudisidiq@gmail.com', '2020-02-14 10:26:46'),
	('20.02.11, F.Th.196', '0011/LP Balittanah/02/2020', 171, 'SAMPLE/nn17nH2jEy', 'Total 177 sampel', '2020-01-20 00:00:00', 'SESAYAP', 'KEC. SESAYAP HILIR', 'KAB. TANA TIDUNG', 'PROV. KALIMANTAN UTARA', '0', '0', 'Lahan Gambut', '0', 'pambudisidiq@gmail.com', '2020-02-14 10:26:46', 'pambudisidiq@gmail.com', '2020-02-14 10:26:46'),
	('20.02.11, F.Th.197', '0011/LP Balittanah/02/2020', 172, 'SAMPLE/8I4HI4Qwtz', 'Total 177 sampel', '2020-01-20 00:00:00', 'SESAYAP', 'KEC. SESAYAP HILIR', 'KAB. TANA TIDUNG', 'PROV. KALIMANTAN UTARA', '0', '0', 'Lahan Gambut', '0', 'pambudisidiq@gmail.com', '2020-02-14 10:26:46', 'pambudisidiq@gmail.com', '2020-02-14 10:26:46'),
	('20.02.11, F.Th.198', '0011/LP Balittanah/02/2020', 173, 'SAMPLE/V5dzw36VAL', 'Total 177 sampel', '2020-01-20 00:00:00', 'SESAYAP', 'KEC. SESAYAP HILIR', 'KAB. TANA TIDUNG', 'PROV. KALIMANTAN UTARA', '0', '0', 'Lahan Gambut', '0', 'pambudisidiq@gmail.com', '2020-02-14 10:26:46', 'pambudisidiq@gmail.com', '2020-02-14 10:26:46'),
	('20.02.11, F.Th.199', '0011/LP Balittanah/02/2020', 174, 'SAMPLE/X1YDTyTAHk', 'Total 177 sampel', '2020-01-20 00:00:00', 'SESAYAP', 'KEC. SESAYAP HILIR', 'KAB. TANA TIDUNG', 'PROV. KALIMANTAN UTARA', '0', '0', 'Lahan Gambut', '0', 'pambudisidiq@gmail.com', '2020-02-14 10:26:46', 'pambudisidiq@gmail.com', '2020-02-14 10:26:46'),
	('20.02.11, F.Th.200', '0011/LP Balittanah/02/2020', 175, 'SAMPLE/yscNW9sXhU', 'Total 177 sampel', '2020-01-20 00:00:00', 'SESAYAP', 'KEC. SESAYAP HILIR', 'KAB. TANA TIDUNG', 'PROV. KALIMANTAN UTARA', '0', '0', 'Lahan Gambut', '0', 'pambudisidiq@gmail.com', '2020-02-14 10:26:46', 'pambudisidiq@gmail.com', '2020-02-14 10:26:46'),
	('20.02.11, F.Th.201', '0011/LP Balittanah/02/2020', 176, 'SAMPLE/GCEolrjBLu', 'Total 177 sampel', '2020-01-20 00:00:00', 'SESAYAP', 'KEC. SESAYAP HILIR', 'KAB. TANA TIDUNG', 'PROV. KALIMANTAN UTARA', '0', '0', 'Lahan Gambut', '0', 'pambudisidiq@gmail.com', '2020-02-14 10:26:46', 'pambudisidiq@gmail.com', '2020-02-14 10:26:46'),
	('20.02.11, F.Th.202', '0011/LP Balittanah/02/2020', 177, 'SAMPLE/LfS3KhTBXk', 'Total 177 sampel', '2020-01-20 00:00:00', 'SESAYAP', 'KEC. SESAYAP HILIR', 'KAB. TANA TIDUNG', 'PROV. KALIMANTAN UTARA', '0', '0', 'Lahan Gambut', '0', 'pambudisidiq@gmail.com', '2020-02-14 10:26:46', 'pambudisidiq@gmail.com', '2020-02-14 10:26:46'),
	('20.02.11, F.Th.26', '0011/LP Balittanah/02/2020', 1, 'Kaltara', 'Total 177 sampel', '2020-01-20 00:00:00', 'SESAYAP', 'KEC. SESAYAP HILIR', 'KAB. TANA TIDUNG', 'PROV. KALIMANTAN UTARA', '0', '0', 'Lahan Gambut', '0', 'pambudisidiq@gmail.com', '2020-02-14 10:26:35', 'pambudisidiq@gmail.com', '2020-02-14 10:26:35'),
	('20.02.11, F.Th.27', '0011/LP Balittanah/02/2020', 2, 'SAMPLE/7LaaSaTERY', 'Total 177 sampel', '2020-01-20 00:00:00', 'SESAYAP', 'KEC. SESAYAP HILIR', 'KAB. TANA TIDUNG', 'PROV. KALIMANTAN UTARA', '0', '0', 'Lahan Gambut', '0', 'pambudisidiq@gmail.com', '2020-02-14 10:26:43', 'pambudisidiq@gmail.com', '2020-02-14 10:26:43'),
	('20.02.11, F.Th.28', '0011/LP Balittanah/02/2020', 3, 'SAMPLE/c04vpsAgED', 'Total 177 sampel', '2020-01-20 00:00:00', 'SESAYAP', 'KEC. SESAYAP HILIR', 'KAB. TANA TIDUNG', 'PROV. KALIMANTAN UTARA', '0', '0', 'Lahan Gambut', '0', 'pambudisidiq@gmail.com', '2020-02-14 10:26:43', 'pambudisidiq@gmail.com', '2020-02-14 10:26:43'),
	('20.02.11, F.Th.29', '0011/LP Balittanah/02/2020', 4, 'SAMPLE/32E6bP7eKv', 'Total 177 sampel', '2020-01-20 00:00:00', 'SESAYAP', 'KEC. SESAYAP HILIR', 'KAB. TANA TIDUNG', 'PROV. KALIMANTAN UTARA', '0', '0', 'Lahan Gambut', '0', 'pambudisidiq@gmail.com', '2020-02-14 10:26:43', 'pambudisidiq@gmail.com', '2020-02-14 10:26:43'),
	('20.02.11, F.Th.30', '0011/LP Balittanah/02/2020', 5, 'SAMPLE/6H2MqefeVo', 'Total 177 sampel', '2020-01-20 00:00:00', 'SESAYAP', 'KEC. SESAYAP HILIR', 'KAB. TANA TIDUNG', 'PROV. KALIMANTAN UTARA', '0', '0', 'Lahan Gambut', '0', 'pambudisidiq@gmail.com', '2020-02-14 10:26:43', 'pambudisidiq@gmail.com', '2020-02-14 10:26:43'),
	('20.02.11, F.Th.31', '0011/LP Balittanah/02/2020', 6, 'SAMPLE/ow4OksEBRr', 'Total 177 sampel', '2020-01-20 00:00:00', 'SESAYAP', 'KEC. SESAYAP HILIR', 'KAB. TANA TIDUNG', 'PROV. KALIMANTAN UTARA', '0', '0', 'Lahan Gambut', '0', 'pambudisidiq@gmail.com', '2020-02-14 10:26:43', 'pambudisidiq@gmail.com', '2020-02-14 10:26:43'),
	('20.02.11, F.Th.32', '0011/LP Balittanah/02/2020', 7, 'SAMPLE/zwJwYegd8d', 'Total 177 sampel', '2020-01-20 00:00:00', 'SESAYAP', 'KEC. SESAYAP HILIR', 'KAB. TANA TIDUNG', 'PROV. KALIMANTAN UTARA', '0', '0', 'Lahan Gambut', '0', 'pambudisidiq@gmail.com', '2020-02-14 10:26:43', 'pambudisidiq@gmail.com', '2020-02-14 10:26:43'),
	('20.02.11, F.Th.33', '0011/LP Balittanah/02/2020', 8, 'SAMPLE/dO4x3F7sel', 'Total 177 sampel', '2020-01-20 00:00:00', 'SESAYAP', 'KEC. SESAYAP HILIR', 'KAB. TANA TIDUNG', 'PROV. KALIMANTAN UTARA', '0', '0', 'Lahan Gambut', '0', 'pambudisidiq@gmail.com', '2020-02-14 10:26:43', 'pambudisidiq@gmail.com', '2020-02-14 10:26:43'),
	('20.02.11, F.Th.34', '0011/LP Balittanah/02/2020', 9, 'SAMPLE/nvvqqG80VT', 'Total 177 sampel', '2020-01-20 00:00:00', 'SESAYAP', 'KEC. SESAYAP HILIR', 'KAB. TANA TIDUNG', 'PROV. KALIMANTAN UTARA', '0', '0', 'Lahan Gambut', '0', 'pambudisidiq@gmail.com', '2020-02-14 10:26:43', 'pambudisidiq@gmail.com', '2020-02-14 10:26:43'),
	('20.02.11, F.Th.35', '0011/LP Balittanah/02/2020', 10, 'SAMPLE/mGwt5K7GWk', 'Total 177 sampel', '2020-01-20 00:00:00', 'SESAYAP', 'KEC. SESAYAP HILIR', 'KAB. TANA TIDUNG', 'PROV. KALIMANTAN UTARA', '0', '0', 'Lahan Gambut', '0', 'pambudisidiq@gmail.com', '2020-02-14 10:26:43', 'pambudisidiq@gmail.com', '2020-02-14 10:26:43'),
	('20.02.11, F.Th.36', '0011/LP Balittanah/02/2020', 11, 'SAMPLE/7bfSkICGVP', 'Total 177 sampel', '2020-01-20 00:00:00', 'SESAYAP', 'KEC. SESAYAP HILIR', 'KAB. TANA TIDUNG', 'PROV. KALIMANTAN UTARA', '0', '0', 'Lahan Gambut', '0', 'pambudisidiq@gmail.com', '2020-02-14 10:26:43', 'pambudisidiq@gmail.com', '2020-02-14 10:26:43'),
	('20.02.11, F.Th.37', '0011/LP Balittanah/02/2020', 12, 'SAMPLE/vmwIedatgs', 'Total 177 sampel', '2020-01-20 00:00:00', 'SESAYAP', 'KEC. SESAYAP HILIR', 'KAB. TANA TIDUNG', 'PROV. KALIMANTAN UTARA', '0', '0', 'Lahan Gambut', '0', 'pambudisidiq@gmail.com', '2020-02-14 10:26:43', 'pambudisidiq@gmail.com', '2020-02-14 10:26:43'),
	('20.02.11, F.Th.38', '0011/LP Balittanah/02/2020', 13, 'SAMPLE/grsp1GsKBt', 'Total 177 sampel', '2020-01-20 00:00:00', 'SESAYAP', 'KEC. SESAYAP HILIR', 'KAB. TANA TIDUNG', 'PROV. KALIMANTAN UTARA', '0', '0', 'Lahan Gambut', '0', 'pambudisidiq@gmail.com', '2020-02-14 10:26:43', 'pambudisidiq@gmail.com', '2020-02-14 10:26:43'),
	('20.02.11, F.Th.39', '0011/LP Balittanah/02/2020', 14, 'SAMPLE/HBE4mkqMfR', 'Total 177 sampel', '2020-01-20 00:00:00', 'SESAYAP', 'KEC. SESAYAP HILIR', 'KAB. TANA TIDUNG', 'PROV. KALIMANTAN UTARA', '0', '0', 'Lahan Gambut', '0', 'pambudisidiq@gmail.com', '2020-02-14 10:26:43', 'pambudisidiq@gmail.com', '2020-02-14 10:26:43'),
	('20.02.11, F.Th.40', '0011/LP Balittanah/02/2020', 15, 'SAMPLE/eCefz9lXp2', 'Total 177 sampel', '2020-01-20 00:00:00', 'SESAYAP', 'KEC. SESAYAP HILIR', 'KAB. TANA TIDUNG', 'PROV. KALIMANTAN UTARA', '0', '0', 'Lahan Gambut', '0', 'pambudisidiq@gmail.com', '2020-02-14 10:26:43', 'pambudisidiq@gmail.com', '2020-02-14 10:26:43'),
	('20.02.11, F.Th.41', '0011/LP Balittanah/02/2020', 16, 'SAMPLE/JNzEeQS11N', 'Total 177 sampel', '2020-01-20 00:00:00', 'SESAYAP', 'KEC. SESAYAP HILIR', 'KAB. TANA TIDUNG', 'PROV. KALIMANTAN UTARA', '0', '0', 'Lahan Gambut', '0', 'pambudisidiq@gmail.com', '2020-02-14 10:26:43', 'pambudisidiq@gmail.com', '2020-02-14 10:26:43'),
	('20.02.11, F.Th.42', '0011/LP Balittanah/02/2020', 17, 'SAMPLE/q2eDh3QCw3', 'Total 177 sampel', '2020-01-20 00:00:00', 'SESAYAP', 'KEC. SESAYAP HILIR', 'KAB. TANA TIDUNG', 'PROV. KALIMANTAN UTARA', '0', '0', 'Lahan Gambut', '0', 'pambudisidiq@gmail.com', '2020-02-14 10:26:43', 'pambudisidiq@gmail.com', '2020-02-14 10:26:43'),
	('20.02.11, F.Th.43', '0011/LP Balittanah/02/2020', 18, 'SAMPLE/XyozoOnnY1', 'Total 177 sampel', '2020-01-20 00:00:00', 'SESAYAP', 'KEC. SESAYAP HILIR', 'KAB. TANA TIDUNG', 'PROV. KALIMANTAN UTARA', '0', '0', 'Lahan Gambut', '0', 'pambudisidiq@gmail.com', '2020-02-14 10:26:43', 'pambudisidiq@gmail.com', '2020-02-14 10:26:43'),
	('20.02.11, F.Th.44', '0011/LP Balittanah/02/2020', 19, 'SAMPLE/xEwJS4baYF', 'Total 177 sampel', '2020-01-20 00:00:00', 'SESAYAP', 'KEC. SESAYAP HILIR', 'KAB. TANA TIDUNG', 'PROV. KALIMANTAN UTARA', '0', '0', 'Lahan Gambut', '0', 'pambudisidiq@gmail.com', '2020-02-14 10:26:43', 'pambudisidiq@gmail.com', '2020-02-14 10:26:43'),
	('20.02.11, F.Th.45', '0011/LP Balittanah/02/2020', 20, 'SAMPLE/CyUBBnxK7F', 'Total 177 sampel', '2020-01-20 00:00:00', 'SESAYAP', 'KEC. SESAYAP HILIR', 'KAB. TANA TIDUNG', 'PROV. KALIMANTAN UTARA', '0', '0', 'Lahan Gambut', '0', 'pambudisidiq@gmail.com', '2020-02-14 10:26:43', 'pambudisidiq@gmail.com', '2020-02-14 10:26:43'),
	('20.02.11, F.Th.46', '0011/LP Balittanah/02/2020', 21, 'SAMPLE/sRCvdkzarA', 'Total 177 sampel', '2020-01-20 00:00:00', 'SESAYAP', 'KEC. SESAYAP HILIR', 'KAB. TANA TIDUNG', 'PROV. KALIMANTAN UTARA', '0', '0', 'Lahan Gambut', '0', 'pambudisidiq@gmail.com', '2020-02-14 10:26:43', 'pambudisidiq@gmail.com', '2020-02-14 10:26:43'),
	('20.02.11, F.Th.47', '0011/LP Balittanah/02/2020', 22, 'SAMPLE/DGc9rVFFTo', 'Total 177 sampel', '2020-01-20 00:00:00', 'SESAYAP', 'KEC. SESAYAP HILIR', 'KAB. TANA TIDUNG', 'PROV. KALIMANTAN UTARA', '0', '0', 'Lahan Gambut', '0', 'pambudisidiq@gmail.com', '2020-02-14 10:26:43', 'pambudisidiq@gmail.com', '2020-02-14 10:26:43'),
	('20.02.11, F.Th.48', '0011/LP Balittanah/02/2020', 23, 'SAMPLE/1QM0AANW7b', 'Total 177 sampel', '2020-01-20 00:00:00', 'SESAYAP', 'KEC. SESAYAP HILIR', 'KAB. TANA TIDUNG', 'PROV. KALIMANTAN UTARA', '0', '0', 'Lahan Gambut', '0', 'pambudisidiq@gmail.com', '2020-02-14 10:26:43', 'pambudisidiq@gmail.com', '2020-02-14 10:26:43'),
	('20.02.11, F.Th.49', '0011/LP Balittanah/02/2020', 24, 'SAMPLE/rLptIObaFI', 'Total 177 sampel', '2020-01-20 00:00:00', 'SESAYAP', 'KEC. SESAYAP HILIR', 'KAB. TANA TIDUNG', 'PROV. KALIMANTAN UTARA', '0', '0', 'Lahan Gambut', '0', 'pambudisidiq@gmail.com', '2020-02-14 10:26:43', 'pambudisidiq@gmail.com', '2020-02-14 10:26:43'),
	('20.02.11, F.Th.50', '0011/LP Balittanah/02/2020', 25, 'SAMPLE/EbSzc6wUkP', 'Total 177 sampel', '2020-01-20 00:00:00', 'SESAYAP', 'KEC. SESAYAP HILIR', 'KAB. TANA TIDUNG', 'PROV. KALIMANTAN UTARA', '0', '0', 'Lahan Gambut', '0', 'pambudisidiq@gmail.com', '2020-02-14 10:26:43', 'pambudisidiq@gmail.com', '2020-02-14 10:26:43'),
	('20.02.11, F.Th.51', '0011/LP Balittanah/02/2020', 26, 'SAMPLE/Q11SOLeL4N', 'Total 177 sampel', '2020-01-20 00:00:00', 'SESAYAP', 'KEC. SESAYAP HILIR', 'KAB. TANA TIDUNG', 'PROV. KALIMANTAN UTARA', '0', '0', 'Lahan Gambut', '0', 'pambudisidiq@gmail.com', '2020-02-14 10:26:43', 'pambudisidiq@gmail.com', '2020-02-14 10:26:43'),
	('20.02.11, F.Th.52', '0011/LP Balittanah/02/2020', 27, 'SAMPLE/HMcqj1rSBL', 'Total 177 sampel', '2020-01-20 00:00:00', 'SESAYAP', 'KEC. SESAYAP HILIR', 'KAB. TANA TIDUNG', 'PROV. KALIMANTAN UTARA', '0', '0', 'Lahan Gambut', '0', 'pambudisidiq@gmail.com', '2020-02-14 10:26:43', 'pambudisidiq@gmail.com', '2020-02-14 10:26:43'),
	('20.02.11, F.Th.53', '0011/LP Balittanah/02/2020', 28, 'SAMPLE/TFamS07oXE', 'Total 177 sampel', '2020-01-20 00:00:00', 'SESAYAP', 'KEC. SESAYAP HILIR', 'KAB. TANA TIDUNG', 'PROV. KALIMANTAN UTARA', '0', '0', 'Lahan Gambut', '0', 'pambudisidiq@gmail.com', '2020-02-14 10:26:43', 'pambudisidiq@gmail.com', '2020-02-14 10:26:43'),
	('20.02.11, F.Th.54', '0011/LP Balittanah/02/2020', 29, 'SAMPLE/d2MruAUGO7', 'Total 177 sampel', '2020-01-20 00:00:00', 'SESAYAP', 'KEC. SESAYAP HILIR', 'KAB. TANA TIDUNG', 'PROV. KALIMANTAN UTARA', '0', '0', 'Lahan Gambut', '0', 'pambudisidiq@gmail.com', '2020-02-14 10:26:43', 'pambudisidiq@gmail.com', '2020-02-14 10:26:43'),
	('20.02.11, F.Th.55', '0011/LP Balittanah/02/2020', 30, 'SAMPLE/JAf1a28Dqk', 'Total 177 sampel', '2020-01-20 00:00:00', 'SESAYAP', 'KEC. SESAYAP HILIR', 'KAB. TANA TIDUNG', 'PROV. KALIMANTAN UTARA', '0', '0', 'Lahan Gambut', '0', 'pambudisidiq@gmail.com', '2020-02-14 10:26:43', 'pambudisidiq@gmail.com', '2020-02-14 10:26:43'),
	('20.02.11, F.Th.56', '0011/LP Balittanah/02/2020', 31, 'SAMPLE/PNuI6m1PaX', 'Total 177 sampel', '2020-01-20 00:00:00', 'SESAYAP', 'KEC. SESAYAP HILIR', 'KAB. TANA TIDUNG', 'PROV. KALIMANTAN UTARA', '0', '0', 'Lahan Gambut', '0', 'pambudisidiq@gmail.com', '2020-02-14 10:26:43', 'pambudisidiq@gmail.com', '2020-02-14 10:26:43'),
	('20.02.11, F.Th.57', '0011/LP Balittanah/02/2020', 32, 'SAMPLE/N1XAKOaV5S', 'Total 177 sampel', '2020-01-20 00:00:00', 'SESAYAP', 'KEC. SESAYAP HILIR', 'KAB. TANA TIDUNG', 'PROV. KALIMANTAN UTARA', '0', '0', 'Lahan Gambut', '0', 'pambudisidiq@gmail.com', '2020-02-14 10:26:43', 'pambudisidiq@gmail.com', '2020-02-14 10:26:43'),
	('20.02.11, F.Th.58', '0011/LP Balittanah/02/2020', 33, 'SAMPLE/gUdDcuAjk1', 'Total 177 sampel', '2020-01-20 00:00:00', 'SESAYAP', 'KEC. SESAYAP HILIR', 'KAB. TANA TIDUNG', 'PROV. KALIMANTAN UTARA', '0', '0', 'Lahan Gambut', '0', 'pambudisidiq@gmail.com', '2020-02-14 10:26:43', 'pambudisidiq@gmail.com', '2020-02-14 10:26:43'),
	('20.02.11, F.Th.59', '0011/LP Balittanah/02/2020', 34, 'SAMPLE/1D7MYAIdvj', 'Total 177 sampel', '2020-01-20 00:00:00', 'SESAYAP', 'KEC. SESAYAP HILIR', 'KAB. TANA TIDUNG', 'PROV. KALIMANTAN UTARA', '0', '0', 'Lahan Gambut', '0', 'pambudisidiq@gmail.com', '2020-02-14 10:26:43', 'pambudisidiq@gmail.com', '2020-02-14 10:26:43'),
	('20.02.11, F.Th.60', '0011/LP Balittanah/02/2020', 35, 'SAMPLE/IeG1uSLOrv', 'Total 177 sampel', '2020-01-20 00:00:00', 'SESAYAP', 'KEC. SESAYAP HILIR', 'KAB. TANA TIDUNG', 'PROV. KALIMANTAN UTARA', '0', '0', 'Lahan Gambut', '0', 'pambudisidiq@gmail.com', '2020-02-14 10:26:43', 'pambudisidiq@gmail.com', '2020-02-14 10:26:43'),
	('20.02.11, F.Th.61', '0011/LP Balittanah/02/2020', 36, 'SAMPLE/2nIHd4J0GM', 'Total 177 sampel', '2020-01-20 00:00:00', 'SESAYAP', 'KEC. SESAYAP HILIR', 'KAB. TANA TIDUNG', 'PROV. KALIMANTAN UTARA', '0', '0', 'Lahan Gambut', '0', 'pambudisidiq@gmail.com', '2020-02-14 10:26:44', 'pambudisidiq@gmail.com', '2020-02-14 10:26:44'),
	('20.02.11, F.Th.62', '0011/LP Balittanah/02/2020', 37, 'SAMPLE/USEj6l3kLl', 'Total 177 sampel', '2020-01-20 00:00:00', 'SESAYAP', 'KEC. SESAYAP HILIR', 'KAB. TANA TIDUNG', 'PROV. KALIMANTAN UTARA', '0', '0', 'Lahan Gambut', '0', 'pambudisidiq@gmail.com', '2020-02-14 10:26:44', 'pambudisidiq@gmail.com', '2020-02-14 10:26:44'),
	('20.02.11, F.Th.63', '0011/LP Balittanah/02/2020', 38, 'SAMPLE/g6AVkcpnlt', 'Total 177 sampel', '2020-01-20 00:00:00', 'SESAYAP', 'KEC. SESAYAP HILIR', 'KAB. TANA TIDUNG', 'PROV. KALIMANTAN UTARA', '0', '0', 'Lahan Gambut', '0', 'pambudisidiq@gmail.com', '2020-02-14 10:26:44', 'pambudisidiq@gmail.com', '2020-02-14 10:26:44'),
	('20.02.11, F.Th.64', '0011/LP Balittanah/02/2020', 39, 'SAMPLE/RU1Y9O5AJ4', 'Total 177 sampel', '2020-01-20 00:00:00', 'SESAYAP', 'KEC. SESAYAP HILIR', 'KAB. TANA TIDUNG', 'PROV. KALIMANTAN UTARA', '0', '0', 'Lahan Gambut', '0', 'pambudisidiq@gmail.com', '2020-02-14 10:26:44', 'pambudisidiq@gmail.com', '2020-02-14 10:26:44'),
	('20.02.11, F.Th.65', '0011/LP Balittanah/02/2020', 40, 'SAMPLE/0RHSx0Jx4l', 'Total 177 sampel', '2020-01-20 00:00:00', 'SESAYAP', 'KEC. SESAYAP HILIR', 'KAB. TANA TIDUNG', 'PROV. KALIMANTAN UTARA', '0', '0', 'Lahan Gambut', '0', 'pambudisidiq@gmail.com', '2020-02-14 10:26:44', 'pambudisidiq@gmail.com', '2020-02-14 10:26:44'),
	('20.02.11, F.Th.66', '0011/LP Balittanah/02/2020', 41, 'SAMPLE/YBdhp6VVxb', 'Total 177 sampel', '2020-01-20 00:00:00', 'SESAYAP', 'KEC. SESAYAP HILIR', 'KAB. TANA TIDUNG', 'PROV. KALIMANTAN UTARA', '0', '0', 'Lahan Gambut', '0', 'pambudisidiq@gmail.com', '2020-02-14 10:26:44', 'pambudisidiq@gmail.com', '2020-02-14 10:26:44'),
	('20.02.11, F.Th.67', '0011/LP Balittanah/02/2020', 42, 'SAMPLE/PxQn4a1Pls', 'Total 177 sampel', '2020-01-20 00:00:00', 'SESAYAP', 'KEC. SESAYAP HILIR', 'KAB. TANA TIDUNG', 'PROV. KALIMANTAN UTARA', '0', '0', 'Lahan Gambut', '0', 'pambudisidiq@gmail.com', '2020-02-14 10:26:44', 'pambudisidiq@gmail.com', '2020-02-14 10:26:44'),
	('20.02.11, F.Th.68', '0011/LP Balittanah/02/2020', 43, 'SAMPLE/pCLQtzyRyv', 'Total 177 sampel', '2020-01-20 00:00:00', 'SESAYAP', 'KEC. SESAYAP HILIR', 'KAB. TANA TIDUNG', 'PROV. KALIMANTAN UTARA', '0', '0', 'Lahan Gambut', '0', 'pambudisidiq@gmail.com', '2020-02-14 10:26:44', 'pambudisidiq@gmail.com', '2020-02-14 10:26:44'),
	('20.02.11, F.Th.69', '0011/LP Balittanah/02/2020', 44, 'SAMPLE/C1saDqQTKc', 'Total 177 sampel', '2020-01-20 00:00:00', 'SESAYAP', 'KEC. SESAYAP HILIR', 'KAB. TANA TIDUNG', 'PROV. KALIMANTAN UTARA', '0', '0', 'Lahan Gambut', '0', 'pambudisidiq@gmail.com', '2020-02-14 10:26:44', 'pambudisidiq@gmail.com', '2020-02-14 10:26:44'),
	('20.02.11, F.Th.70', '0011/LP Balittanah/02/2020', 45, 'SAMPLE/2jdHoCavXx', 'Total 177 sampel', '2020-01-20 00:00:00', 'SESAYAP', 'KEC. SESAYAP HILIR', 'KAB. TANA TIDUNG', 'PROV. KALIMANTAN UTARA', '0', '0', 'Lahan Gambut', '0', 'pambudisidiq@gmail.com', '2020-02-14 10:26:44', 'pambudisidiq@gmail.com', '2020-02-14 10:26:44'),
	('20.02.11, F.Th.71', '0011/LP Balittanah/02/2020', 46, 'SAMPLE/84nM4w0xXY', 'Total 177 sampel', '2020-01-20 00:00:00', 'SESAYAP', 'KEC. SESAYAP HILIR', 'KAB. TANA TIDUNG', 'PROV. KALIMANTAN UTARA', '0', '0', 'Lahan Gambut', '0', 'pambudisidiq@gmail.com', '2020-02-14 10:26:44', 'pambudisidiq@gmail.com', '2020-02-14 10:26:44'),
	('20.02.11, F.Th.72', '0011/LP Balittanah/02/2020', 47, 'SAMPLE/HdxcJYfQSO', 'Total 177 sampel', '2020-01-20 00:00:00', 'SESAYAP', 'KEC. SESAYAP HILIR', 'KAB. TANA TIDUNG', 'PROV. KALIMANTAN UTARA', '0', '0', 'Lahan Gambut', '0', 'pambudisidiq@gmail.com', '2020-02-14 10:26:44', 'pambudisidiq@gmail.com', '2020-02-14 10:26:44'),
	('20.02.11, F.Th.73', '0011/LP Balittanah/02/2020', 48, 'SAMPLE/ugegzgzdD0', 'Total 177 sampel', '2020-01-20 00:00:00', 'SESAYAP', 'KEC. SESAYAP HILIR', 'KAB. TANA TIDUNG', 'PROV. KALIMANTAN UTARA', '0', '0', 'Lahan Gambut', '0', 'pambudisidiq@gmail.com', '2020-02-14 10:26:44', 'pambudisidiq@gmail.com', '2020-02-14 10:26:44'),
	('20.02.11, F.Th.74', '0011/LP Balittanah/02/2020', 49, 'SAMPLE/yd4bwHNPfg', 'Total 177 sampel', '2020-01-20 00:00:00', 'SESAYAP', 'KEC. SESAYAP HILIR', 'KAB. TANA TIDUNG', 'PROV. KALIMANTAN UTARA', '0', '0', 'Lahan Gambut', '0', 'pambudisidiq@gmail.com', '2020-02-14 10:26:44', 'pambudisidiq@gmail.com', '2020-02-14 10:26:44'),
	('20.02.11, F.Th.75', '0011/LP Balittanah/02/2020', 50, 'SAMPLE/zu6VEYUb7z', 'Total 177 sampel', '2020-01-20 00:00:00', 'SESAYAP', 'KEC. SESAYAP HILIR', 'KAB. TANA TIDUNG', 'PROV. KALIMANTAN UTARA', '0', '0', 'Lahan Gambut', '0', 'pambudisidiq@gmail.com', '2020-02-14 10:26:44', 'pambudisidiq@gmail.com', '2020-02-14 10:26:44'),
	('20.02.11, F.Th.76', '0011/LP Balittanah/02/2020', 51, 'SAMPLE/xuLjd10fnX', 'Total 177 sampel', '2020-01-20 00:00:00', 'SESAYAP', 'KEC. SESAYAP HILIR', 'KAB. TANA TIDUNG', 'PROV. KALIMANTAN UTARA', '0', '0', 'Lahan Gambut', '0', 'pambudisidiq@gmail.com', '2020-02-14 10:26:44', 'pambudisidiq@gmail.com', '2020-02-14 10:26:44'),
	('20.02.11, F.Th.77', '0011/LP Balittanah/02/2020', 52, 'SAMPLE/7W47AElwPb', 'Total 177 sampel', '2020-01-20 00:00:00', 'SESAYAP', 'KEC. SESAYAP HILIR', 'KAB. TANA TIDUNG', 'PROV. KALIMANTAN UTARA', '0', '0', 'Lahan Gambut', '0', 'pambudisidiq@gmail.com', '2020-02-14 10:26:44', 'pambudisidiq@gmail.com', '2020-02-14 10:26:44'),
	('20.02.11, F.Th.78', '0011/LP Balittanah/02/2020', 53, 'SAMPLE/kALLp9ksLK', 'Total 177 sampel', '2020-01-20 00:00:00', 'SESAYAP', 'KEC. SESAYAP HILIR', 'KAB. TANA TIDUNG', 'PROV. KALIMANTAN UTARA', '0', '0', 'Lahan Gambut', '0', 'pambudisidiq@gmail.com', '2020-02-14 10:26:44', 'pambudisidiq@gmail.com', '2020-02-14 10:26:44'),
	('20.02.11, F.Th.79', '0011/LP Balittanah/02/2020', 54, 'SAMPLE/vxfdDeBU8F', 'Total 177 sampel', '2020-01-20 00:00:00', 'SESAYAP', 'KEC. SESAYAP HILIR', 'KAB. TANA TIDUNG', 'PROV. KALIMANTAN UTARA', '0', '0', 'Lahan Gambut', '0', 'pambudisidiq@gmail.com', '2020-02-14 10:26:44', 'pambudisidiq@gmail.com', '2020-02-14 10:26:44'),
	('20.02.11, F.Th.80', '0011/LP Balittanah/02/2020', 55, 'SAMPLE/RICrlMA9va', 'Total 177 sampel', '2020-01-20 00:00:00', 'SESAYAP', 'KEC. SESAYAP HILIR', 'KAB. TANA TIDUNG', 'PROV. KALIMANTAN UTARA', '0', '0', 'Lahan Gambut', '0', 'pambudisidiq@gmail.com', '2020-02-14 10:26:44', 'pambudisidiq@gmail.com', '2020-02-14 10:26:44'),
	('20.02.11, F.Th.81', '0011/LP Balittanah/02/2020', 56, 'SAMPLE/Pzw6p7R94d', 'Total 177 sampel', '2020-01-20 00:00:00', 'SESAYAP', 'KEC. SESAYAP HILIR', 'KAB. TANA TIDUNG', 'PROV. KALIMANTAN UTARA', '0', '0', 'Lahan Gambut', '0', 'pambudisidiq@gmail.com', '2020-02-14 10:26:44', 'pambudisidiq@gmail.com', '2020-02-14 10:26:44'),
	('20.02.11, F.Th.82', '0011/LP Balittanah/02/2020', 57, 'SAMPLE/PHEMDKQ0Dw', 'Total 177 sampel', '2020-01-20 00:00:00', 'SESAYAP', 'KEC. SESAYAP HILIR', 'KAB. TANA TIDUNG', 'PROV. KALIMANTAN UTARA', '0', '0', 'Lahan Gambut', '0', 'pambudisidiq@gmail.com', '2020-02-14 10:26:44', 'pambudisidiq@gmail.com', '2020-02-14 10:26:44'),
	('20.02.11, F.Th.83', '0011/LP Balittanah/02/2020', 58, 'SAMPLE/cyxkuM7vCM', 'Total 177 sampel', '2020-01-20 00:00:00', 'SESAYAP', 'KEC. SESAYAP HILIR', 'KAB. TANA TIDUNG', 'PROV. KALIMANTAN UTARA', '0', '0', 'Lahan Gambut', '0', 'pambudisidiq@gmail.com', '2020-02-14 10:26:44', 'pambudisidiq@gmail.com', '2020-02-14 10:26:44'),
	('20.02.11, F.Th.84', '0011/LP Balittanah/02/2020', 59, 'SAMPLE/Jm7L46blXG', 'Total 177 sampel', '2020-01-20 00:00:00', 'SESAYAP', 'KEC. SESAYAP HILIR', 'KAB. TANA TIDUNG', 'PROV. KALIMANTAN UTARA', '0', '0', 'Lahan Gambut', '0', 'pambudisidiq@gmail.com', '2020-02-14 10:26:44', 'pambudisidiq@gmail.com', '2020-02-14 10:26:44'),
	('20.02.11, F.Th.85', '0011/LP Balittanah/02/2020', 60, 'SAMPLE/wC15YldYWJ', 'Total 177 sampel', '2020-01-20 00:00:00', 'SESAYAP', 'KEC. SESAYAP HILIR', 'KAB. TANA TIDUNG', 'PROV. KALIMANTAN UTARA', '0', '0', 'Lahan Gambut', '0', 'pambudisidiq@gmail.com', '2020-02-14 10:26:44', 'pambudisidiq@gmail.com', '2020-02-14 10:26:44'),
	('20.02.11, F.Th.86', '0011/LP Balittanah/02/2020', 61, 'SAMPLE/6JF98sbmLM', 'Total 177 sampel', '2020-01-20 00:00:00', 'SESAYAP', 'KEC. SESAYAP HILIR', 'KAB. TANA TIDUNG', 'PROV. KALIMANTAN UTARA', '0', '0', 'Lahan Gambut', '0', 'pambudisidiq@gmail.com', '2020-02-14 10:26:44', 'pambudisidiq@gmail.com', '2020-02-14 10:26:44'),
	('20.02.11, F.Th.87', '0011/LP Balittanah/02/2020', 62, 'SAMPLE/9xHrDEK2SH', 'Total 177 sampel', '2020-01-20 00:00:00', 'SESAYAP', 'KEC. SESAYAP HILIR', 'KAB. TANA TIDUNG', 'PROV. KALIMANTAN UTARA', '0', '0', 'Lahan Gambut', '0', 'pambudisidiq@gmail.com', '2020-02-14 10:26:44', 'pambudisidiq@gmail.com', '2020-02-14 10:26:44'),
	('20.02.11, F.Th.88', '0011/LP Balittanah/02/2020', 63, 'SAMPLE/IGb79KGCwk', 'Total 177 sampel', '2020-01-20 00:00:00', 'SESAYAP', 'KEC. SESAYAP HILIR', 'KAB. TANA TIDUNG', 'PROV. KALIMANTAN UTARA', '0', '0', 'Lahan Gambut', '0', 'pambudisidiq@gmail.com', '2020-02-14 10:26:44', 'pambudisidiq@gmail.com', '2020-02-14 10:26:44'),
	('20.02.11, F.Th.89', '0011/LP Balittanah/02/2020', 64, 'SAMPLE/IhH3PaQ8NM', 'Total 177 sampel', '2020-01-20 00:00:00', 'SESAYAP', 'KEC. SESAYAP HILIR', 'KAB. TANA TIDUNG', 'PROV. KALIMANTAN UTARA', '0', '0', 'Lahan Gambut', '0', 'pambudisidiq@gmail.com', '2020-02-14 10:26:44', 'pambudisidiq@gmail.com', '2020-02-14 10:26:44'),
	('20.02.11, F.Th.90', '0011/LP Balittanah/02/2020', 65, 'SAMPLE/40ImG95KBu', 'Total 177 sampel', '2020-01-20 00:00:00', 'SESAYAP', 'KEC. SESAYAP HILIR', 'KAB. TANA TIDUNG', 'PROV. KALIMANTAN UTARA', '0', '0', 'Lahan Gambut', '0', 'pambudisidiq@gmail.com', '2020-02-14 10:26:44', 'pambudisidiq@gmail.com', '2020-02-14 10:26:44'),
	('20.02.11, F.Th.91', '0011/LP Balittanah/02/2020', 66, 'SAMPLE/JmgqazHH9x', 'Total 177 sampel', '2020-01-20 00:00:00', 'SESAYAP', 'KEC. SESAYAP HILIR', 'KAB. TANA TIDUNG', 'PROV. KALIMANTAN UTARA', '0', '0', 'Lahan Gambut', '0', 'pambudisidiq@gmail.com', '2020-02-14 10:26:44', 'pambudisidiq@gmail.com', '2020-02-14 10:26:44'),
	('20.02.11, F.Th.92', '0011/LP Balittanah/02/2020', 67, 'SAMPLE/UJ0Be2YNLD', 'Total 177 sampel', '2020-01-20 00:00:00', 'SESAYAP', 'KEC. SESAYAP HILIR', 'KAB. TANA TIDUNG', 'PROV. KALIMANTAN UTARA', '0', '0', 'Lahan Gambut', '0', 'pambudisidiq@gmail.com', '2020-02-14 10:26:44', 'pambudisidiq@gmail.com', '2020-02-14 10:26:44'),
	('20.02.11, F.Th.93', '0011/LP Balittanah/02/2020', 68, 'SAMPLE/XMpfMS80Ba', 'Total 177 sampel', '2020-01-20 00:00:00', 'SESAYAP', 'KEC. SESAYAP HILIR', 'KAB. TANA TIDUNG', 'PROV. KALIMANTAN UTARA', '0', '0', 'Lahan Gambut', '0', 'pambudisidiq@gmail.com', '2020-02-14 10:26:44', 'pambudisidiq@gmail.com', '2020-02-14 10:26:44'),
	('20.02.11, F.Th.94', '0011/LP Balittanah/02/2020', 69, 'SAMPLE/P6abLwbs3r', 'Total 177 sampel', '2020-01-20 00:00:00', 'SESAYAP', 'KEC. SESAYAP HILIR', 'KAB. TANA TIDUNG', 'PROV. KALIMANTAN UTARA', '0', '0', 'Lahan Gambut', '0', 'pambudisidiq@gmail.com', '2020-02-14 10:26:44', 'pambudisidiq@gmail.com', '2020-02-14 10:26:44'),
	('20.02.11, F.Th.95', '0011/LP Balittanah/02/2020', 70, 'SAMPLE/Cj8q1vaghO', 'Total 177 sampel', '2020-01-20 00:00:00', 'SESAYAP', 'KEC. SESAYAP HILIR', 'KAB. TANA TIDUNG', 'PROV. KALIMANTAN UTARA', '0', '0', 'Lahan Gambut', '0', 'pambudisidiq@gmail.com', '2020-02-14 10:26:44', 'pambudisidiq@gmail.com', '2020-02-14 10:26:44'),
	('20.02.11, F.Th.96', '0011/LP Balittanah/02/2020', 71, 'SAMPLE/lr88G76bMr', 'Total 177 sampel', '2020-01-20 00:00:00', 'SESAYAP', 'KEC. SESAYAP HILIR', 'KAB. TANA TIDUNG', 'PROV. KALIMANTAN UTARA', '0', '0', 'Lahan Gambut', '0', 'pambudisidiq@gmail.com', '2020-02-14 10:26:44', 'pambudisidiq@gmail.com', '2020-02-14 10:26:44'),
	('20.02.11, F.Th.97', '0011/LP Balittanah/02/2020', 72, 'SAMPLE/ARg8RYIX0R', 'Total 177 sampel', '2020-01-20 00:00:00', 'SESAYAP', 'KEC. SESAYAP HILIR', 'KAB. TANA TIDUNG', 'PROV. KALIMANTAN UTARA', '0', '0', 'Lahan Gambut', '0', 'pambudisidiq@gmail.com', '2020-02-14 10:26:44', 'pambudisidiq@gmail.com', '2020-02-14 10:26:44'),
	('20.02.11, F.Th.98', '0011/LP Balittanah/02/2020', 73, 'SAMPLE/0HUuaON9os', 'Total 177 sampel', '2020-01-20 00:00:00', 'SESAYAP', 'KEC. SESAYAP HILIR', 'KAB. TANA TIDUNG', 'PROV. KALIMANTAN UTARA', '0', '0', 'Lahan Gambut', '0', 'pambudisidiq@gmail.com', '2020-02-14 10:26:44', 'pambudisidiq@gmail.com', '2020-02-14 10:26:44'),
	('20.02.11, F.Th.99', '0011/LP Balittanah/02/2020', 74, 'SAMPLE/S1SW1y7cEO', 'Total 177 sampel', '2020-01-20 00:00:00', 'SESAYAP', 'KEC. SESAYAP HILIR', 'KAB. TANA TIDUNG', 'PROV. KALIMANTAN UTARA', '0', '0', 'Lahan Gambut', '0', 'pambudisidiq@gmail.com', '2020-02-14 10:26:44', 'pambudisidiq@gmail.com', '2020-02-14 10:26:44'),
	('20.02.12, K.T.203', '0012/LP Balittanah/02/2020', 1, 'sample1', 'q2', '2020-02-11 00:00:00', 'ALUE BAGOK', 'KEC. ARONGAN LAMBALEK', 'KAB. ACEH BARAT', 'PROV. ACEH', '0', '0', 'Air', '1', 'galihyprtm@gmail.com', '2020-02-24 10:41:47', 'galihyprtm@gmail.com', '2020-02-24 10:41:47'),
	('20.02.13, K.T.204', '0013/LP Balittanah/02/2020', 1, 'samplex', 'e1', '2020-02-11 00:00:00', 'ALUE BAGOK', 'KEC. ARONGAN LAMBALEK', 'KAB. ACEH BARAT', 'PROV. ACEH', '0', '0', 'Air', '1', 'galihyprtm@gmail.com', '2020-02-24 11:29:33', 'galihyprtm@gmail.com', '2020-02-24 11:29:33'),
	('20.02.6, K.P.10', '0006/LP Balittanah/02/2020', 1, 'karang taruna RW 011', 'Cair', '2020-02-06 00:00:00', 'WARAKAS', 'KEC. TANJUNG PRIOK', 'KOTA JAKARTA UTARA', 'PROV. D.K.I. JAKARTA', '0', '0', 'Pupuk Organik', '0', 'Zuhriansyahsiregar@gmail.com', '2020-02-06 14:51:59', 'Zuhriansyahsiregar@gmail.com', '2020-02-06 14:51:59'),
	('20.02.7, K.Th.11', '0007/LP Balittanah/02/2020', 1, 'SAMPLE 2', '', '2020-02-13 00:00:00', 'ALUE BAGOK', 'KEC. ARONGAN LAMBALEK', 'KAB. ACEH BARAT', 'PROV. ACEH', '0', '0', 'Air', '0', 'kustomer1@outlook.co.id', '2020-02-07 15:47:14', 'kustomer1@outlook.co.id', '2020-02-07 15:47:14'),
	('20.02.7, K.Th.12', '0007/LP Balittanah/02/2020', 2, 'SAMPLE/62PTMffcFG', '', '2020-02-13 00:00:00', 'ALUE BAGOK', 'KEC. ARONGAN LAMBALEK', 'KAB. ACEH BARAT', 'PROV. ACEH', '0', '0', 'Air', '0', 'kustomer1@outlook.co.id', '2020-02-07 15:47:28', 'kustomer1@outlook.co.id', '2020-02-07 15:47:28'),
	('20.02.7, K.Th.13', '0007/LP Balittanah/02/2020', 3, 'SAMPLE/IT9b47ltyP', '', '2020-02-13 00:00:00', 'ALUE BAGOK', 'KEC. ARONGAN LAMBALEK', 'KAB. ACEH BARAT', 'PROV. ACEH', '0', '0', 'Air', '0', 'kustomer1@outlook.co.id', '2020-02-07 15:47:28', 'kustomer1@outlook.co.id', '2020-02-07 15:47:28'),
	('20.02.7, K.Th.14', '0007/LP Balittanah/02/2020', 4, 'SAMPLE/erdCx7mjDv', '', '2020-02-13 00:00:00', 'ALUE BAGOK', 'KEC. ARONGAN LAMBALEK', 'KAB. ACEH BARAT', 'PROV. ACEH', '0', '0', 'Air', '0', 'kustomer1@outlook.co.id', '2020-02-07 15:47:28', 'kustomer1@outlook.co.id', '2020-02-07 15:47:28'),
	('20.02.7, K.Th.15', '0007/LP Balittanah/02/2020', 5, 'SAMPLE/YU6BtHx35S', '', '2020-02-13 00:00:00', 'ALUE BAGOK', 'KEC. ARONGAN LAMBALEK', 'KAB. ACEH BARAT', 'PROV. ACEH', '0', '0', 'Air', '0', 'kustomer1@outlook.co.id', '2020-02-07 15:47:28', 'kustomer1@outlook.co.id', '2020-02-07 15:47:28'),
	('20.02.7, K.Th.16', '0007/LP Balittanah/02/2020', 6, 'SAMPLE/w0xLQIhVHR', '', '2020-02-13 00:00:00', 'ALUE BAGOK', 'KEC. ARONGAN LAMBALEK', 'KAB. ACEH BARAT', 'PROV. ACEH', '0', '0', 'Air', '0', 'kustomer1@outlook.co.id', '2020-02-07 15:47:28', 'kustomer1@outlook.co.id', '2020-02-07 15:47:28'),
	('20.02.7, K.Th.17', '0007/LP Balittanah/02/2020', 7, 'SAMPLE/hXO6LPYnwO', '', '2020-02-13 00:00:00', 'ALUE BAGOK', 'KEC. ARONGAN LAMBALEK', 'KAB. ACEH BARAT', 'PROV. ACEH', '0', '0', 'Air', '0', 'kustomer1@outlook.co.id', '2020-02-07 15:47:28', 'kustomer1@outlook.co.id', '2020-02-07 15:47:28'),
	('20.02.7, K.Th.18', '0007/LP Balittanah/02/2020', 8, 'SAMPLE/46JlRXXHSx', '', '2020-02-13 00:00:00', 'ALUE BAGOK', 'KEC. ARONGAN LAMBALEK', 'KAB. ACEH BARAT', 'PROV. ACEH', '0', '0', 'Air', '0', 'kustomer1@outlook.co.id', '2020-02-07 15:47:28', 'kustomer1@outlook.co.id', '2020-02-07 15:47:28'),
	('20.02.7, K.Th.19', '0007/LP Balittanah/02/2020', 9, 'SAMPLE/JrxPto3CVY', '', '2020-02-13 00:00:00', 'ALUE BAGOK', 'KEC. ARONGAN LAMBALEK', 'KAB. ACEH BARAT', 'PROV. ACEH', '0', '0', 'Air', '0', 'kustomer1@outlook.co.id', '2020-02-07 15:47:28', 'kustomer1@outlook.co.id', '2020-02-07 15:47:28'),
	('20.02.7, K.Th.20', '0007/LP Balittanah/02/2020', 10, 'SAMPLE/0zKUnbf90N', '', '2020-02-13 00:00:00', 'ALUE BAGOK', 'KEC. ARONGAN LAMBALEK', 'KAB. ACEH BARAT', 'PROV. ACEH', '0', '0', 'Air', '0', 'kustomer1@outlook.co.id', '2020-02-07 15:47:28', 'kustomer1@outlook.co.id', '2020-02-07 15:47:28'),
	('20.02.7, K.Th.21', '0007/LP Balittanah/02/2020', 11, 'SAMPLE/RkGrYArn33', '', '2020-02-13 00:00:00', 'ALUE BAGOK', 'KEC. ARONGAN LAMBALEK', 'KAB. ACEH BARAT', 'PROV. ACEH', '0', '0', 'Air', '0', 'kustomer1@outlook.co.id', '2020-02-07 15:47:28', 'kustomer1@outlook.co.id', '2020-02-07 15:47:28'),
	('20.02.8, B.P.22', '0008/LP Balittanah/02/2020', 1, 'NOGAN + P', 'organik padat', '2020-02-10 00:00:00', 'KEDUNGJAYA', 'KEC. TANAH SAREAL', 'KOTA BOGOR', 'PROV. JAWA BARAT', '0', '0', 'Pupuk Organik', '0', 'llaborattoriiummiikrobiollogii@gmail.com', '2020-02-10 08:54:39', 'llaborattoriiummiikrobiollogii@gmail.com', '2020-02-10 08:54:39'),
	('20.02.9, K.Th.23', '0009/LP Balittanah/02/2020', 1, 'Sample 1', 'Kajian Padi Jagung Lebak', '2020-02-06 00:00:00', 'CILEGONG ILIR', 'KEC. BANJARSARI', 'KAB. LEBAK', 'PROV. BANTEN', '0', '0', 'Tanah', '0', 'andysaryoko@yahoo.com', '2020-02-10 13:49:21', 'andysaryoko@yahoo.com', '2020-02-10 13:49:21'),
	('20.02.9, K.Th.24', '0009/LP Balittanah/02/2020', 2, 'Sample 2', 'Kajian Padi Jagung Lebak', '2020-02-06 00:00:00', 'CILEGONG ILIR', 'KEC. BANJARSARI', 'KAB. LEBAK', 'PROV. BANTEN', '0', '0', 'Tanah', '0', 'andysaryoko@yahoo.com', '2020-02-10 13:49:34', 'andysaryoko@yahoo.com', '2020-02-10 13:49:34'),
	('20.03.14, K.T.205', '0014/LP Balittanah/03/2020', 1, 'sampleX', 'TEST training', '2020-03-11 00:00:00', 'ALUE BAGOK', 'KEC. ARONGAN LAMBALEK', 'KAB. ACEH BARAT', 'PROV. ACEH', '0', '0', 'Air', '1', 'galihyprtm@gmail.com', '2020-03-16 21:54:21', 'galihyprtm@gmail.com', '2020-03-16 21:54:21'),
	('20.03.15, K.T.206', '0015/LP Balittanah/03/2020', 1, 'trainingSample', 'TEST untuk training', '2020-03-09 00:00:00', 'ALUE BAGOK', 'KEC. ARONGAN LAMBALEK', 'KAB. ACEH BARAT', 'PROV. ACEH', '0', '0', 'Air', '1', 'galihyprtm@gmail.com', '2020-03-17 07:52:25', 'galihyprtm@gmail.com', '2020-03-17 07:52:25'),
	('20.03.16, K.Th.207', '0016/LP Balittanah/03/2020', 1, 'testSample2', 'untuk training', '2020-03-09 00:00:00', 'ALUE BAGOK', 'KEC. ARONGAN LAMBALEK', 'KAB. ACEH BARAT', 'PROV. ACEH', '0', '0', 'Air', '1', 'galihyprtm@gmail.com', '2020-03-17 07:55:34', 'galihyprtm@gmail.com', '2020-03-17 07:55:34'),
	('20.03.17, K.T.208', '0017/LP Balittanah/03/2020', 1, 'sampleTraining3', 'sample training', '2020-03-11 00:00:00', 'ALUE BAGOK', 'KEC. ARONGAN LAMBALEK', 'KAB. ACEH BARAT', 'PROV. ACEH', '0', '0', 'Air', '1', 'galihyprtm@gmail.com', '2020-03-17 08:09:25', 'galihyprtm@gmail.com', '2020-03-17 08:09:25'),
	('20.03.18, K.Th.209', '0018/LP Balittanah/03/2020', 1, 'trainingSample4', 'sample training', '2020-03-03 00:00:00', 'ALUE BAGOK', 'KEC. ARONGAN LAMBALEK', 'KAB. ACEH BARAT', 'PROV. ACEH', '0', '0', 'Air', '1', 'galihyprtm@gmail.com', '2020-03-17 08:12:42', 'galihyprtm@gmail.com', '2020-03-17 08:12:42'),
	('20.03.19, K.P.O210', '0019/LP Balittanah/03/2020', 1, 'sampleTraining2', '', '2020-03-09 00:00:00', 'ALUE BAGOK', 'KEC. ARONGAN LAMBALEK', 'KAB. ACEH BARAT', 'PROV. ACEH', '0', '0', 'Air', '1', 'galihyprtm@gmail.com', '2020-03-17 08:29:36', 'galihyprtm@gmail.com', '2020-03-17 08:29:36'),
	('20.03.20, K.P.A211', '0020/LP Balittanah/03/2020', 1, 'sampleTraining3', 'test training', '2020-03-05 00:00:00', 'ALUE BAGOK', 'KEC. ARONGAN LAMBALEK', 'KAB. ACEH BARAT', 'PROV. ACEH', '0', '0', 'Air', '1', 'galihyprtm@gmail.com', '2020-03-17 08:36:19', 'galihyprtm@gmail.com', '2020-03-17 08:36:19'),
	('20.03.21, B.Th.212', '0021/LP Balittanah/03/2020', 1, 'sample1customer', '', '2020-03-17 00:00:00', 'ALUE BAGOK', 'KEC. ARONGAN LAMBALEK', 'KAB. ACEH BARAT', 'PROV. ACEH', '12', '11', 'Lahan Sawah', '1', 'kustomer1@outlook.co.id', '2020-03-17 10:31:50', 'kustomer1@outlook.co.id', '2020-03-17 10:31:50'),
	('20.03.21, B.Th.213', '0021/LP Balittanah/03/2020', 2, 'sample2customer', '', '2020-03-17 00:00:00', 'ALUE BAGOK', 'KEC. ARONGAN LAMBALEK', 'KAB. ACEH BARAT', 'PROV. ACEH', '12', '11', 'Lahan Sawah', '1', 'kustomer1@outlook.co.id', '2020-03-17 10:32:23', 'kustomer1@outlook.co.id', '2020-03-17 10:32:23'),
	('20.03.22, F.Th.214', '0022/LP Balittanah/03/2020', 1, 'sample1customer', '', '2020-03-17 00:00:00', 'ALUE BAGOK', 'KEC. ARONGAN LAMBALEK', 'KAB. ACEH BARAT', 'PROV. ACEH', '12', '11', 'Lahan Hutan', '1', 'kustomer1@outlook.co.id', '2020-03-17 10:34:16', 'kustomer1@outlook.co.id', '2020-03-17 10:34:16'),
	('20.03.22, F.Th.215', '0022/LP Balittanah/03/2020', 2, 'sample2customer', '', '2020-03-17 00:00:00', 'ALUE BAGOK', 'KEC. ARONGAN LAMBALEK', 'KAB. ACEH BARAT', 'PROV. ACEH', '12', '11', 'Lahan Hutan', '1', 'kustomer1@outlook.co.id', '2020-03-17 10:34:21', 'kustomer1@outlook.co.id', '2020-03-17 10:34:21'),
	('20.03.23, K.Th.216', '0023/LP Balittanah/03/2020', 1, 'sample1customer', '', '2020-03-17 00:00:00', 'ALUE BAGOK', 'KEC. ARONGAN LAMBALEK', 'KAB. ACEH BARAT', 'PROV. ACEH', '12', '11', 'Lahan Gambut', '1', 'kustomer1@outlook.co.id', '2020-03-17 10:35:41', 'kustomer1@outlook.co.id', '2020-03-17 10:35:41'),
	('20.03.23, K.Th.217', '0023/LP Balittanah/03/2020', 2, 'sample2customer', '', '2020-03-17 00:00:00', 'ALUE BAGOK', 'KEC. ARONGAN LAMBALEK', 'KAB. ACEH BARAT', 'PROV. ACEH', '12', '11', 'Lahan Gambut', '1', 'kustomer1@outlook.co.id', '2020-03-17 10:36:07', 'kustomer1@outlook.co.id', '2020-03-17 10:36:07'),
	('20.03.24, M.Th.218', '0024/LP Balittanah/03/2020', 1, 'sample1customer', '', '2020-03-17 00:00:00', 'ALUE BAGOK', 'KEC. ARONGAN LAMBALEK', 'KAB. ACEH BARAT', 'PROV. ACEH', '0', '0', 'Lahan Hutan', '1', 'kustomer1@outlook.co.id', '2020-03-17 10:37:28', 'kustomer1@outlook.co.id', '2020-03-17 10:37:28'),
	('20.03.24, M.Th.219', '0024/LP Balittanah/03/2020', 2, 'sample2customer', '', '2020-03-17 00:00:00', 'ALUE BAGOK', 'KEC. ARONGAN LAMBALEK', 'KAB. ACEH BARAT', 'PROV. ACEH', '0', '0', 'Lahan Hutan', '1', 'kustomer1@outlook.co.id', '2020-03-17 10:37:36', 'kustomer1@outlook.co.id', '2020-03-17 10:37:36'),
	('20.03.25, B.Th.220', '0025/LP Balittanah/03/2020', 1, 'sample1customer', '', '2020-03-17 00:00:00', 'ALUE BAGOK', 'KEC. ARONGAN LAMBALEK', 'KAB. ACEH BARAT', 'PROV. ACEH', '12', '12', 'Air', '1', 'kustomer1@outlook.co.id', '2020-03-17 11:46:07', 'kustomer1@outlook.co.id', '2020-03-17 11:46:07'),
	('20.03.25, B.Th.221', '0025/LP Balittanah/03/2020', 2, 'sample2customer', '', '2020-03-17 00:00:00', 'ALUE BAGOK', 'KEC. ARONGAN LAMBALEK', 'KAB. ACEH BARAT', 'PROV. ACEH', '12', '12', 'Air', '1', 'kustomer1@outlook.co.id', '2020-03-17 11:46:12', 'kustomer1@outlook.co.id', '2020-03-17 11:46:12'),
	('20.03.26, K.T.222', '0026/LP Balittanah/03/2020', 1, 'sampleA1', '', '2020-03-09 00:00:00', 'ALUE BAGOK', 'KEC. ARONGAN LAMBALEK', 'KAB. ACEH BARAT', 'PROV. ACEH', '0', '0', 'Air', '1', 'galihyprtm@gmail.com', '2020-03-17 12:16:13', 'galihyprtm@gmail.com', '2020-03-17 12:16:13'),
	('20.03.27, K.Th.223', '0027/LP Balittanah/03/2020', 1, 'sampleTanahr', '', '2020-03-09 00:00:00', 'ALUE BAGOK', 'KEC. ARONGAN LAMBALEK', 'KAB. ACEH BARAT', 'PROV. ACEH', '0', '0', 'Tanah', '1', 'galihyprtm@gmail.com', '2020-03-17 12:18:42', 'galihyprtm@gmail.com', '2020-03-17 12:18:42'),
	('20.03.28, K.P.A224', '0028/LP Balittanah/03/2020', 1, 'samplePAn', 'training', '2020-03-08 00:00:00', 'ALUE BAGOK', 'KEC. ARONGAN LAMBALEK', 'KAB. ACEH BARAT', 'PROV. ACEH', '0', '0', 'Air', '1', 'galihyprtm@gmail.com', '2020-03-17 12:45:49', 'galihyprtm@gmail.com', '2020-03-17 12:45:49'),
	('20.03.29, K.P.O225', '0029/LP Balittanah/03/2020', 1, 'anorganik', '', '2020-03-10 00:00:00', 'ALUE BAGOK', 'KEC. ARONGAN LAMBALEK', 'KAB. ACEH BARAT', 'PROV. ACEH', '0', '0', 'Air', '1', 'galihyprtm@gmail.com', '2020-03-17 12:47:12', 'galihyprtm@gmail.com', '2020-03-17 12:47:12'),
	('20.03.30, K.A226', '0030/LP Balittanah/03/2020', 1, 'sampleAir', '', '2020-03-04 00:00:00', 'ALUE BAGOK', 'KEC. ARONGAN LAMBALEK', 'KAB. ACEH BARAT', 'PROV. ACEH', '0', '0', 'Air', '1', 'galihyprtm@gmail.com', '2020-03-17 12:48:42', 'galihyprtm@gmail.com', '2020-03-17 12:48:42');
/*!40000 ALTER TABLE `ordersampletbl` ENABLE KEYS */;

-- Dumping structure for table smlpob.packagedetailtbl
DROP TABLE IF EXISTS `packagedetailtbl`;
CREATE TABLE IF NOT EXISTS `packagedetailtbl` (
  `PackageDetailTbl` int(11) NOT NULL AUTO_INCREMENT,
  `packageName` varchar(255) DEFAULT NULL,
  `elementId` int(11) DEFAULT NULL,
  `compulsive` char(1) DEFAULT NULL,
  PRIMARY KEY (`PackageDetailTbl`),
  KEY `PackageDetailTbltoPackageTbl` (`packageName`),
  KEY `PackageDetailTbltoElementServicesTbl` (`elementId`),
  CONSTRAINT `PackageDetailTbltoElementServicesTbl` FOREIGN KEY (`elementId`) REFERENCES `elementservicestbl` (`elementid`),
  CONSTRAINT `PackageDetailTbltoPackageTbl` FOREIGN KEY (`packageName`) REFERENCES `packagetbl` (`packageName`)
) ENGINE=InnoDB DEFAULT CHARSET=latin1;

-- Dumping data for table smlpob.packagedetailtbl: ~0 rows (approximately)
DELETE FROM `packagedetailtbl`;
/*!40000 ALTER TABLE `packagedetailtbl` DISABLE KEYS */;
/*!40000 ALTER TABLE `packagedetailtbl` ENABLE KEYS */;

-- Dumping structure for table smlpob.packagetbl
DROP TABLE IF EXISTS `packagetbl`;
CREATE TABLE IF NOT EXISTS `packagetbl` (
  `packageName` varchar(255) NOT NULL,
  `comodityNo` int(11) DEFAULT NULL,
  `analysisTypeName` varchar(255) DEFAULT NULL,
  `multipleSelectedItem` char(1) DEFAULT NULL,
  `bundlePrice` decimal(12,2) DEFAULT NULL,
  `additionalPrice1` decimal(12,2) DEFAULT NULL,
  `additionalPrice2` decimal(12,2) DEFAULT NULL,
  `additionalPriceDesc1` varchar(255) DEFAULT NULL,
  `additionalPriceDesc2` varchar(255) DEFAULT NULL,
  PRIMARY KEY (`packageName`),
  KEY `PackageTbltoComodityTbl` (`comodityNo`),
  KEY `PackageTbltoAnalysisTypeTbl` (`analysisTypeName`),
  CONSTRAINT `PackageTbltoAnalysisTypeTbl` FOREIGN KEY (`analysisTypeName`) REFERENCES `analysistypetbl` (`analysisTypeName`),
  CONSTRAINT `PackageTbltoComodityTbl` FOREIGN KEY (`comodityNo`) REFERENCES `comoditytbl` (`comodityNo`)
) ENGINE=InnoDB DEFAULT CHARSET=latin1;

-- Dumping data for table smlpob.packagetbl: ~7 rows (approximately)
DELETE FROM `packagetbl`;
/*!40000 ALTER TABLE `packagetbl` DISABLE KEYS */;
INSERT INTO `packagetbl` (`packageName`, `comodityNo`, `analysisTypeName`, `multipleSelectedItem`, `bundlePrice`, `additionalPrice1`, `additionalPrice2`, `additionalPriceDesc1`, `additionalPriceDesc2`) VALUES
	('ASAM HUMAT Cair', 2, 'Kimia', '1', 454000.00, NULL, NULL, NULL, NULL),
	('ASAM HUMAT PADAT ', 1, 'Kimia', '1', 568000.00, NULL, NULL, NULL, NULL),
	('Pupuk Hayati Tunggal Ektomikoriza (Kepmentan 261/KPTS/SR.310/M/4/2019)', 18, 'Kimia', '1', 425000.00, NULL, NULL, NULL, NULL),
	('Pupuk Hayati Tunggal Endomikoriza Arbuskular (Kepmentan 261/KPTS/SR.310/M/4/2019)', 17, 'Kimia', '1', 575000.00, NULL, NULL, NULL, NULL),
	('PUPUK ORGANIK CAIR (Kepmentan 261/KPTS/SR.310/M/4/2019)', 15, 'Kimia', '1', 1150000.00, NULL, NULL, NULL, NULL),
	('PUPUK ORGANIK PADAT (Kepmentan 261/KPTS/SR.310/M/4/2019) (DIPERKAYA MIKROBA)', 14, 'Kimia', '1', 1096000.00, NULL, NULL, NULL, NULL),
	('PUPUK ORGANIK PADAT (SNI 7763:2018)  (TANPA DIPERKAYA MIKROBA)', 13, 'Kimia', '1', 1024000.00, NULL, NULL, NULL, NULL);
/*!40000 ALTER TABLE `packagetbl` ENABLE KEYS */;

-- Dumping structure for table smlpob.parameterstbl
DROP TABLE IF EXISTS `parameterstbl`;
CREATE TABLE IF NOT EXISTS `parameterstbl` (
  `parametersNo` int(11) NOT NULL AUTO_INCREMENT,
  `string0` varchar(255) DEFAULT NULL,
  `string1` varchar(255) DEFAULT NULL,
  `string2` varchar(255) DEFAULT NULL,
  `string3` varchar(255) DEFAULT NULL,
  `string4` varchar(255) DEFAULT NULL,
  `string5` varchar(255) DEFAULT NULL,
  `string6` varchar(255) DEFAULT NULL,
  `string7` varchar(255) DEFAULT NULL,
  `string8` varchar(255) DEFAULT NULL,
  `string9` varchar(255) DEFAULT NULL,
  `creaBy` varchar(255) DEFAULT NULL,
  `creaDate` datetime DEFAULT NULL,
  `modBy` varchar(255) DEFAULT NULL,
  `modDate` datetime DEFAULT NULL,
  PRIMARY KEY (`parametersNo`)
) ENGINE=InnoDB AUTO_INCREMENT=4 DEFAULT CHARSET=latin1;

-- Dumping data for table smlpob.parameterstbl: ~2 rows (approximately)
DELETE FROM `parameterstbl`;
/*!40000 ALTER TABLE `parameterstbl` DISABLE KEYS */;
INSERT INTO `parameterstbl` (`parametersNo`, `string0`, `string1`, `string2`, `string3`, `string4`, `string5`, `string6`, `string7`, `string8`, `string9`, `creaBy`, `creaDate`, `modBy`, `modDate`) VALUES
	(2, 'a', '', 'b', '1', '2', '', '', '', '', '', '', '2019-12-12 13:18:09', NULL, NULL),
	(3, 'a', '', 'b', '1', '2', '', '', '', '', '', '', '2019-12-12 13:19:49', NULL, NULL);
/*!40000 ALTER TABLE `parameterstbl` ENABLE KEYS */;

-- Dumping structure for table smlpob.paymenttbl
DROP TABLE IF EXISTS `paymenttbl`;
CREATE TABLE IF NOT EXISTS `paymenttbl` (
  `paymentId` bigint(20) NOT NULL AUTO_INCREMENT,
  `status` varchar(50) NOT NULL DEFAULT '0',
  `accountName` varchar(50) DEFAULT NULL,
  `accountNo` varchar(250) DEFAULT NULL,
  `bankName` varchar(50) DEFAULT NULL,
  `paymentReceiptUrl` varchar(250) DEFAULT NULL,
  `amount` decimal(12,2) DEFAULT NULL,
  `orderNo` varchar(50) DEFAULT NULL,
  `name` varchar(250) DEFAULT NULL,
  `attachmentUrl` varchar(350) DEFAULT NULL,
  PRIMARY KEY (`paymentId`)
) ENGINE=InnoDB AUTO_INCREMENT=26 DEFAULT CHARSET=latin1;

-- Dumping data for table smlpob.paymenttbl: ~11 rows (approximately)
DELETE FROM `paymenttbl`;
/*!40000 ALTER TABLE `paymenttbl` DISABLE KEYS */;
INSERT INTO `paymenttbl` (`paymentId`, `status`, `accountName`, `accountNo`, `bankName`, `paymentReceiptUrl`, `amount`, `orderNo`, `name`, `attachmentUrl`) VALUES
	(10, 'Diterima', 'Asma', '547867856355345', 'Bank Rakyat Indonesia (BRI)', 'https://balittanahstorage.blob.core.windows.net/balittanahpelayanan/payment_kustomer1@outlook.co.id_13Des2019_E1HrsafXcNA.jpg', 71000.00, '0090/LP Balittanah/12/2019', 'Asep Surmadi', 'https://balittanahstorage.blob.core.windows.net/balittanahpelayanan/lampiran_bayar_kustomer1@outlook.co.id_13Des2019_wSxrkN1dc3.jpg'),
	(11, 'Diterima', 'sany', '123123123', 'Bank Central Asia (BCA)', 'https://balittanahstorage.blob.core.windows.net/balittanahpelayanan/payment_scarletwitchd28@gmail.com_15Des2019_Ycs3Tbc.jpg', 275000.00, '0091/LP Balittanah/12/2019', 'sany', 'https://balittanahstorage.blob.core.windows.net/balittanahpelayanan/lampiran_bayar_scarletwitchd28@gmail.com_15Des2019_oo0P2S24MxI.jpg'),
	(12, 'Diterima', 'asep', '3425768634', 'Bank Mandiri', 'https://balittanahstorage.blob.core.windows.net/balittanahpelayanan/payment_kustomer1@outlook.co.id_15Des2019_D2nJxSqPbQ13lg.jpg', 53000.00, '0092/LP Balittanah/12/2019', 'Asep Surmadi', 'https://balittanahstorage.blob.core.windows.net/balittanahpelayanan/lampiran_bayar_kustomer1@outlook.co.id_15Des2019_j9sU64Krn1P.jpg'),
	(13, 'Diterima', 'kustomer1', '13300011', 'Bank Mandiri', 'https://balittanahstorage.blob.core.windows.net/balittanahpelayanan/payment_kustomer1@outlook.co.id_16Des2019_D0Ert1Ow9.jpg', 792000.00, '0097/LP Balittanah/12/2019', 'Asep Surmadi', 'https://balittanahstorage.blob.core.windows.net/balittanahpelayanan/lampiran_bayar_kustomer1@outlook.co.id_16Des2019_5uANHM1RDUp34.jpg'),
	(14, 'Diterima', 'kustomer 1', '199999908888', 'Bank Central Asia (BCA)', 'https://balittanahstorage.blob.core.windows.net/balittanahpelayanan/payment_kustomer1@outlook.co.id_18Des2019_g1SCjST.jpg', 58000.00, '0098/LP Balittanah/12/2019', 'Asep Surmadi', 'https://balittanahstorage.blob.core.windows.net/balittanahpelayanan/lampiran_bayar_kustomer1@outlook.co.id_18Des2019_f1CqaUUV.jpg'),
	(15, 'Diterima', 'fitri', '0876443367889', 'Bank Rakyat Indonesia (BRI)', 'https://balittanahstorage.blob.core.windows.net/balittanahpelayanan/payment_kustomer1@outlook.co.id_18Des2019_WcA3gyoB7of2.jpg', 300000.00, '0099/LP Balittanah/12/2019', 'Asep Surmadi', 'https://balittanahstorage.blob.core.windows.net/balittanahpelayanan/lampiran_bayar_kustomer1@outlook.co.id_18Des2019_5Edot5yd.jpg'),
	(16, 'Diterima', 'fitriaah ', '0909976878866892', 'Bank Rakyat Indonesia (BRI)', 'https://balittanahstorage.blob.core.windows.net/balittanahpelayanan/payment_kustomer1@outlook.co.id_23Des2019_D0w7esOBcUpH.jpg', 100000.00, '0101/LP Balittanah/12/2019', 'Asep Surmadi', 'https://balittanahstorage.blob.core.windows.net/balittanahpelayanan/lampiran_bayar_kustomer1@outlook.co.id_23Des2019_JbCpKVcV.jpg'),
	(17, 'Diterima', 'fitriah aja', '99900333882878789287', 'Bank Rakyat Indonesia (BRI)', 'https://balittanahstorage.blob.core.windows.net/balittanahpelayanan/payment_kustomer1@outlook.co.id_24Des2019_khgw5pf0.jpg', 36000.00, '0103/LP Balittanah/12/2019', 'Asep Surmadi', 'https://balittanahstorage.blob.core.windows.net/balittanahpelayanan/lampiran_bayar_kustomer1@outlook.co.id_24Des2019_8PvYFFLD2hzx.jpg'),
	(18, 'Diterima', 'jeje', '123123123', 'Bank Rakyat Indonesia (BRI)', 'https://balittanahstorage.blob.core.windows.net/balittanahpelayanan/payment_kustomer1@outlook.co.id_27Des2019_qmT1sONjajG.jpg', 150000.00, '0100/LP Balittanah/12/2019', 'Asep Surmadi', 'https://balittanahstorage.blob.core.windows.net/balittanahpelayanan/lampiran_bayar_kustomer1@outlook.co.id_27Des2019_mdx0MBuDpn8B.jpg'),
	(19, 'Diterima', 'dma', '234567789', 'Bank Central Asia (BCA)', 'https://balittanahstorage.blob.core.windows.net/balittanahpelayanan/payment_kustomer1@outlook.co.id_28Des2019_aajsINz.PNG', 915000.00, '0109/LP Balittanah/12/2019', 'Asep Surmadi', ''),
	(20, 'Diterima', 'fitriaah', '9988954434768983246', 'Bank Rakyat Indonesia (BRI)', 'https://balittanahstorage.blob.core.windows.net/balittanahpelayanan/payment_kustomer1@outlook.co.id_28Des2019_v1m9RjnNYKO6C.jpg', 78000.00, '0110/LP Balittanah/12/2019', 'Asep Surmadi', ''),
	(21, 'Diterima', 'ndur', '1234567890', 'Bank Rakyat Indonesia (BRI)', 'https://balittanahstorage.blob.core.windows.net/balittanahpelayanan/payment_kustomer1@outlook.co.id_02Jan2020_b7WRa2UFvsV.PNG', 400000.00, '0111/LP Balittanah/01/2020', 'Asep Surmadi', ''),
	(22, 'Diterima', 'ndur', '1234567890', 'Bank Rakyat Indonesia (BRI)', 'https://balittanahstorage.blob.core.windows.net/balittanahpelayanan/payment_kustomer1@outlook.co.id_02Jan2020_Q60yCJh.PNG', 800000.00, '0112/LP Balittanah/01/2020', 'Asep Surmadi', ''),
	(23, 'Diterima', 'Sumardi', '1330037686', 'Bank Mandiri', 'https://balittanahstorage.blob.core.windows.net/balittanahpelayanan/payment_kustomer1@outlook.co.id_06Jan2020_DweBVyK.png', 1000000.00, '0113/LP Balittanah/01/2020', 'Asep Surmadi', 'https://balittanahstorage.blob.core.windows.net/balittanahpelayanan/lampiran_bayar_kustomer1@outlook.co.id_06Jan2020_69OcQ1j3B.pdf'),
	(24, 'Verifikasi', 'risa swandari', '1670002181328', 'Bank Mandiri', 'https://balittanahstorage.blob.core.windows.net/balittanahpelayanan/payment_gintravers10@gmail.com_09Jan2020_8dV0z9ACPag.jpeg', 2484000.00, '0114/LP Balittanah/01/2020', 'geanina adelia', ''),
	(25, 'Diterima', 'PT Inovasi Natural Bio Organik', '3990163609', 'Bank Central Asia (BCA)', 'https://balittanahstorage.blob.core.windows.net/balittanahpelayanan/payment_pt.inovasi.natural.bio.organik@gmail.com_03Feb2020_N0ONgYY4aGoI.jpg', 11500000.00, '0005/LP Balittanah/01/2020', 'Agus Dermawan', 'https://balittanahstorage.blob.core.windows.net/balittanahpelayanan/lampiran_bayar_pt.inovasi.natural.bio.organik@gmail.com_03Feb2020_eX28zBvOHQER.jpg');
/*!40000 ALTER TABLE `paymenttbl` ENABLE KEYS */;

-- Dumping structure for table smlpob.resulttbl
DROP TABLE IF EXISTS `resulttbl`;
CREATE TABLE IF NOT EXISTS `resulttbl` (
  `resultNo` int(11) NOT NULL AUTO_INCREMENT,
  `orderNo` varchar(30) NOT NULL,
  `reviewingNo` int(11) DEFAULT NULL,
  `url` text,
  `fileName` varchar(255) DEFAULT NULL,
  `creaBy` varchar(255) DEFAULT NULL,
  `creaDate` datetime DEFAULT NULL,
  `modBy` varchar(255) DEFAULT NULL,
  `modDate` datetime DEFAULT NULL,
  PRIMARY KEY (`resultNo`),
  KEY `ResultTbltoOrderMasterTbl` (`orderNo`),
  KEY `ResultTbltoReviewingTbl` (`reviewingNo`),
  CONSTRAINT `ResultTbltoOrderMasterTbl` FOREIGN KEY (`orderNo`) REFERENCES `ordermastertbl` (`orderNo`),
  CONSTRAINT `ResultTbltoReviewingTbl` FOREIGN KEY (`reviewingNo`) REFERENCES `reviewingtbl` (`reviewingNo`)
) ENGINE=InnoDB DEFAULT CHARSET=latin1;

-- Dumping data for table smlpob.resulttbl: ~0 rows (approximately)
DELETE FROM `resulttbl`;
/*!40000 ALTER TABLE `resulttbl` DISABLE KEYS */;
/*!40000 ALTER TABLE `resulttbl` ENABLE KEYS */;

-- Dumping structure for table smlpob.reviewingtbl
DROP TABLE IF EXISTS `reviewingtbl`;
CREATE TABLE IF NOT EXISTS `reviewingtbl` (
  `reviewingNo` int(11) NOT NULL AUTO_INCREMENT,
  `orderNo` varchar(30) NOT NULL,
  `elementCodeList` text,
  `reviewingDate` datetime DEFAULT NULL,
  `isLabUtilitySurfficient` char(1) DEFAULT NULL,
  `isHumanResourceSurfficient` char(1) DEFAULT NULL,
  `isChemicalMaterialSurfficent` char(1) DEFAULT NULL,
  `isVolumeCorrect` char(1) DEFAULT NULL,
  `workdays` int(11) DEFAULT NULL,
  `isMethode` char(1) DEFAULT NULL,
  `isQualityStandard` char(1) DEFAULT NULL,
  `creaBy` varchar(255) DEFAULT NULL,
  `creaDate` datetime DEFAULT NULL,
  `modBy` varchar(255) DEFAULT NULL,
  `modDate` datetime DEFAULT NULL,
  PRIMARY KEY (`reviewingNo`)
) ENGINE=InnoDB AUTO_INCREMENT=18 DEFAULT CHARSET=latin1;

-- Dumping data for table smlpob.reviewingtbl: ~0 rows (approximately)
DELETE FROM `reviewingtbl`;
/*!40000 ALTER TABLE `reviewingtbl` DISABLE KEYS */;
/*!40000 ALTER TABLE `reviewingtbl` ENABLE KEYS */;

-- Dumping structure for table smlpob.roletbl
DROP TABLE IF EXISTS `roletbl`;
CREATE TABLE IF NOT EXISTS `roletbl` (
  `roleName` varchar(255) NOT NULL,
  `description` text,
  `creaBy` varchar(255) DEFAULT NULL,
  `creaDate` datetime DEFAULT NULL,
  `modBy` varchar(255) DEFAULT NULL,
  `modDate` datetime DEFAULT NULL,
  PRIMARY KEY (`roleName`)
) ENGINE=InnoDB DEFAULT CHARSET=latin1;

-- Dumping data for table smlpob.roletbl: ~10 rows (approximately)
DELETE FROM `roletbl`;
/*!40000 ALTER TABLE `roletbl` DISABLE KEYS */;
INSERT INTO `roletbl` (`roleName`, `description`, `creaBy`, `creaDate`, `modBy`, `modDate`) VALUES
	('admin', 'hak akses untuk akun admin', '', '2019-08-24 17:02:59', '', '2019-08-27 17:03:19'),
	('analis', 'hak akses untuk analis', '', '2019-08-24 17:23:39', NULL, NULL),
	('BoardTugas', 'hak akses untuk halaman board tugas', '', '2020-01-13 10:20:18', NULL, NULL),
	('cs', 'hak akses untuk cs', ' ', '2019-08-24 17:22:20', NULL, NULL),
	('evaluator', 'hak akses untuk evaluator', '', '2019-08-24 17:23:13', NULL, NULL),
	('kasir', 'hak akses untuk kasir', ' ', '2019-08-24 17:22:20', NULL, NULL),
	('manajer teknis', 'hak akses untuk manajer teknis', '', '2019-08-24 17:22:56', NULL, NULL),
	('pelanggan', 'hak akses untuk pelanggan', '', '2019-08-24 17:21:58', NULL, NULL),
	('penyelia', 'hak akses untuk penyelia', '', '2019-08-24 17:22:20', NULL, NULL),
	('pimpinan', 'akses untuk pimpinan', '', '2019-12-19 09:35:55', NULL, NULL);
/*!40000 ALTER TABLE `roletbl` ENABLE KEYS */;

-- Dumping structure for table smlpob.sampletypetbl
DROP TABLE IF EXISTS `sampletypetbl`;
CREATE TABLE IF NOT EXISTS `sampletypetbl` (
  `typeName` varchar(255) NOT NULL,
  `typeSymbol` char(3) DEFAULT NULL,
  `typeStatus` char(1) DEFAULT NULL,
  PRIMARY KEY (`typeName`)
) ENGINE=InnoDB DEFAULT CHARSET=latin1;

-- Dumping data for table smlpob.sampletypetbl: ~13 rows (approximately)
DELETE FROM `sampletypetbl`;
/*!40000 ALTER TABLE `sampletypetbl` DISABLE KEYS */;
INSERT INTO `sampletypetbl` (`typeName`, `typeSymbol`, `typeStatus`) VALUES
	('Air', 'A', '1'),
	('Lahan Gambut', 'TG', '1'),
	('Lahan Hutan', 'Th', '1'),
	('Lahan Kering', 'Th', '1'),
	('Lahan Lebag', 'Th', '1'),
	('Lahan Sawah', 'Th', '1'),
	('Lahan Sulfat Masam', 'Th', '1'),
	('Pupuk Anorganik Cair', 'P', '1'),
	('Pupuk Anorganik Padat', 'P', '1'),
	('Pupuk Organik', 'P', '1'),
	('Tanah', 'Th', '1'),
	('Tanaman', 'TM', '1');
/*!40000 ALTER TABLE `sampletypetbl` ENABLE KEYS */;

-- Dumping structure for table smlpob.standarddetailtbl
DROP TABLE IF EXISTS `standarddetailtbl`;
CREATE TABLE IF NOT EXISTS `standarddetailtbl` (
  `stdDetailId` int(11) NOT NULL AUTO_INCREMENT,
  `stdId` int(11) NOT NULL,
  `elementId` int(11) NOT NULL,
  `creaBy` varchar(255) DEFAULT NULL,
  `creaDate` datetime DEFAULT NULL,
  `modBy` varchar(255) DEFAULT NULL,
  `modDate` datetime DEFAULT NULL,
  PRIMARY KEY (`stdDetailId`),
  KEY `StandardDetailTbltoStandardTbl` (`stdId`),
  KEY `StandardDetailTbltoElementServicesTbl` (`elementId`),
  CONSTRAINT `StandardDetailTbltoElementServicesTbl` FOREIGN KEY (`elementId`) REFERENCES `elementservicestbl` (`elementid`),
  CONSTRAINT `StandardDetailTbltoStandardTbl` FOREIGN KEY (`stdId`) REFERENCES `standardtbl` (`stdId`)
) ENGINE=InnoDB DEFAULT CHARSET=latin1;

-- Dumping data for table smlpob.standarddetailtbl: ~0 rows (approximately)
DELETE FROM `standarddetailtbl`;
/*!40000 ALTER TABLE `standarddetailtbl` DISABLE KEYS */;
/*!40000 ALTER TABLE `standarddetailtbl` ENABLE KEYS */;

-- Dumping structure for table smlpob.standardtbl
DROP TABLE IF EXISTS `standardtbl`;
CREATE TABLE IF NOT EXISTS `standardtbl` (
  `stdId` int(11) NOT NULL AUTO_INCREMENT,
  `stdNo` varchar(255) NOT NULL,
  `comodityNo` int(11) DEFAULT NULL,
  `creaBy` varchar(255) DEFAULT NULL,
  `creaDate` datetime DEFAULT NULL,
  `modBy` varchar(255) DEFAULT NULL,
  `modDate` datetime DEFAULT NULL,
  PRIMARY KEY (`stdId`),
  KEY `StandartdTbltoComodityTbl` (`comodityNo`),
  CONSTRAINT `StandartdTbltoComodityTbl` FOREIGN KEY (`comodityNo`) REFERENCES `comoditytbl` (`comodityNo`)
) ENGINE=InnoDB DEFAULT CHARSET=latin1;

-- Dumping data for table smlpob.standardtbl: ~0 rows (approximately)
DELETE FROM `standardtbl`;
/*!40000 ALTER TABLE `standardtbl` DISABLE KEYS */;
/*!40000 ALTER TABLE `standardtbl` ENABLE KEYS */;

-- Dumping structure for table smlpob.workflowlogtbl
DROP TABLE IF EXISTS `workflowlogtbl`;
CREATE TABLE IF NOT EXISTS `workflowlogtbl` (
  `workflowLogNo` int(11) NOT NULL AUTO_INCREMENT,
  `resourceNo` varchar(30) NOT NULL,
  `task` varchar(255) DEFAULT NULL,
  `taskDesctiption` text,
  `lastStatus` varchar(255) DEFAULT NULL,
  `message` varchar(255) DEFAULT NULL,
  `creaBy` varchar(255) DEFAULT NULL,
  `creaDate` datetime DEFAULT NULL,
  PRIMARY KEY (`workflowLogNo`)
) ENGINE=InnoDB DEFAULT CHARSET=latin1;

-- Dumping data for table smlpob.workflowlogtbl: ~0 rows (approximately)
DELETE FROM `workflowlogtbl`;
/*!40000 ALTER TABLE `workflowlogtbl` DISABLE KEYS */;
/*!40000 ALTER TABLE `workflowlogtbl` ENABLE KEYS */;

/*!40101 SET SQL_MODE=IFNULL(@OLD_SQL_MODE, '') */;
/*!40014 SET FOREIGN_KEY_CHECKS=IF(@OLD_FOREIGN_KEY_CHECKS IS NULL, 1, @OLD_FOREIGN_KEY_CHECKS) */;
/*!40101 SET CHARACTER_SET_CLIENT=@OLD_CHARACTER_SET_CLIENT */;
